"ISO3","Name","year","ghg_per_capita","share_of_temperature_change_from_ghg","temperature_change_from_ghg","total_ghg","ghg_per_capita_rank","share_of_temperature_change_from_ghg_rank","temperature_change_from_ghg_rank","total_ghg_rank"
"AF","Afghanistan",1995,0.596,0.084,0.001,9.79,183,103,84,132
"AF","Afghanistan",1996,0.634,0.083,0.001,10.84,182,103,84,131
"AF","Afghanistan",1997,0.665,0.082,0.001,11.83,182,103,85,129
"AF","Afghanistan",1998,0.686,0.081,0.001,12.68,182,104,87,129
"AF","Afghanistan",1999,0.706,0.08,0.001,13.59,182,107,87,126
"AF","Afghanistan",2000,0.605,0.079,0.001,11.82,183,108,88,129
"AF","Afghanistan",2001,0.647,0.078,0.001,12.73,183,108,88,127
"AF","Afghanistan",2002,0.732,0.078,0.001,15.38,180,109,88,124
"AF","Afghanistan",2003,0.71,0.077,0.001,16.08,182,110,88,124
"AF","Afghanistan",2004,0.666,0.077,0.001,15.69,184,110,90,125
"AF","Afghanistan",2005,0.687,0.076,0.001,16.76,182,111,92,125
"AF","Afghanistan",2006,0.683,0.076,0.001,17.39,183,110,92,124
"AF","Afghanistan",2007,0.708,0.076,0.001,18.34,182,111,94,123
"AF","Afghanistan",2008,0.812,0.077,0.001,21.47,181,109,94,121
"AF","Afghanistan",2009,0.892,0.077,0.001,24.44,179,109,94,118
"AF","Afghanistan",2010,1.018,0.078,0.001,28.71,179,111,96,108
"AF","Afghanistan",2011,1.101,0.079,0.001,32.2,178,110,96,99
"AF","Afghanistan",2012,1.007,0.079,0.001,30.68,179,110,97,106
"AF","Afghanistan",2013,0.957,0.08,0.001,30.18,181,110,97,107
"AF","Afghanistan",2014,0.945,0.081,0.001,30.92,180,110,97,104
"AF","Afghanistan",2015,0.929,0.081,0.001,31.37,181,109,98,106
"AF","Afghanistan",2016,0.896,0.081,0.001,31.02,181,109,98,112
"AF","Afghanistan",2017,0.895,0.081,0.001,31.91,181,109,100,112
"AF","Afghanistan",2018,0.892,0.082,0.001,32.74,182,109,101,111
"AF","Afghanistan",2019,0.871,0.082,0.001,32.89,182,109,102,111
"AF","Afghanistan",2020,0.802,0.082,0.001,31.27,182,109,103,111
"AF","Afghanistan",2021,NA,0.082,0.001,NA,NA,109,104,NA
"AF","Afghanistan",2022,NA,0.083,0.001,NA,NA,109,104,NA
"AL","Albania",1995,2.311,0.032,0,7.59,146,138,126,140
"AL","Albania",1996,2.238,0.032,0,7.32,147,137,128,141
"AL","Albania",1997,2.025,0.032,0,6.59,152,138,129,146
"AL","Albania",1998,2.11,0.031,0,6.82,151,139,129,144
"AL","Albania",1999,2.503,0.031,0,8.03,143,139,130,140
"AL","Albania",2000,2.646,0.03,0,8.42,137,139,130,138
"AL","Albania",2001,2.22,0.03,0,7,149,139,133,143
"AL","Albania",2002,2.446,0.03,0,7.64,142,139,135,142
"AL","Albania",2003,2.603,0.029,0,8.05,139,140,135,141
"AL","Albania",2004,2.651,0.029,0,8.12,137,140,135,141
"AL","Albania",2005,2.602,0.028,0,7.89,140,140,135,141
"AL","Albania",2006,2.597,0.028,0,7.8,140,141,135,145
"AL","Albania",2007,2.644,0.028,0,7.87,144,141,136,145
"AL","Albania",2008,2.578,0.027,0,7.61,142,143,136,145
"AL","Albania",2009,2.621,0.027,0,7.68,142,144,136,144
"AL","Albania",2010,2.787,0.026,0,8.12,137,145,135,142
"AL","Albania",2011,3.023,0.026,0,8.77,132,145,135,142
"AL","Albania",2012,2.842,0.026,0,8.22,134,146,136,145
"AL","Albania",2013,2.927,0.025,0,8.45,132,146,137,145
"AL","Albania",2014,3.082,0.025,0,8.89,130,146,138,144
"AL","Albania",2015,2.97,0.025,0,8.56,132,146,138,144
"AL","Albania",2016,3.106,0.025,0,8.95,134,146,138,146
"AL","Albania",2017,3.362,0.024,0,9.68,124,146,138,144
"AL","Albania",2018,3.278,0.024,0,9.43,127,146,139,146
"AL","Albania",2019,3.114,0.024,0,8.95,132,146,139,147
"AL","Albania",2020,2.811,0.024,0,8.06,134,146,140,147
"AL","Albania",2021,NA,0.023,0,NA,NA,147,142,NA
"AL","Albania",2022,NA,0.023,0,NA,NA,146,142,NA
"DZ","Algeria",1995,5.068,0.356,0.004,144.32,104,44,38,37
"DZ","Algeria",1996,5.1,0.362,0.004,147.82,101,43,40,37
"DZ","Algeria",1997,4.99,0.367,0.004,147.08,102,43,40,38
"DZ","Algeria",1998,4.978,0.371,0.004,148.96,102,42,41,36
"DZ","Algeria",1999,5.05,0.375,0.004,153.25,102,42,42,36
"DZ","Algeria",2000,5.289,0.38,0.004,162.77,95,42,42,35
"DZ","Algeria",2001,5.025,0.383,0.004,156.77,95,42,42,37
"DZ","Algeria",2002,5.161,0.385,0.005,163.22,94,42,37,37
"DZ","Algeria",2003,5.509,0.388,0.005,176.59,90,42,37,36
"DZ","Algeria",2004,5.549,0.39,0.005,180.39,90,42,37,36
"DZ","Algeria",2005,5.697,0.392,0.005,187.74,89,42,37,36
"DZ","Algeria",2006,5.844,0.394,0.005,195.39,86,42,37,36
"DZ","Algeria",2007,5.849,0.395,0.005,198.76,86,42,37,36
"DZ","Algeria",2008,5.896,0.397,0.005,203.82,85,41,39,35
"DZ","Algeria",2009,5.844,0.397,0.005,205.68,86,41,40,35
"DZ","Algeria",2010,5.817,0.397,0.005,208.56,85,41,40,35
"DZ","Algeria",2011,5.907,0.397,0.005,215.86,87,42,40,33
"DZ","Algeria",2012,6.291,0.397,0.006,234.41,75,42,36,32
"DZ","Algeria",2013,6.289,0.397,0.006,239,74,42,36,32
"DZ","Algeria",2014,6.495,0.398,0.006,251.73,68,42,37,32
"DZ","Algeria",2015,6.603,0.397,0.006,261.12,65,42,37,30
"DZ","Algeria",2016,6.524,0.398,0.006,263.19,73,42,37,32
"DZ","Algeria",2017,6.469,0.398,0.006,266.11,77,43,38,32
"DZ","Algeria",2018,6.544,0.4,0.006,274.38,76,43,39,32
"DZ","Algeria",2019,6.543,0.4,0.006,279.43,74,43,42,33
"DZ","Algeria",2020,6.145,0.4,0.006,267.01,75,43,43,31
"DZ","Algeria",2021,NA,0.401,0.006,NA,NA,43,43,NA
"DZ","Algeria",2022,NA,0.403,0.007,NA,NA,43,38,NA
"AD","Andorra",1995,7.308,0,0,0.46,71,179,126,170
"AD","Andorra",1996,7.636,0,0,0.49,67,179,128,170
"AD","Andorra",1997,7.882,0.001,0,0.51,67,171,129,170
"AD","Andorra",1998,8.282,0.001,0,0.54,62,171,129,169
"AD","Andorra",1999,8.679,0.001,0,0.57,58,171,130,168
"AD","Andorra",2000,8.924,0.001,0,0.59,53,171,130,167
"AD","Andorra",2001,8.697,0.001,0,0.59,52,171,133,167
"AD","Andorra",2002,8.466,0.001,0,0.6,55,171,135,168
"AD","Andorra",2003,8.251,0.001,0,0.61,58,172,135,168
"AD","Andorra",2004,8.317,0.001,0,0.64,57,172,135,168
"AD","Andorra",2005,8.266,0.001,0,0.66,59,172,135,169
"AD","Andorra",2006,7.976,0.001,0,0.64,62,172,135,169
"AD","Andorra",2007,8.186,0.001,0,0.64,61,172,136,170
"AD","Andorra",2008,8.413,0.001,0,0.64,59,172,136,170
"AD","Andorra",2009,8.392,0.001,0,0.62,57,172,136,170
"AD","Andorra",2010,8.806,0.001,0,0.63,55,172,135,172
"AD","Andorra",2011,8.5,0.001,0,0.6,55,172,135,172
"AD","Andorra",2012,8.447,0.001,0,0.6,55,172,136,172
"AD","Andorra",2013,8.265,0.001,0,0.59,55,172,137,172
"AD","Andorra",2014,7.956,0.001,0,0.57,56,172,138,173
"AD","Andorra",2015,8.082,0.001,0,0.58,53,172,138,173
"AD","Andorra",2016,8.131,0.001,0,0.59,59,172,138,175
"AD","Andorra",2017,7.989,0.001,0,0.59,61,172,138,177
"AD","Andorra",2018,8.263,0.001,0,0.62,57,172,139,177
"AD","Andorra",2019,7.988,0.001,0,0.61,57,172,139,177
"AD","Andorra",2020,7.462,0.001,0,0.58,56,172,140,176
"AD","Andorra",2021,NA,0.001,0,NA,NA,172,142,NA
"AD","Andorra",2022,NA,0.001,0,NA,NA,172,142,NA
"AO","Angola",1995,5.663,0.346,0.004,78.78,95,45,38,58
"AO","Angola",1996,5.681,0.351,0.004,81.71,91,45,40,57
"AO","Angola",1997,5.434,0.356,0.004,80.81,97,45,40,56
"AO","Angola",1998,5.872,0.361,0.004,90.24,92,43,41,52
"AO","Angola",1999,5.532,0.366,0.004,87.8,91,43,42,54
"AO","Angola",2000,4.976,0.371,0.004,81.57,99,43,42,56
"AO","Angola",2001,6.139,0.376,0.004,104,82,43,42,49
"AO","Angola",2002,6.174,0.382,0.005,108.15,84,43,37,50
"AO","Angola",2003,6.331,0.387,0.005,114.75,80,43,37,49
"AO","Angola",2004,6.297,0.393,0.005,118.2,84,41,37,48
"AO","Angola",2005,6.113,0.399,0.005,118.91,83,40,37,51
"AO","Angola",2006,5.784,0.403,0.005,116.62,88,40,37,51
"AO","Angola",2007,5.801,0.407,0.005,121.3,88,39,37,48
"AO","Angola",2008,5.729,0.411,0.005,124.26,88,39,39,46
"AO","Angola",2009,5.645,0.416,0.006,127.06,88,38,36,45
"AO","Angola",2010,5.641,0.42,0.006,131.8,88,38,36,45
"AO","Angola",2011,5.4,0.423,0.006,130.99,97,38,36,45
"AO","Angola",2012,5.17,0.426,0.006,130.23,99,38,36,46
"AO","Angola",2013,5.061,0.429,0.006,132.34,99,38,36,46
"AO","Angola",2014,4.951,0.429,0.006,134.32,99,38,37,46
"AO","Angola",2015,4.997,0.429,0.006,140.55,97,38,37,46
"AO","Angola",2016,4.718,0.428,0.006,137.55,106,38,37,46
"AO","Angola",2017,4.505,0.427,0.006,136.1,108,38,38,46
"AO","Angola",2018,3.907,0.424,0.007,122.18,118,38,35,50
"AO","Angola",2019,4.017,0.421,0.007,129.96,118,41,35,48
"AO","Angola",2020,3.572,0.418,0.007,119.41,119,41,36,51
"AO","Angola",2021,NA,0.415,0.007,NA,NA,41,37,NA
"AO","Angola",2022,NA,0.412,0.007,NA,NA,41,38,NA
"AG","Antigua and Barbuda",1995,6.139,0.001,0,0.42,88,171,126,171
"AG","Antigua and Barbuda",1996,6.445,0.001,0,0.45,82,171,128,171
"AG","Antigua and Barbuda",1997,6.879,0.001,0,0.49,77,171,129,171
"AG","Antigua and Barbuda",1998,7.164,0.001,0,0.52,74,171,129,171
"AG","Antigua and Barbuda",1999,7.449,0.001,0,0.55,69,171,130,170
"AG","Antigua and Barbuda",2000,7.726,0.001,0,0.58,66,171,130,168
"AG","Antigua and Barbuda",2001,8.002,0.001,0,0.61,60,171,133,166
"AG","Antigua and Barbuda",2002,8.418,0.001,0,0.65,57,171,135,167
"AG","Antigua and Barbuda",2003,8.835,0.001,0,0.69,55,172,135,166
"AG","Antigua and Barbuda",2004,9.119,0.001,0,0.72,53,172,135,167
"AG","Antigua and Barbuda",2005,9.389,0.001,0,0.75,52,172,135,167
"AG","Antigua and Barbuda",2006,10.011,0.001,0,0.81,49,172,135,168
"AG","Antigua and Barbuda",2007,10.605,0.001,0,0.87,48,172,136,168
"AG","Antigua and Barbuda",2008,10.929,0.001,0,0.91,41,172,136,168
"AG","Antigua and Barbuda",2009,11.591,0.001,0,0.98,35,172,136,167
"AG","Antigua and Barbuda",2010,11.667,0.001,0,1,39,172,135,168
"AG","Antigua and Barbuda",2011,11.643,0.001,0,1.01,35,172,135,166
"AG","Antigua and Barbuda",2012,11.746,0.001,0,1.03,34,172,136,167
"AG","Antigua and Barbuda",2013,11.863,0.001,0,1.05,31,172,137,167
"AG","Antigua and Barbuda",2014,11.876,0.001,0,1.06,31,172,138,167
"AG","Antigua and Barbuda",2015,12.117,0.001,0,1.09,30,172,138,167
"AG","Antigua and Barbuda",2016,12.365,0.001,0,1.12,33,172,138,169
"AG","Antigua and Barbuda",2017,12.619,0.001,0,1.15,31,172,138,169
"AG","Antigua and Barbuda",2018,12.985,0.001,0,1.19,29,172,139,169
"AG","Antigua and Barbuda",2019,13.134,0.001,0,1.21,29,172,139,169
"AG","Antigua and Barbuda",2020,12.949,0.001,0,1.2,26,172,140,169
"AG","Antigua and Barbuda",2021,NA,0.001,0,NA,NA,172,142,NA
"AG","Antigua and Barbuda",2022,NA,0.001,0,NA,NA,172,142,NA
"AR","Argentina",1995,8.974,1.336,0.014,313.62,54,15,15,22
"AR","Argentina",1996,9.192,1.325,0.014,325.29,55,15,15,23
"AR","Argentina",1997,9.239,1.314,0.014,330.89,57,15,15,23
"AR","Argentina",1998,9.279,1.305,0.014,336.22,52,16,16,22
"AR","Argentina",1999,9.378,1.297,0.015,343.72,53,17,15,21
"AR","Argentina",2000,9.254,1.29,0.015,343.07,52,17,15,22
"AR","Argentina",2001,10.284,1.283,0.015,385.45,46,17,17,20
"AR","Argentina",2002,10.079,1.278,0.015,381.84,46,17,17,20
"AR","Argentina",2003,10.556,1.275,0.015,404.05,45,17,17,20
"AR","Argentina",2004,10.864,1.274,0.016,420.08,44,16,16,20
"AR","Argentina",2005,10.842,1.273,0.016,423.62,45,16,16,21
"AR","Argentina",2006,11.099,1.273,0.016,438.16,43,16,16,20
"AR","Argentina",2007,11.295,1.271,0.016,450.42,38,16,16,19
"AR","Argentina",2008,11.298,1.267,0.017,455.03,37,16,16,19
"AR","Argentina",2009,10.679,1.265,0.017,434.45,41,16,16,20
"AR","Argentina",2010,10.706,1.259,0.017,440.02,46,16,16,20
"AR","Argentina",2011,10.139,1.253,0.017,420.98,43,16,16,20
"AR","Argentina",2012,10.156,1.245,0.017,426.06,42,16,16,19
"AR","Argentina",2013,10.285,1.237,0.018,435.95,42,16,16,19
"AR","Argentina",2014,10.124,1.228,0.018,433.56,43,16,16,19
"AR","Argentina",2015,10.183,1.219,0.018,440.49,40,16,16,19
"AR","Argentina",2016,9.34,1.212,0.018,407.88,50,16,16,21
"AR","Argentina",2017,9.357,1.203,0.018,412.22,50,16,16,21
"AR","Argentina",2018,9.239,1.194,0.018,410.34,49,16,16,21
"AR","Argentina",2019,9.088,1.184,0.019,406.66,48,16,15,22
"AR","Argentina",2020,8.765,1.175,0.019,394.76,45,16,15,22
"AR","Argentina",2021,NA,1.165,0.019,NA,NA,16,15,NA
"AR","Argentina",2022,NA,1.155,0.019,NA,NA,16,15,NA
"AM","Armenia",1995,2.016,0.024,0,6.7,151,146,126,143
"AM","Armenia",1996,1.701,0.024,0,5.61,156,146,128,149
"AM","Armenia",1997,1.929,0.024,0,6.31,154,146,129,147
"AM","Armenia",1998,1.935,0.024,0,6.27,154,146,129,148
"AM","Armenia",1999,1.79,0.024,0,5.74,158,146,130,151
"AM","Armenia",2000,1.931,0.023,0,6.12,154,146,130,147
"AM","Armenia",2001,1.988,0.023,0,6.23,154,146,133,146
"AM","Armenia",2002,1.9,0.023,0,5.9,157,146,135,146
"AM","Armenia",2003,2.049,0.023,0,6.32,157,146,135,146
"AM","Armenia",2004,2.192,0.023,0,6.72,152,146,135,146
"AM","Armenia",2005,2.442,0.023,0,7.44,145,147,135,145
"AM","Armenia",2006,2.59,0.023,0,7.84,141,149,135,144
"AM","Armenia",2007,2.826,0.022,0,8.49,137,149,136,141
"AM","Armenia",2008,3.02,0.022,0,9.01,128,149,136,140
"AM","Armenia",2009,2.655,0.022,0,7.87,140,149,136,143
"AM","Armenia",2010,2.61,0.022,0,7.69,141,149,135,144
"AM","Armenia",2011,2.776,0.022,0,8.13,137,149,135,146
"AM","Armenia",2012,3.129,0.022,0,9.12,129,149,136,143
"AM","Armenia",2013,3.123,0.022,0,9.06,128,149,137,144
"AM","Armenia",2014,3.132,0.021,0,9.05,129,149,138,143
"AM","Armenia",2015,3.154,0.021,0,9.08,127,149,138,141
"AM","Armenia",2016,3.297,0.021,0,9.45,126,149,138,143
"AM","Armenia",2017,3.257,0.021,0,9.29,127,149,138,145
"AM","Armenia",2018,3.342,0.021,0,9.48,126,150,139,145
"AM","Armenia",2019,3.513,0.021,0,9.91,120,150,139,144
"AM","Armenia",2020,3.728,0.021,0,10.46,117,150,140,142
"AM","Armenia",2021,NA,0.021,0,NA,NA,150,142,NA
"AM","Armenia",2022,NA,0.021,0,NA,NA,149,142,NA
"AU","Australia",1995,31.293,1.714,0.018,563.36,7,12,12,11
"AU","Australia",1996,31.027,1.705,0.018,565.06,7,12,12,11
"AU","Australia",1997,31.269,1.695,0.019,575.67,7,12,12,11
"AU","Australia",1998,32.376,1.692,0.019,602.25,8,12,12,11
"AU","Australia",1999,34.16,1.691,0.019,642.23,6,12,12,11
"AU","Australia",2000,34.755,1.692,0.019,660.97,5,12,12,11
"AU","Australia",2001,34.679,1.697,0.02,667.51,5,12,12,11
"AU","Australia",2002,34.108,1.698,0.02,664.29,5,12,12,11
"AU","Australia",2003,29.843,1.692,0.02,587.87,7,12,12,11
"AU","Australia",2004,32.09,1.691,0.021,639.4,5,12,11,11
"AU","Australia",2005,29.818,1.68,0.021,601.49,7,12,11,12
"AU","Australia",2006,31.724,1.673,0.021,649.29,6,12,11,12
"AU","Australia",2007,31.184,1.669,0.021,649.59,6,12,11,12
"AU","Australia",2008,29.202,1.664,0.022,620.49,8,11,11,12
"AU","Australia",2009,29.465,1.657,0.022,638.23,4,11,11,11
"AU","Australia",2010,28.145,1.651,0.022,619.73,7,11,11,11
"AU","Australia",2011,29.609,1.65,0.023,661.98,6,11,11,13
"AU","Australia",2012,29.169,1.647,0.023,662.98,5,11,11,13
"AU","Australia",2013,25.01,1.636,0.023,578.02,7,11,11,15
"AU","Australia",2014,25.331,1.625,0.023,594.51,7,11,11,15
"AU","Australia",2015,24.951,1.615,0.024,594.35,7,11,11,15
"AU","Australia",2016,25.002,1.604,0.024,604.94,7,11,11,15
"AU","Australia",2017,26.481,1.596,0.024,651.17,7,11,11,15
"AU","Australia",2018,25.886,1.586,0.024,646.62,6,11,11,15
"AU","Australia",2019,25.093,1.571,0.025,636.3,7,11,11,15
"AU","Australia",2020,22.806,1.555,0.025,585.42,9,11,11,15
"AU","Australia",2021,NA,1.536,0.025,NA,NA,11,11,NA
"AU","Australia",2022,NA,1.52,0.025,NA,NA,11,11,NA
"AT","Austria",1995,8.087,0.215,0.002,64.27,61,63,60,65
"AT","Austria",1996,8.544,0.214,0.002,67.99,58,63,60,65
"AT","Austria",1997,8.412,0.212,0.002,67.02,62,63,60,66
"AT","Austria",1998,8.399,0.211,0.002,66.99,60,64,61,66
"AT","Austria",1999,8.155,0.21,0.002,65.17,62,64,61,67
"AT","Austria",2000,8.164,0.209,0.002,65.4,61,64,62,68
"AT","Austria",2001,9.58,0.208,0.002,77.02,50,64,62,61
"AT","Austria",2002,9.719,0.207,0.002,78.52,48,63,62,61
"AT","Austria",2003,10.277,0.206,0.002,83.45,47,63,63,59
"AT","Austria",2004,10.322,0.205,0.003,84.34,47,64,52,60
"AT","Austria",2005,10.258,0.204,0.003,84.39,48,64,53,60
"AT","Austria",2006,9.94,0.203,0.003,82.18,50,64,53,61
"AT","Austria",2007,9.552,0.201,0.003,79.23,51,64,54,63
"AT","Austria",2008,9.491,0.2,0.003,78.98,51,65,54,63
"AT","Austria",2009,8.605,0.198,0.003,71.79,54,66,55,67
"AT","Austria",2010,9.277,0.197,0.003,77.58,52,66,56,63
"AT","Austria",2011,8.921,0.195,0.003,74.86,54,67,57,64
"AT","Austria",2012,8.472,0.193,0.003,71.42,54,68,57,66
"AT","Austria",2013,8.495,0.192,0.003,72.03,54,68,57,65
"AT","Austria",2014,7.988,0.19,0.003,68.27,55,67,57,67
"AT","Austria",2015,8.048,0.189,0.003,69.55,54,69,57,67
"AT","Austria",2016,7.995,0.187,0.003,69.85,60,70,58,70
"AT","Austria",2017,8.158,0.186,0.003,71.77,59,71,58,70
"AT","Austria",2018,7.767,0.185,0.003,68.66,62,71,58,73
"AT","Austria",2019,7.849,0.183,0.003,69.7,59,72,59,71
"AT","Austria",2020,7.195,0.182,0.003,64.09,63,72,62,74
"AT","Austria",2021,NA,0.181,0.003,NA,NA,71,62,NA
"AT","Austria",2022,NA,0.179,0.003,NA,NA,71,63,NA
"AZ","Azerbaijan",1995,5.07,0.134,0.001,40,103,85,84,82
"AZ","Azerbaijan",1996,4.341,0.134,0.001,34.51,111,86,84,88
"AZ","Azerbaijan",1997,4.259,0.133,0.001,34.07,112,87,85,90
"AZ","Azerbaijan",1998,4.303,0.133,0.001,34.6,111,87,87,91
"AZ","Azerbaijan",1999,4.303,0.132,0.001,34.86,111,87,87,91
"AZ","Azerbaijan",2000,4.472,0.132,0.002,36.63,107,87,62,88
"AZ","Azerbaijan",2001,4.32,0.131,0.002,35.78,105,87,62,92
"AZ","Azerbaijan",2002,4.282,0.13,0.002,35.85,104,87,62,91
"AZ","Azerbaijan",2003,4.557,0.13,0.002,38.56,103,87,63,88
"AZ","Azerbaijan",2004,4.515,0.129,0.002,38.63,109,87,65,90
"AZ","Azerbaijan",2005,4.82,0.128,0.002,41.72,100,87,65,87
"AZ","Azerbaijan",2006,5.033,0.128,0.002,44.11,98,87,66,85
"AZ","Azerbaijan",2007,4.874,0.128,0.002,43.27,98,87,67,87
"AZ","Azerbaijan",2008,5.306,0.129,0.002,47.75,92,87,69,85
"AZ","Azerbaijan",2009,4.782,0.129,0.002,43.61,100,87,70,88
"AZ","Azerbaijan",2010,4.602,0.129,0.002,42.51,104,87,71,88
"AZ","Azerbaijan",2011,4.695,0.129,0.002,43.94,103,87,73,87
"AZ","Azerbaijan",2012,4.954,0.129,0.002,46.99,101,87,74,83
"AZ","Azerbaijan",2013,5.012,0.13,0.002,48.19,101,87,74,83
"AZ","Azerbaijan",2014,5.073,0.131,0.002,49.42,97,87,76,80
"AZ","Azerbaijan",2015,4.997,0.131,0.002,49.29,97,88,76,81
"AZ","Azerbaijan",2016,5.069,0.132,0.002,50.57,102,87,77,84
"AZ","Azerbaijan",2017,4.95,0.132,0.002,49.85,104,86,78,87
"AZ","Azerbaijan",2018,5.049,0.133,0.002,51.26,102,85,79,84
"AZ","Azerbaijan",2019,5.338,0.134,0.002,54.62,97,85,80,82
"AZ","Azerbaijan",2020,5.197,0.135,0.002,53.45,92,83,80,84
"AZ","Azerbaijan",2021,NA,0.136,0.002,NA,NA,83,81,NA
"AZ","Azerbaijan",2022,NA,0.137,0.002,NA,NA,83,81,NA
"BS","Bahamas",1995,7.177,0.006,0,2.15,74,162,126,163
"BS","Bahamas",1996,7.149,0.006,0,2.18,75,162,128,163
"BS","Bahamas",1997,6.383,0.006,0,1.98,86,162,129,164
"BS","Bahamas",1998,7.577,0.006,0,2.39,67,162,129,162
"BS","Bahamas",1999,7.618,0.006,0,2.44,68,162,130,162
"BS","Bahamas",2000,7.538,0.006,0,2.45,69,162,130,161
"BS","Bahamas",2001,6.856,0.006,0,2.26,74,162,133,161
"BS","Bahamas",2002,6.886,0.006,0,2.3,73,162,135,162
"BS","Bahamas",2003,6.913,0.006,0,2.34,74,162,135,161
"BS","Bahamas",2004,6.966,0.006,0,2.39,72,162,135,161
"BS","Bahamas",2005,6.44,0.006,0,2.24,77,162,135,162
"BS","Bahamas",2006,6.181,0.006,0,2.18,83,162,135,162
"BS","Bahamas",2007,6.123,0.006,0,2.19,82,162,136,162
"BS","Bahamas",2008,6.367,0.006,0,2.31,81,163,136,163
"BS","Bahamas",2009,6.303,0.006,0,2.32,78,163,136,163
"BS","Bahamas",2010,6.081,0.006,0,2.27,82,163,135,163
"BS","Bahamas",2011,6.72,0.006,0,2.54,71,163,135,160
"BS","Bahamas",2012,7.041,0.006,0,2.69,62,163,136,160
"BS","Bahamas",2013,8.246,0.006,0,3.18,56,163,137,159
"BS","Bahamas",2014,7.273,0.006,0,2.83,58,163,138,160
"BS","Bahamas",2015,6.442,0.006,0,2.53,69,163,138,161
"BS","Bahamas",2016,6.061,0.006,0,2.4,80,163,138,164
"BS","Bahamas",2017,6.491,0.006,0,2.59,76,163,138,164
"BS","Bahamas",2018,7.788,0.006,0,3.13,61,163,139,162
"BS","Bahamas",2019,7.341,0.006,0,2.97,63,163,139,162
"BS","Bahamas",2020,6.962,0.006,0,2.83,64,163,140,164
"BS","Bahamas",2021,NA,0.006,0,NA,NA,163,142,NA
"BS","Bahamas",2022,NA,0.006,0,NA,NA,163,142,NA
"BH","Bahrain",1995,32.548,0.079,0.001,19.95,6,107,84,112
"BH","Bahrain",1996,33.504,0.08,0.001,21.2,5,107,84,109
"BH","Bahrain",1997,34.015,0.08,0.001,22.2,5,105,85,107
"BH","Bahrain",1998,35.614,0.08,0.001,23.95,5,107,87,105
"BH","Bahrain",1999,35.455,0.081,0.001,24.54,4,105,87,108
"BH","Bahrain",2000,36.011,0.081,0.001,25.62,3,105,88,103
"BH","Bahrain",2001,36.22,0.082,0.001,26.45,4,105,88,102
"BH","Bahrain",2002,36.949,0.082,0.001,27.65,2,104,88,103
"BH","Bahrain",2003,36.903,0.083,0.001,28.72,3,105,88,102
"BH","Bahrain",2004,34.747,0.083,0.001,28.96,4,105,90,102
"BH","Bahrain",2005,35.746,0.083,0.001,32.24,4,105,92,98
"BH","Bahrain",2006,35.747,0.083,0.001,34.71,3,105,92,98
"BH","Bahrain",2007,34.511,0.084,0.001,35.91,3,104,94,98
"BH","Bahrain",2008,34.584,0.085,0.001,38.4,4,103,94,91
"BH","Bahrain",2009,33.015,0.086,0.001,38.94,3,103,94,91
"BH","Bahrain",2010,33.7,0.086,0.001,40.9,3,103,96,90
"BH","Bahrain",2011,34.321,0.087,0.001,41.6,3,103,96,91
"BH","Bahrain",2012,35.259,0.087,0.001,43.19,2,103,97,88
"BH","Bahrain",2013,36.467,0.088,0.001,46.01,2,103,97,87
"BH","Bahrain",2014,36.686,0.088,0.001,48.1,2,104,97,83
"BH","Bahrain",2015,35.877,0.089,0.001,48.87,2,104,98,82
"BH","Bahrain",2016,35.086,0.09,0.001,49.46,3,104,98,87
"BH","Bahrain",2017,34.554,0.091,0.001,50.34,3,104,100,86
"BH","Bahrain",2018,34.457,0.092,0.001,51.25,3,104,101,85
"BH","Bahrain",2019,36.267,0.092,0.001,54.19,3,103,102,83
"BH","Bahrain",2020,36.65,0.093,0.001,54.15,3,103,103,81
"BH","Bahrain",2021,NA,0.094,0.002,NA,NA,103,81,NA
"BH","Bahrain",2022,NA,0.095,0.002,NA,NA,102,81,NA
"BD","Bangladesh",1995,1.03,0.407,0.004,121.34,177,40,38,42
"BD","Bangladesh",1996,1.016,0.405,0.004,121.79,177,40,40,42
"BD","Bangladesh",1997,1.017,0.403,0.004,124.07,176,41,40,42
"BD","Bangladesh",1998,0.997,0.401,0.004,123.99,176,41,41,42
"BD","Bangladesh",1999,1.01,0.4,0.005,128.07,177,41,34,40
"BD","Bangladesh",2000,1.002,0.4,0.005,129.43,177,41,35,41
"BD","Bangladesh",2001,1.031,0.4,0.005,135.74,174,41,35,40
"BD","Bangladesh",2002,1.037,0.399,0.005,139.15,175,41,37,39
"BD","Bangladesh",2003,1.034,0.399,0.005,141.15,176,40,37,40
"BD","Bangladesh",2004,1.03,0.399,0.005,142.96,176,40,37,41
"BD","Bangladesh",2005,1.049,0.399,0.005,147.84,175,40,37,41
"BD","Bangladesh",2006,1.078,0.399,0.005,153.78,174,41,37,40
"BD","Bangladesh",2007,1.086,0.399,0.005,156.51,174,40,37,40
"BD","Bangladesh",2008,1.135,0.399,0.005,165.11,174,40,39,40
"BD","Bangladesh",2009,1.153,0.4,0.005,169.09,175,40,40,38
"BD","Bangladesh",2010,1.191,0.4,0.005,176.73,174,40,40,39
"BD","Bangladesh",2011,1.212,0.401,0.005,182.03,174,40,40,39
"BD","Bangladesh",2012,1.229,0.401,0.006,186.9,173,40,36,39
"BD","Bangladesh",2013,1.248,0.402,0.006,192.19,174,40,36,39
"BD","Bangladesh",2014,1.264,0.403,0.006,197.18,174,40,37,38
"BD","Bangladesh",2015,1.302,0.404,0.006,205.43,172,41,37,37
"BD","Bangladesh",2016,1.33,0.406,0.006,212.54,172,41,37,38
"BD","Bangladesh",2017,1.375,0.407,0.006,222.52,171,41,38,39
"BD","Bangladesh",2018,1.417,0.409,0.006,231.97,171,42,39,38
"BD","Bangladesh",2019,1.388,0.41,0.006,229.71,172,42,42,39
"BD","Bangladesh",2020,1.34,0.412,0.007,224.35,172,42,36,39
"BD","Bangladesh",2021,NA,0.413,0.007,NA,NA,42,37,NA
"BD","Bangladesh",2022,NA,0.415,0.007,NA,NA,40,38,NA
"BB","Barbados",1995,12.352,0.002,0,3.24,37,168,126,157
"BB","Barbados",1996,12.481,0.002,0,3.28,35,168,128,156
"BB","Barbados",1997,12.84,0.002,0,3.38,33,168,129,156
"BB","Barbados",1998,13.124,0.002,0,3.46,33,169,129,156
"BB","Barbados",1999,13.4,0.003,0,3.54,31,166,130,157
"BB","Barbados",2000,13.338,0.003,0,3.53,29,166,130,157
"BB","Barbados",2001,13.415,0.003,0,3.56,29,166,133,156
"BB","Barbados",2002,13.285,0.003,0,3.54,31,166,135,156
"BB","Barbados",2003,13.383,0.003,0,3.58,31,167,135,157
"BB","Barbados",2004,13.519,0.003,0,3.63,30,167,135,157
"BB","Barbados",2005,13.581,0.003,0,3.66,28,167,135,158
"BB","Barbados",2006,13.645,0.003,0,3.69,31,167,135,158
"BB","Barbados",2007,13.704,0.003,0,3.72,29,167,136,158
"BB","Barbados",2008,14.634,0.003,0,3.99,25,167,136,156
"BB","Barbados",2009,14.536,0.003,0,3.98,24,167,136,156
"BB","Barbados",2010,14.087,0.003,0,3.87,25,167,135,158
"BB","Barbados",2011,14.265,0.003,0,3.93,25,167,135,156
"BB","Barbados",2012,14.12,0.003,0,3.9,26,168,136,156
"BB","Barbados",2013,14.014,0.003,0,3.88,28,168,137,156
"BB","Barbados",2014,13.477,0.003,0,3.74,27,168,138,157
"BB","Barbados",2015,13.449,0.003,0,3.74,25,168,138,157
"BB","Barbados",2016,13.565,0.003,0,3.78,27,168,138,159
"BB","Barbados",2017,13.216,0.003,0,3.69,28,168,138,159
"BB","Barbados",2018,13.55,0.003,0,3.79,27,168,139,159
"BB","Barbados",2019,13.241,0.003,0,3.71,28,168,139,160
"BB","Barbados",2020,13.003,0.003,0,3.65,25,168,140,160
"BB","Barbados",2021,NA,0.003,0,NA,NA,168,142,NA
"BB","Barbados",2022,NA,0.003,0,NA,NA,168,142,NA
"BY","Belarus",1995,7.201,0.456,0.005,75.33,73,35,32,60
"BY","Belarus",1996,7.297,0.452,0.005,76.15,73,36,33,60
"BY","Belarus",1997,7.371,0.447,0.005,76.67,72,36,33,58
"BY","Belarus",1998,7.228,0.443,0.005,74.86,73,37,34,59
"BY","Belarus",1999,7.074,0.439,0.005,72.92,75,37,34,63
"BY","Belarus",2000,6.861,0.434,0.005,70.37,77,38,35,64
"BY","Belarus",2001,7.53,0.429,0.005,76.82,64,38,35,62
"BY","Belarus",2002,7.533,0.424,0.005,76.35,64,38,37,62
"BY","Belarus",2003,7.681,0.419,0.005,77.32,64,38,37,64
"BY","Belarus",2004,8.099,0.414,0.005,80.99,60,39,37,61
"BY","Belarus",2005,8.233,0.409,0.005,81.8,60,39,37,62
"BY","Belarus",2006,8.607,0.404,0.005,84.99,58,39,37,60
"BY","Belarus",2007,8.516,0.399,0.005,83.68,59,40,37,60
"BY","Belarus",2008,8.963,0.395,0.005,87.73,54,42,39,60
"BY","Belarus",2009,8.69,0.39,0.005,84.79,53,42,40,59
"BY","Belarus",2010,9.188,0.386,0.005,89.41,53,43,40,59
"BY","Belarus",2011,9.802,0.382,0.005,95.15,48,45,40,57
"BY","Belarus",2012,9.981,0.378,0.005,96.75,45,45,43,58
"BY","Belarus",2013,10.044,0.375,0.005,97.34,45,45,45,57
"BY","Belarus",2014,9.964,0.372,0.005,96.59,44,45,45,56
"BY","Belarus",2015,9.495,0.369,0.005,92.11,47,46,46,59
"BY","Belarus",2016,8.87,0.366,0.005,86.11,53,46,46,62
"BY","Belarus",2017,9.025,0.364,0.006,87.61,52,46,38,63
"BY","Belarus",2018,9.334,0.361,0.006,90.5,47,46,39,61
"BY","Belarus",2019,9.172,0.358,0.006,88.73,46,46,42,62
"BY","Belarus",2020,8.958,0.356,0.006,86.3,43,46,43,60
"BY","Belarus",2021,NA,0.354,0.006,NA,NA,46,43,NA
"BY","Belarus",2022,NA,0.351,0.006,NA,NA,46,44,NA
"BE","Belgium",1995,13.193,0.51,0.005,133.19,32,33,32,39
"BE","Belgium",1996,13.685,0.507,0.005,138.54,28,33,33,38
"BE","Belgium",1997,13.33,0.503,0.005,135.36,31,33,33,41
"BE","Belgium",1998,13.556,0.5,0.006,138.12,30,33,27,38
"BE","Belgium",1999,13.133,0.498,0.006,134.27,32,33,27,39
"BE","Belgium",2000,13.084,0.495,0.006,134.3,31,33,28,40
"BE","Belgium",2001,13.166,0.492,0.006,135.73,33,33,30,41
"BE","Belgium",2002,12.399,0.489,0.006,128.4,34,34,31,42
"BE","Belgium",2003,12.669,0.486,0.006,131.79,34,35,31,42
"BE","Belgium",2004,12.401,0.482,0.006,129.67,35,36,33,44
"BE","Belgium",2005,12.07,0.479,0.006,126.94,36,36,33,45
"BE","Belgium",2006,11.625,0.475,0.006,123.03,38,36,34,47
"BE","Belgium",2007,11.098,0.471,0.006,118.24,42,36,36,50
"BE","Belgium",2008,11.277,0.468,0.006,120.96,38,36,36,50
"BE","Belgium",2009,10.596,0.464,0.006,114.45,42,36,36,50
"BE","Belgium",2010,11.209,0.46,0.006,121.93,40,36,36,50
"BE","Belgium",2011,10.116,0.456,0.006,110.83,44,36,36,51
"BE","Belgium",2012,9.936,0.452,0.006,109.61,46,36,36,53
"BE","Belgium",2013,9.957,0.448,0.006,110.55,47,37,36,52
"BE","Belgium",2014,9.344,0.443,0.006,104.43,47,37,37,53
"BE","Belgium",2015,9.697,0.439,0.006,109.08,44,37,37,53
"BE","Belgium",2016,9.767,0.435,0.006,110.53,47,37,37,53
"BE","Belgium",2017,9.521,0.431,0.007,108.39,49,37,35,53
"BE","Belgium",2018,9.534,0.427,0.007,109.15,46,37,35,55
"BE","Belgium",2019,9.408,0.423,0.007,108.29,45,38,35,55
"BE","Belgium",2020,8.673,0.42,0.007,100.27,46,40,36,55
"BE","Belgium",2021,NA,0.416,0.007,NA,NA,40,37,NA
"BE","Belgium",2022,NA,0.412,0.007,NA,NA,41,38,NA
"BZ","Belize",1995,61.698,0.009,0,12.56,1,158,126,125
"BZ","Belize",1996,54.37,0.009,0,11.41,1,158,128,129
"BZ","Belize",1997,47.944,0.009,0,10.41,2,159,129,133
"BZ","Belize",1998,41.882,0.009,0,9.42,2,159,129,137
"BZ","Belize",1999,35.575,0.009,0,8.28,3,159,130,138
"BZ","Belize",2000,30.364,0.009,0,7.3,7,160,130,143
"BZ","Belize",2001,16.243,0.01,0,4.03,20,158,133,153
"BZ","Belize",2002,16.094,0.01,0,4.12,20,158,135,153
"BZ","Belize",2003,16.704,0.01,0,4.41,23,158,135,153
"BZ","Belize",2004,14.551,0.01,0,3.96,25,158,135,155
"BZ","Belize",2005,14.694,0.01,0,4.12,26,158,135,154
"BZ","Belize",2006,14.303,0.01,0,4.13,27,159,135,155
"BZ","Belize",2007,14.604,0.01,0,4.34,27,158,136,155
"BZ","Belize",2008,14.001,0.01,0,4.28,28,158,136,155
"BZ","Belize",2009,14.068,0.01,0,4.42,25,158,136,154
"BZ","Belize",2010,13.939,0.01,0,4.49,26,159,135,154
"BZ","Belize",2011,21.697,0.01,0,7.15,14,159,135,149
"BZ","Belize",2012,19.64,0.01,0,6.62,18,158,136,149
"BZ","Belize",2013,19.815,0.01,0,6.83,18,158,137,150
"BZ","Belize",2014,19.016,0.01,0,6.7,17,158,138,150
"BZ","Belize",2015,19.284,0.01,0,6.94,16,157,138,150
"BZ","Belize",2016,18.185,0.01,0,6.68,18,157,138,153
"BZ","Belize",2017,17.988,0.01,0,6.74,19,157,138,154
"BZ","Belize",2018,17.405,0.011,0,6.65,20,155,139,154
"BZ","Belize",2019,17.733,0.011,0,6.9,18,155,139,153
"BZ","Belize",2020,17.623,0.011,0,6.96,17,155,140,153
"BZ","Belize",2021,NA,0.011,0,NA,NA,155,142,NA
"BZ","Belize",2022,NA,0.011,0,NA,NA,156,142,NA
"BJ","Benin",1995,3.291,0.038,0,19.9,125,133,126,114
"BJ","Benin",1996,3.461,0.039,0,21.47,121,133,128,108
"BJ","Benin",1997,3.418,0.04,0,21.83,123,133,129,109
"BJ","Benin",1998,3.472,0.041,0,22.86,122,133,129,109
"BJ","Benin",1999,3.338,0.043,0,22.66,124,131,130,110
"BJ","Benin",2000,3.258,0.043,0,22.8,125,132,130,110
"BJ","Benin",2001,2.403,0.044,0.001,17.33,144,129,88,123
"BJ","Benin",2002,2.473,0.045,0.001,18.38,140,128,88,123
"BJ","Benin",2003,2.385,0.046,0.001,18.27,146,128,88,123
"BJ","Benin",2004,2.324,0.046,0.001,18.35,149,128,90,123
"BJ","Benin",2005,2.401,0.047,0.001,19.57,147,128,92,122
"BJ","Benin",2006,2.35,0.047,0.001,19.75,149,128,92,122
"BJ","Benin",2007,2.365,0.048,0.001,20.45,153,128,94,121
"BJ","Benin",2008,2.264,0.048,0.001,20.16,154,128,94,123
"BJ","Benin",2009,2.268,0.049,0.001,20.8,151,127,94,122
"BJ","Benin",2010,2.244,0.049,0.001,21.2,151,127,96,123
"BJ","Benin",2011,2.19,0.05,0.001,21.3,148,127,96,119
"BJ","Benin",2012,2.122,0.05,0.001,21.25,150,127,97,120
"BJ","Benin",2013,2.123,0.051,0.001,21.89,149,127,97,118
"BJ","Benin",2014,2.111,0.051,0.001,22.41,147,127,97,115
"BJ","Benin",2015,2.089,0.051,0.001,22.84,147,127,98,115
"BJ","Benin",2016,2.179,0.052,0.001,24.54,150,127,98,117
"BJ","Benin",2017,2.132,0.052,0.001,24.73,150,127,100,117
"BJ","Benin",2018,2.179,0.052,0.001,26.02,151,127,101,117
"BJ","Benin",2019,2.151,0.053,0.001,26.44,153,127,102,116
"BJ","Benin",2020,2.132,0.053,0.001,26.96,147,127,103,115
"BJ","Benin",2021,NA,0.053,0.001,NA,NA,127,104,NA
"BJ","Benin",2022,NA,0.054,0.001,NA,NA,127,104,NA
"BT","Bhutan",1995,-10.691,0.026,0,-5.64,189,142,126,189
"BT","Bhutan",1996,-10.437,0.026,0,-5.61,189,142,128,189
"BT","Bhutan",1997,-10.112,0.026,0,-5.53,189,142,129,189
"BT","Bhutan",1998,-9.908,0.026,0,-5.52,189,142,129,189
"BT","Bhutan",1999,-9.58,0.026,0,-5.47,189,143,130,189
"BT","Bhutan",2000,-9.417,0.025,0,-5.53,189,144,130,189
"BT","Bhutan",2001,-9.283,0.025,0,-5.6,189,144,133,189
"BT","Bhutan",2002,-8.998,0.025,0,-5.57,189,144,135,189
"BT","Bhutan",2003,-8.84,0.025,0,-5.61,189,144,135,189
"BT","Bhutan",2004,-8.708,0.025,0,-5.66,189,144,135,189
"BT","Bhutan",2005,-8.276,0.025,0,-5.49,189,144,135,189
"BT","Bhutan",2006,-8.184,0.025,0,-5.51,189,145,135,189
"BT","Bhutan",2007,-7.966,0.024,0,-5.43,189,147,136,189
"BT","Bhutan",2008,-8.046,0.024,0,-5.55,189,148,136,189
"BT","Bhutan",2009,-7.926,0.024,0,-5.53,189,148,136,189
"BT","Bhutan",2010,-7.654,0.024,0,-5.4,189,148,135,189
"BT","Bhutan",2011,0.168,0.024,0,0.12,185,148,135,183
"BT","Bhutan",2012,0.361,0.024,0,0.26,185,148,136,178
"BT","Bhutan",2013,0.37,0.023,0,0.27,185,148,137,178
"BT","Bhutan",2014,0.502,0.023,0,0.37,185,148,138,175
"BT","Bhutan",2015,0.525,0.023,0,0.39,185,148,138,175
"BT","Bhutan",2016,0.747,0.023,0,0.56,185,148,138,176
"BT","Bhutan",2017,0.846,0.022,0,0.64,182,148,138,175
"BT","Bhutan",2018,0.997,0.022,0,0.76,180,148,139,170
"BT","Bhutan",2019,0.964,0.022,0,0.74,181,148,139,171
"BT","Bhutan",2020,0.414,0.022,0,0.32,188,148,140,179
"BT","Bhutan",2021,NA,0.022,0,NA,NA,148,142,NA
"BT","Bhutan",2022,NA,0.021,0,NA,NA,149,142,NA
"BO","Bolivia",1995,14.32,0.31,0.003,112.29,25,50,48,43
"BO","Bolivia",1996,13.999,0.308,0.003,111.84,27,50,48,44
"BO","Bolivia",1997,14.045,0.307,0.003,114.29,27,50,49,44
"BO","Bolivia",1998,13.787,0.307,0.003,114.25,28,50,49,44
"BO","Bolivia",1999,14.217,0.306,0.003,119.98,26,51,51,43
"BO","Bolivia",2000,12.848,0.305,0.003,110.4,32,51,51,47
"BO","Bolivia",2001,10.301,0.304,0.004,90.09,45,51,42,55
"BO","Bolivia",2002,10.894,0.303,0.004,96.96,42,51,44,54
"BO","Bolivia",2003,10.303,0.304,0.004,93.32,46,51,44,54
"BO","Bolivia",2004,11.779,0.304,0.004,108.56,39,51,46,52
"BO","Bolivia",2005,10.937,0.304,0.004,102.56,44,50,46,54
"BO","Bolivia",2006,10.95,0.304,0.004,104.49,44,50,46,54
"BO","Bolivia",2007,11.401,0.303,0.004,110.72,37,50,47,53
"BO","Bolivia",2008,10.536,0.302,0.004,104.1,49,50,47,54
"BO","Bolivia",2009,10.162,0.301,0.004,102.14,47,50,47,55
"BO","Bolivia",2010,12.532,0.3,0.004,128.12,31,50,47,46
"BO","Bolivia",2011,10.871,0.299,0.004,113.02,40,50,48,50
"BO","Bolivia",2012,10.739,0.298,0.004,113.51,40,50,49,51
"BO","Bolivia",2013,10.547,0.297,0.004,113.31,40,50,49,50
"BO","Bolivia",2014,10.401,0.295,0.004,113.55,39,50,50,51
"BO","Bolivia",2015,10.563,0.295,0.004,117.14,39,50,50,50
"BO","Bolivia",2016,11.381,0.294,0.004,128.19,37,50,50,48
"BO","Bolivia",2017,11.041,0.293,0.004,126.26,37,50,50,49
"BO","Bolivia",2018,10.914,0.293,0.005,126.68,37,50,47,48
"BO","Bolivia",2019,11.818,0.292,0.005,139.18,33,50,47,46
"BO","Bolivia",2020,11.011,0.291,0.005,131.43,34,50,47,47
"BO","Bolivia",2021,NA,0.29,0.005,NA,NA,50,47,NA
"BO","Bolivia",2022,NA,0.289,0.005,NA,NA,50,47,NA
"BA","Bosnia and Herzegovina",1995,2.565,0.069,0.001,9.62,138,112,84,134
"BA","Bosnia and Herzegovina",1996,2.728,0.067,0.001,10.66,136,113,84,132
"BA","Bosnia and Herzegovina",1997,3.844,0.066,0.001,15.56,118,114,85,122
"BA","Bosnia and Herzegovina",1998,4.467,0.065,0.001,18.38,109,118,87,122
"BA","Bosnia and Herzegovina",1999,4.416,0.065,0.001,18.34,108,118,87,121
"BA","Bosnia and Herzegovina",2000,5.293,0.064,0.001,22.12,94,118,88,112
"BA","Bosnia and Herzegovina",2001,4.477,0.063,0.001,18.78,103,118,88,121
"BA","Bosnia and Herzegovina",2002,4.511,0.063,0.001,18.94,103,118,88,120
"BA","Bosnia and Herzegovina",2003,4.654,0.062,0.001,19.47,100,119,88,122
"BA","Bosnia and Herzegovina",2004,4.956,0.061,0.001,20.53,97,120,90,121
"BA","Bosnia and Herzegovina",2005,5.2,0.061,0.001,21.29,95,120,92,119
"BA","Bosnia and Herzegovina",2006,5.71,0.06,0.001,23.17,89,121,92,117
"BA","Bosnia and Herzegovina",2007,6.056,0.059,0.001,24.27,83,122,94,115
"BA","Bosnia and Herzegovina",2008,6.692,0.059,0.001,26.39,74,123,94,114
"BA","Bosnia and Herzegovina",2009,6.824,0.059,0.001,26.46,68,123,94,112
"BA","Bosnia and Herzegovina",2010,6.951,0.058,0.001,26.49,66,123,96,114
"BA","Bosnia and Herzegovina",2011,6.828,0.058,0.001,25.56,69,123,96,115
"BA","Bosnia and Herzegovina",2012,6.469,0.057,0.001,23.77,72,125,97,115
"BA","Bosnia and Herzegovina",2013,6.507,0.057,0.001,23.54,67,125,97,115
"BA","Bosnia and Herzegovina",2014,5.892,0.057,0.001,21.04,79,125,97,119
"BA","Bosnia and Herzegovina",2015,6.032,0.057,0.001,21.26,77,125,98,120
"BA","Bosnia and Herzegovina",2016,7.417,0.058,0.001,25.82,64,123,98,116
"BA","Bosnia and Herzegovina",2017,7.587,0.058,0.001,26.1,63,123,100,116
"BA","Bosnia and Herzegovina",2018,7.676,0.058,0.001,26.1,64,123,101,116
"BA","Bosnia and Herzegovina",2019,7.302,0.058,0.001,24.54,65,123,102,119
"BA","Bosnia and Herzegovina",2020,7.35,0.058,0.001,24.39,60,122,103,117
"BA","Bosnia and Herzegovina",2021,NA,0.058,0.001,NA,NA,122,104,NA
"BA","Bosnia and Herzegovina",2022,NA,0.058,0.001,NA,NA,122,104,NA
"BW","Botswana",1995,35.17,0.042,0,54.29,4,132,126,70
"BW","Botswana",1996,35.312,0.042,0,55.87,4,132,128,68
"BW","Botswana",1997,34.223,0.043,0,55.42,4,131,129,70
"BW","Botswana",1998,33.297,0.043,0,55.13,7,131,129,71
"BW","Botswana",1999,32.573,0.043,0,55.1,7,131,130,73
"BW","Botswana",2000,31.714,0.044,0,54.77,6,128,130,72
"BW","Botswana",2001,32.124,0.044,0.001,56.6,6,129,88,73
"BW","Botswana",2002,31.719,0.045,0.001,56.94,6,128,88,72
"BW","Botswana",2003,27.271,0.044,0.001,49.82,8,131,88,79
"BW","Botswana",2004,27.121,0.044,0.001,50.42,8,131,90,80
"BW","Botswana",2005,27.382,0.044,0.001,51.83,8,131,92,80
"BW","Botswana",2006,27.816,0.044,0.001,53.65,9,131,92,80
"BW","Botswana",2007,26.386,0.044,0.001,51.9,9,131,94,80
"BW","Botswana",2008,30.204,0.045,0.001,60.63,6,130,94,77
"BW","Botswana",2009,25.164,0.045,0.001,51.56,8,130,94,80
"BW","Botswana",2010,29.641,0.046,0.001,62,4,130,96,76
"BW","Botswana",2011,31.326,0.047,0.001,66.85,5,130,96,70
"BW","Botswana",2012,24.892,0.047,0.001,54.15,8,130,97,79
"BW","Botswana",2013,24.846,0.047,0.001,55.09,8,129,97,77
"BW","Botswana",2014,23.801,0.046,0.001,53.8,9,130,97,76
"BW","Botswana",2015,23.07,0.046,0.001,53.18,10,129,98,77
"BW","Botswana",2016,22.139,0.045,0.001,52.08,11,130,98,81
"BW","Botswana",2017,23.249,0.045,0.001,55.84,9,129,100,80
"BW","Botswana",2018,22.204,0.044,0.001,54.43,11,129,101,81
"BW","Botswana",2019,20.706,0.044,0.001,51.76,14,129,102,86
"BW","Botswana",2020,21.018,0.043,0.001,53.52,12,129,103,83
"BW","Botswana",2021,NA,0.044,0.001,NA,NA,129,104,NA
"BW","Botswana",2022,NA,0.044,0.001,NA,NA,129,104,NA
"BR","Brazil",1995,10.576,4.535,0.048,1729.29,46,4,4,4
"BR","Brazil",1996,10.436,4.571,0.049,1732.8,46,4,4,4
"BR","Brazil",1997,10.469,4.609,0.05,1764.52,47,4,4,4
"BR","Brazil",1998,10.525,4.655,0.052,1800.27,46,4,4,3
"BR","Brazil",1999,10.442,4.702,0.053,1811.5,46,4,4,3
"BR","Brazil",2000,10.314,4.741,0.054,1813.94,47,4,4,3
"BR","Brazil",2001,10.684,4.779,0.056,1904,42,4,4,3
"BR","Brazil",2002,10.758,4.821,0.057,1941.57,43,4,4,3
"BR","Brazil",2003,10.707,4.877,0.059,1955.42,44,4,4,3
"BR","Brazil",2004,10.84,4.923,0.06,2002.36,46,4,4,3
"BR","Brazil",2005,10.797,4.961,0.062,2016.91,46,4,4,3
"BR","Brazil",2006,10.629,4.987,0.063,2006.99,47,4,4,4
"BR","Brazil",2007,10.717,5.008,0.064,2044.52,47,4,4,4
"BR","Brazil",2008,10.615,5.025,0.066,2045.15,46,4,4,4
"BR","Brazil",2009,10.373,5.037,0.067,2017.82,45,4,4,4
"BR","Brazil",2010,10.812,5.046,0.068,2122.88,45,4,4,4
"BR","Brazil",2011,6.49,5.047,0.069,1286.3,75,4,4,6
"BR","Brazil",2012,6.653,5.047,0.07,1330.37,69,4,4,6
"BR","Brazil",2013,6.713,5.048,0.072,1354.14,63,4,4,6
"BR","Brazil",2014,6.861,5.048,0.073,1395.95,60,4,4,6
"BR","Brazil",2015,6.725,5.049,0.074,1379.88,63,4,4,6
"BR","Brazil",2016,7.079,5.05,0.075,1464.26,66,4,4,5
"BR","Brazil",2017,7.127,5.045,0.076,1486.01,66,4,4,5
"BR","Brazil",2018,6.867,5.033,0.077,1443.29,69,4,4,6
"BR","Brazil",2019,6.929,5.024,0.078,1467.48,68,4,4,6
"BR","Brazil",2020,6.893,5.018,0.08,1469.64,66,4,4,6
"BR","Brazil",2021,NA,5.008,0.081,NA,NA,4,4,NA
"BR","Brazil",2022,NA,4.995,0.082,NA,NA,4,4,NA
"BN","Brunei",1995,25.844,0.03,0,7.73,8,139,126,139
"BN","Brunei",1996,25.636,0.03,0,7.85,8,140,128,138
"BN","Brunei",1997,27.009,0.03,0,8.46,8,140,129,138
"BN","Brunei",1998,36.888,0.03,0,11.81,4,140,129,131
"BN","Brunei",1999,22.993,0.03,0,7.52,9,140,130,143
"BN","Brunei",2000,23.777,0.03,0,7.94,10,139,130,141
"BN","Brunei",2001,23.154,0.03,0,7.89,9,139,133,139
"BN","Brunei",2002,22.678,0.03,0,7.88,10,139,135,139
"BN","Brunei",2003,25.561,0.03,0,9.05,9,139,135,138
"BN","Brunei",2004,23.552,0.03,0,8.49,10,138,135,139
"BN","Brunei",2005,22.769,0.03,0,8.35,10,138,135,140
"BN","Brunei",2006,29.666,0.03,0,11.06,8,138,135,134
"BN","Brunei",2007,27.854,0.03,0,10.55,8,138,136,137
"BN","Brunei",2008,29.643,0.031,0,11.4,7,138,136,135
"BN","Brunei",2009,28.694,0.031,0,11.2,6,138,136,134
"BN","Brunei",2010,26.511,0.031,0,10.5,8,139,135,137
"BN","Brunei",2011,24.457,0.031,0,9.82,10,139,135,140
"BN","Brunei",2012,24.051,0.032,0,9.78,10,138,136,139
"BN","Brunei",2013,23.221,0.032,0,9.56,11,138,137,141
"BN","Brunei",2014,22.872,0.032,0,9.53,12,138,138,142
"BN","Brunei",2015,20.785,0.031,0,8.76,15,139,138,143
"BN","Brunei",2016,22.089,0.031,0,9.41,12,139,138,144
"BN","Brunei",2017,22.775,0.031,0,9.8,11,139,138,141
"BN","Brunei",2018,23.257,0.031,0,10.1,9,139,139,142
"BN","Brunei",2019,22.029,0.031,0,9.65,11,139,139,145
"BN","Brunei",2020,27.686,0.031,0,12.23,6,140,140,138
"BN","Brunei",2021,NA,0.031,0,NA,NA,140,142,NA
"BN","Brunei",2022,NA,0.031,0,NA,NA,141,142,NA
"BG","Bulgaria",1995,5.838,0.227,0.002,49.49,92,61,60,75
"BG","Bulgaria",1996,5.959,0.224,0.002,50.06,89,61,60,75
"BG","Bulgaria",1997,5.647,0.222,0.002,46.98,92,61,60,80
"BG","Bulgaria",1998,5.269,0.219,0.002,43.39,100,61,61,82
"BG","Bulgaria",1999,4.482,0.216,0.002,36.58,107,62,61,89
"BG","Bulgaria",2000,4.449,0.212,0.002,36.03,108,63,62,92
"BG","Bulgaria",2001,4.555,0.209,0.002,36.6,102,63,62,89
"BG","Bulgaria",2002,4.252,0.206,0.002,33.91,105,64,62,93
"BG","Bulgaria",2003,4.898,0.203,0.002,38.78,96,65,63,87
"BG","Bulgaria",2004,4.772,0.199,0.002,37.53,100,66,65,91
"BG","Bulgaria",2005,4.801,0.196,0.002,37.52,101,66,65,93
"BG","Bulgaria",2006,4.825,0.193,0.002,37.47,100,67,66,92
"BG","Bulgaria",2007,5.397,0.19,0.002,41.66,92,68,67,89
"BG","Bulgaria",2008,5.115,0.187,0.002,39.26,96,70,69,90
"BG","Bulgaria",2009,4.161,0.184,0.002,31.77,109,71,70,100
"BG","Bulgaria",2010,4.402,0.182,0.002,33.42,110,72,71,99
"BG","Bulgaria",2011,6.728,0.179,0.002,50.75,70,74,73,81
"BG","Bulgaria",2012,6.009,0.177,0.002,45,78,74,74,86
"BG","Bulgaria",2013,5.363,0.174,0.002,39.85,95,74,74,91
"BG","Bulgaria",2014,5.757,0.172,0.002,42.44,86,76,76,90
"BG","Bulgaria",2015,6.174,0.17,0.002,45.13,73,76,76,87
"BG","Bulgaria",2016,2.84,0.169,0.003,20.58,137,76,58,124
"BG","Bulgaria",2017,3.163,0.167,0.003,22.72,132,77,58,122
"BG","Bulgaria",2018,2.738,0.166,0.003,19.49,139,77,58,124
"BG","Bulgaria",2019,2.503,0.164,0.003,17.65,144,77,59,128
"BG","Bulgaria",2020,1.807,0.162,0.003,12.61,162,77,62,137
"BG","Bulgaria",2021,NA,0.161,0.003,NA,NA,77,62,NA
"BG","Bulgaria",2022,NA,0.16,0.003,NA,NA,78,63,NA
"BF","Burkina Faso",1995,2.492,0.063,0.001,25.8,142,116,84,98
"BF","Burkina Faso",1996,2.538,0.064,0.001,26.96,140,116,84,99
"BF","Burkina Faso",1997,2.53,0.065,0.001,27.57,142,118,85,100
"BF","Burkina Faso",1998,2.535,0.066,0.001,28.4,142,117,87,101
"BF","Burkina Faso",1999,2.461,0.067,0.001,28.38,145,115,87,98
"BF","Burkina Faso",2000,2.506,0.068,0.001,29.78,144,115,88,98
"BF","Burkina Faso",2001,2.576,0.069,0.001,31.56,136,114,88,97
"BF","Burkina Faso",2002,2.552,0.07,0.001,32.24,137,113,88,96
"BF","Burkina Faso",2003,2.736,0.072,0.001,35.65,135,112,88,94
"BF","Burkina Faso",2004,2.691,0.073,0.001,36.18,136,112,90,95
"BF","Burkina Faso",2005,2.651,0.074,0.001,36.79,137,112,92,95
"BF","Burkina Faso",2006,2.571,0.075,0.001,36.8,142,112,92,94
"BF","Burkina Faso",2007,2.542,0.077,0.001,37.51,147,110,94,94
"BF","Burkina Faso",2008,2.521,0.078,0.001,38.31,145,108,94,92
"BF","Burkina Faso",2009,2.489,0.08,0.001,38.96,147,106,94,90
"BF","Burkina Faso",2010,2.488,0.081,0.001,40.1,145,106,96,91
"BF","Burkina Faso",2011,1.803,0.082,0.001,29.94,159,106,96,105
"BF","Burkina Faso",2012,1.789,0.083,0.001,30.62,160,106,97,107
"BF","Burkina Faso",2013,1.792,0.084,0.001,31.61,161,105,97,105
"BF","Burkina Faso",2014,1.766,0.085,0.001,32.09,161,105,97,103
"BF","Burkina Faso",2015,1.776,0.086,0.001,33.24,161,105,98,101
"BF","Burkina Faso",2016,2.746,0.086,0.001,52.94,140,105,98,80
"BF","Burkina Faso",2017,2.717,0.087,0.001,53.89,142,105,100,81
"BF","Burkina Faso",2018,2.685,0.088,0.001,54.76,140,105,101,80
"BF","Burkina Faso",2019,2.66,0.089,0.001,55.74,141,105,102,80
"BF","Burkina Faso",2020,2.619,0.089,0.001,56.36,139,105,103,78
"BF","Burkina Faso",2021,NA,0.09,0.001,NA,NA,105,104,NA
"BF","Burkina Faso",2022,NA,0.091,0.001,NA,NA,105,104,NA
"BI","Burundi",1995,1.111,0.036,0,6.59,176,135,126,144
"BI","Burundi",1996,1.118,0.035,0,6.63,175,136,128,144
"BI","Burundi",1997,1.131,0.035,0,6.7,173,136,129,143
"BI","Burundi",1998,1.117,0.035,0,6.74,173,136,129,146
"BI","Burundi",1999,1.107,0.034,0,6.84,173,137,130,146
"BI","Burundi",2000,1.091,0.034,0,6.88,172,137,130,145
"BI","Burundi",2001,0.738,0.034,0,4.77,180,137,133,151
"BI","Burundi",2002,0.716,0.034,0,4.76,181,137,135,151
"BI","Burundi",2003,0.691,0.033,0,4.74,184,137,135,151
"BI","Burundi",2004,0.673,0.033,0,4.79,183,137,135,152
"BI","Burundi",2005,0.656,0.033,0,4.85,185,137,135,153
"BI","Burundi",2006,0.654,0.033,0,5.01,185,137,135,153
"BI","Burundi",2007,0.639,0.032,0,5.08,185,137,136,153
"BI","Burundi",2008,0.629,0.032,0,5.21,186,137,136,153
"BI","Burundi",2009,0.615,0.032,0,5.36,185,137,136,153
"BI","Burundi",2010,0.625,0.032,0,5.7,186,138,135,153
"BI","Burundi",2011,0.103,0.032,0,0.97,186,138,135,167
"BI","Burundi",2012,0.106,0.032,0,1.04,186,138,136,166
"BI","Burundi",2013,0.141,0.032,0,1.43,186,138,137,165
"BI","Burundi",2014,0.135,0.032,0,1.42,186,138,138,165
"BI","Burundi",2015,0.133,0.032,0,1.43,186,138,138,165
"BI","Burundi",2016,0.621,0.031,0,6.77,186,139,138,152
"BI","Burundi",2017,0.662,0.031,0,7.38,186,139,138,151
"BI","Burundi",2018,0.661,0.031,0,7.6,186,139,139,151
"BI","Burundi",2019,0.611,0.031,0,7.25,186,139,139,152
"BI","Burundi",2020,0.584,0.031,0,7.14,185,140,140,151
"BI","Burundi",2021,NA,0.031,0.001,NA,NA,140,104,NA
"BI","Burundi",2022,NA,0.031,0.001,NA,NA,141,104,NA
"KH","Cambodia",1995,2.543,0.142,0.002,27.77,139,83,60,96
"KH","Cambodia",1996,2.11,0.142,0.002,23.59,149,83,60,104
"KH","Cambodia",1997,2.18,0.143,0.002,24.92,147,82,60,104
"KH","Cambodia",1998,2.437,0.143,0.002,28.44,146,83,61,100
"KH","Cambodia",1999,2.356,0.145,0.002,28.03,148,83,61,100
"KH","Cambodia",2000,2.176,0.145,0.002,26.37,149,83,62,101
"KH","Cambodia",2001,2.221,0.146,0.002,27.4,148,83,62,100
"KH","Cambodia",2002,2.39,0.146,0.002,30.02,145,83,62,100
"KH","Cambodia",2003,2.546,0.147,0.002,32.56,141,83,63,98
"KH","Cambodia",2004,2.571,0.148,0.002,33.46,141,82,65,98
"KH","Cambodia",2005,2.369,0.148,0.002,31.38,149,82,65,100
"KH","Cambodia",2006,2.615,0.148,0.002,35.24,139,82,66,96
"KH","Cambodia",2007,2.64,0.148,0.002,36.21,145,82,67,97
"KH","Cambodia",2008,2.576,0.147,0.002,35.92,143,82,69,97
"KH","Cambodia",2009,2.649,0.148,0.002,37.5,141,82,70,95
"KH","Cambodia",2010,2.531,0.148,0.002,36.35,143,82,71,97
"KH","Cambodia",2011,6.907,0.148,0.002,100.66,66,82,73,54
"KH","Cambodia",2012,6.674,0.148,0.002,98.68,68,82,74,57
"KH","Cambodia",2013,6.585,0.148,0.002,98.77,66,82,74,56
"KH","Cambodia",2014,6.526,0.149,0.002,99.27,66,80,76,55
"KH","Cambodia",2015,6.586,0.15,0.002,101.54,66,80,76,54
"KH","Cambodia",2016,4.337,0.15,0.002,67.77,109,80,77,71
"KH","Cambodia",2017,4.43,0.15,0.002,70.13,111,80,78,72
"KH","Cambodia",2018,4.344,0.151,0.002,69.61,110,80,79,71
"KH","Cambodia",2019,4.571,0.151,0.002,74.08,109,80,80,68
"KH","Cambodia",2020,4.565,0.151,0.002,74.85,108,81,80,66
"KH","Cambodia",2021,NA,0.151,0.002,NA,NA,81,81,NA
"KH","Cambodia",2022,NA,0.151,0.002,NA,NA,81,81,NA
"CM","Cameroon",1995,10.158,0.199,0.002,134.21,47,67,60,38
"CM","Cameroon",1996,9.986,0.201,0.002,135.56,49,67,60,39
"CM","Cameroon",1997,9.787,0.202,0.002,136.44,51,67,60,40
"CM","Cameroon",1998,9.81,0.203,0.002,140.42,49,66,61,37
"CM","Cameroon",1999,9.472,0.204,0.002,139.23,50,66,61,38
"CM","Cameroon",2000,9.328,0.204,0.002,140.78,50,66,62,38
"CM","Cameroon",2001,8.158,0.204,0.002,126.39,58,66,62,43
"CM","Cameroon",2002,7.946,0.204,0.002,126.46,60,66,62,45
"CM","Cameroon",2003,7.928,0.203,0.002,129.66,61,65,63,43
"CM","Cameroon",2004,7.511,0.202,0.002,126.26,67,65,65,45
"CM","Cameroon",2005,7.46,0.2,0.002,128.88,66,65,65,44
"CM","Cameroon",2006,7.107,0.199,0.003,126.16,70,65,53,45
"CM","Cameroon",2007,6.94,0.197,0.003,126.66,69,66,54,44
"CM","Cameroon",2008,6.774,0.196,0.003,127.19,73,66,54,45
"CM","Cameroon",2009,6.557,0.195,0.003,126.67,74,68,55,46
"CM","Cameroon",2010,6.391,0.194,0.003,127.05,79,68,56,48
"CM","Cameroon",2011,5.807,0.192,0.003,118.75,90,69,57,47
"CM","Cameroon",2012,5.654,0.19,0.003,118.92,93,69,57,49
"CM","Cameroon",2013,5.589,0.189,0.003,120.9,92,69,57,48
"CM","Cameroon",2014,5.462,0.188,0.003,121.8,95,70,57,47
"CM","Cameroon",2015,5.376,0.187,0.003,123.72,93,71,57,49
"CM","Cameroon",2016,5.294,0.187,0.003,125.54,99,70,58,50
"CM","Cameroon",2017,5.12,0.186,0.003,124.89,102,71,58,50
"CM","Cameroon",2018,5.012,0.185,0.003,125.68,104,71,58,49
"CM","Cameroon",2019,4.917,0.184,0.003,126.77,106,70,59,50
"CM","Cameroon",2020,4.847,0.183,0.003,128.4,100,70,62,48
"CM","Cameroon",2021,NA,0.182,0.003,NA,NA,70,62,NA
"CM","Cameroon",2022,NA,0.181,0.003,NA,NA,70,63,NA
"CA","Canada",1995,22.763,2.323,0.025,666.72,9,9,9,10
"CA","Canada",1996,23.272,2.32,0.025,688.72,9,9,9,10
"CA","Canada",1997,23.44,2.318,0.025,700.45,10,9,9,10
"CA","Canada",1998,23.779,2.318,0.026,716.81,9,9,9,10
"CA","Canada",1999,23.556,2.317,0.026,716.09,8,9,9,9
"CA","Canada",2000,23.921,2.319,0.027,733.98,9,9,9,9
"CA","Canada",2001,30.954,2.32,0.027,959.65,7,9,9,8
"CA","Canada",2002,31.311,2.321,0.027,980.74,7,9,9,8
"CA","Canada",2003,31.711,2.32,0.028,1002.7,5,9,9,8
"CA","Canada",2004,31.322,2.318,0.028,999.55,7,9,9,8
"CA","Canada",2005,31.451,2.315,0.029,1013.23,6,9,9,8
"CA","Canada",2006,30.804,2.31,0.029,1002.12,7,9,9,8
"CA","Canada",2007,31.513,2.305,0.03,1035.59,5,9,9,8
"CA","Canada",2008,30.437,2.298,0.03,1011.07,5,9,9,8
"CA","Canada",2009,29.057,2.288,0.03,976.14,5,9,9,8
"CA","Canada",2010,29.242,2.278,0.031,993.17,5,9,9,8
"CA","Canada",2011,24.581,2.266,0.031,843.7,9,9,9,8
"CA","Canada",2012,24.335,2.254,0.031,844.21,9,9,9,9
"CA","Canada",2013,24.423,2.242,0.032,856.35,9,9,9,9
"CA","Canada",2014,24.411,2.232,0.032,864.27,8,9,9,8
"CA","Canada",2015,24.165,2.221,0.033,863.46,8,9,9,8
"CA","Canada",2016,21.129,2.209,0.033,763.06,15,9,9,10
"CA","Canada",2017,21.338,2.198,0.033,779.98,13,9,9,10
"CA","Canada",2018,21.571,2.185,0.034,798.87,14,9,9,9
"CA","Canada",2019,20.835,2.173,0.034,781.78,13,9,9,9
"CA","Canada",2020,19.308,2.159,0.034,731.54,16,9,9,9
"CA","Canada",2021,NA,2.145,0.035,NA,NA,9,9,NA
"CA","Canada",2022,NA,2.13,0.035,NA,NA,9,9,NA
"CV","Cape Verde",1995,-0.34,0.001,0,-0.14,187,171,126,186
"CV","Cape Verde",1996,-0.356,0.001,0,-0.15,186,171,128,186
"CV","Cape Verde",1997,-0.302,0.001,0,-0.13,186,171,129,186
"CV","Cape Verde",1998,-0.227,0.001,0,-0.1,186,171,129,186
"CV","Cape Verde",1999,-0.111,0.001,0,-0.05,186,171,130,186
"CV","Cape Verde",2000,-0.109,0.001,0,-0.05,186,171,130,186
"CV","Cape Verde",2001,0.944,0.001,0,0.44,177,171,133,172
"CV","Cape Verde",2002,1.014,0.001,0,0.48,176,171,135,172
"CV","Cape Verde",2003,1.041,0.001,0,0.5,175,172,135,173
"CV","Cape Verde",2004,1.048,0.001,0,0.51,174,172,135,173
"CV","Cape Verde",2005,1.096,0.001,0,0.54,174,172,135,173
"CV","Cape Verde",2006,1.203,0.001,0,0.6,173,172,135,170
"CV","Cape Verde",2007,1.07,0.001,0,0.54,175,172,136,173
"CV","Cape Verde",2008,1.097,0.001,0,0.56,175,172,136,173
"CV","Cape Verde",2009,1.164,0.001,0,0.6,174,172,136,172
"CV","Cape Verde",2010,1.228,0.001,0,0.64,172,172,135,171
"CV","Cape Verde",2011,1.251,0.001,0,0.66,173,172,135,169
"CV","Cape Verde",2012,1.18,0.001,0,0.63,176,172,136,171
"CV","Cape Verde",2013,1.13,0.001,0,0.61,177,172,137,171
"CV","Cape Verde",2014,1.099,0.001,0,0.6,176,172,138,171
"CV","Cape Verde",2015,1.105,0.001,0,0.61,176,172,138,172
"CV","Cape Verde",2016,1.182,0.001,0,0.66,177,172,138,173
"CV","Cape Verde",2017,1.204,0.001,0,0.68,177,172,138,173
"CV","Cape Verde",2018,1.208,0.001,0,0.69,176,172,139,174
"CV","Cape Verde",2019,1.248,0.001,0,0.72,174,172,139,173
"CV","Cape Verde",2020,1.253,0.001,0,0.73,174,172,140,171
"CV","Cape Verde",2021,NA,0.001,0,NA,NA,172,142,NA
"CV","Cape Verde",2022,NA,0.001,0,NA,NA,172,142,NA
"CF","Central African Republic",1995,16.364,0.08,0.001,53.62,19,106,84,72
"CF","Central African Republic",1996,11.369,0.081,0.001,38.24,41,104,84,84
"CF","Central African Republic",1997,12.008,0.082,0.001,41.53,36,103,85,83
"CF","Central African Republic",1998,13.147,0.083,0.001,46.74,32,103,87,79
"CF","Central African Republic",1999,11.764,0.083,0.001,43,36,103,87,83
"CF","Central African Republic",2000,11.763,0.083,0.001,44.22,38,103,88,82
"CF","Central African Republic",2001,14.833,0.084,0.001,57.03,24,103,88,72
"CF","Central African Republic",2002,13.306,0.083,0.001,52.3,29,103,88,76
"CF","Central African Republic",2003,17.098,0.084,0.001,68.85,19,104,88,69
"CF","Central African Republic",2004,13.489,0.084,0.001,55.51,31,104,90,74
"CF","Central African Republic",2005,15.056,0.084,0.001,63.37,24,103,92,71
"CF","Central African Republic",2006,14.435,0.084,0.001,61.99,26,103,92,72
"CF","Central African Republic",2007,14.807,0.084,0.001,64.79,24,104,94,73
"CF","Central African Republic",2008,14.351,0.085,0.001,64.11,27,103,94,73
"CF","Central African Republic",2009,11.309,0.085,0.001,51.62,37,104,94,79
"CF","Central African Republic",2010,12.998,0.084,0.001,60.57,29,105,96,77
"CF","Central African Republic",2011,13.404,0.084,0.001,63.43,28,105,96,74
"CF","Central African Republic",2012,12.193,0.083,0.001,58.2,33,106,97,77
"CF","Central African Republic",2013,11.692,0.082,0.001,56.15,33,108,97,76
"CF","Central African Republic",2014,10.959,0.082,0.001,52.59,35,108,97,77
"CF","Central African Republic",2015,11.423,0.081,0.001,55.05,32,109,98,76
"CF","Central African Republic",2016,12.964,0.081,0.001,63.58,29,109,98,75
"CF","Central African Republic",2017,11.544,0.08,0.001,57.68,34,110,100,79
"CF","Central African Republic",2018,11.294,0.079,0.001,57.54,35,110,101,79
"CF","Central African Republic",2019,10.681,0.079,0.001,55.64,36,110,102,81
"CF","Central African Republic",2020,10.391,0.078,0.001,55.52,36,110,103,80
"CF","Central African Republic",2021,NA,0.077,0.001,NA,NA,111,104,NA
"CF","Central African Republic",2022,NA,0.077,0.001,NA,NA,111,104,NA
"TD","Chad",1995,5.01,0.074,0.001,34.51,106,109,84,88
"TD","Chad",1996,5.271,0.077,0.001,37.95,99,108,84,85
"TD","Chad",1997,5.324,0.079,0.001,39.67,100,108,85,87
"TD","Chad",1998,5.737,0.081,0.001,44.23,93,104,87,81
"TD","Chad",1999,5.771,0.083,0.001,46.06,87,103,87,79
"TD","Chad",2000,5.611,0.086,0.001,46.34,91,100,88,78
"TD","Chad",2001,5.915,0.088,0.001,50.51,85,98,88,79
"TD","Chad",2002,6.196,0.09,0.001,54.76,83,98,88,74
"TD","Chad",2003,6.418,0.093,0.001,59.02,79,99,88,74
"TD","Chad",2004,6.471,0.096,0.001,62.21,81,99,90,71
"TD","Chad",2005,6.555,0.099,0.001,65.58,75,98,92,69
"TD","Chad",2006,6.462,0.102,0.001,66.98,78,98,92,69
"TD","Chad",2007,6.468,0.105,0.001,69.36,76,97,94,70
"TD","Chad",2008,6.281,0.109,0.001,69.71,82,95,94,69
"TD","Chad",2009,6.061,0.112,0.001,69.68,81,94,94,68
"TD","Chad",2010,6.149,0.116,0.002,73.14,81,94,71,66
"TD","Chad",2011,6.88,0.119,0.002,84.75,68,91,73,61
"TD","Chad",2012,6.913,0.123,0.002,88.17,65,90,74,62
"TD","Chad",2013,6.8,0.127,0.002,89.87,61,88,74,60
"TD","Chad",2014,6.741,0.13,0.002,92.33,61,88,76,59
"TD","Chad",2015,6.861,0.134,0.002,97.02,60,85,76,56
"TD","Chad",2016,6.836,0.138,0.002,99.75,70,83,77,56
"TD","Chad",2017,6.731,0.142,0.002,101.55,73,82,78,55
"TD","Chad",2018,6.789,0.146,0.002,105.93,71,81,79,56
"TD","Chad",2019,6.743,0.15,0.002,108.75,73,81,80,54
"TD","Chad",2020,6.849,0.154,0.002,114,67,80,80,52
"TD","Chad",2021,NA,0.159,0.003,NA,NA,80,62,NA
"TD","Chad",2022,NA,0.164,0.003,NA,NA,77,63,NA
"CL","Chile",1995,2.757,0.27,0.003,39.74,136,54,48,83
"CL","Chile",1996,3.163,0.27,0.003,46.23,128,54,48,79
"CL","Chile",1997,3.607,0.27,0.003,53.42,120,54,49,73
"CL","Chile",1998,3.631,0.27,0.003,54.46,121,54,49,72
"CL","Chile",1999,3.78,0.27,0.003,57.36,119,54,51,69
"CL","Chile",2000,3.477,0.27,0.003,53.38,121,54,51,75
"CL","Chile",2001,2.09,0.269,0.003,32.45,150,54,52,94
"CL","Chile",2002,2.113,0.268,0.003,33.16,152,54,52,94
"CL","Chile",2003,2.135,0.267,0.003,33.86,151,54,52,96
"CL","Chile",2004,2.449,0.266,0.003,39.23,145,54,52,88
"CL","Chile",2005,2.465,0.266,0.003,39.88,144,54,53,88
"CL","Chile",2006,2.519,0.265,0.003,41.14,145,54,53,88
"CL","Chile",2007,2.964,0.265,0.003,48.9,132,54,54,84
"CL","Chile",2008,3.228,0.265,0.003,53.78,121,54,54,80
"CL","Chile",2009,3.047,0.265,0.004,51.29,128,54,47,82
"CL","Chile",2010,3.317,0.265,0.004,56.4,121,54,47,79
"CL","Chile",2011,1.028,0.264,0.004,17.66,179,55,48,125
"CL","Chile",2012,1.157,0.264,0.004,20.06,177,53,49,121
"CL","Chile",2013,1.326,0.263,0.004,23.21,172,53,49,116
"CL","Chile",2014,0.898,0.262,0.004,15.89,181,53,50,127
"CL","Chile",2015,1.232,0.261,0.004,22.01,175,53,50,118
"CL","Chile",2016,2.735,0.26,0.004,49.46,141,53,50,87
"CL","Chile",2017,2.796,0.259,0.004,51.35,139,53,50,83
"CL","Chile",2018,2.682,0.258,0.004,50.16,141,53,51,87
"CL","Chile",2019,2.961,0.257,0.004,56.37,135,53,51,79
"CL","Chile",2020,2.575,0.256,0.004,49.69,140,54,51,87
"CL","Chile",2021,NA,0.255,0.004,NA,NA,54,52,NA
"CL","Chile",2022,NA,0.254,0.004,NA,NA,54,52,NA
"CN","China",1995,3.252,7.613,0.08,3961.46,128,3,3,2
"CN","China",1996,3.243,7.741,0.083,3982.98,126,3,3,2
"CN","China",1997,3.214,7.851,0.086,3978.52,128,3,2,2
"CN","China",1998,3.286,7.951,0.088,4096.86,125,2,2,2
"CN","China",1999,3.209,8.052,0.091,4029.26,126,2,2,2
"CN","China",2000,3.34,8.15,0.093,4221.71,123,2,2,2
"CN","China",2001,3.481,8.246,0.096,4430.46,116,2,2,2
"CN","China",2002,3.687,8.349,0.099,4723.4,112,2,2,2
"CN","China",2003,4.187,8.475,0.102,5395.93,109,2,2,2
"CN","China",2004,4.751,8.62,0.105,6161.01,102,2,2,2
"CN","China",2005,5.314,8.788,0.109,6934.07,94,2,2,1
"CN","China",2006,5.798,8.973,0.113,7612.85,87,2,2,1
"CN","China",2007,6.221,9.169,0.118,8221.63,81,2,2,1
"CN","China",2008,6.373,9.374,0.122,8477.05,80,2,2,1
"CN","China",2009,6.759,9.589,0.127,9051.17,69,2,2,1
"CN","China",2010,7.33,9.816,0.132,9882.38,62,2,2,1
"CN","China",2011,7.65,10.073,0.138,10382.27,58,2,2,1
"CN","China",2012,7.806,10.324,0.144,10667.19,57,2,2,1
"CN","China",2013,8.106,10.576,0.15,11154.26,57,2,2,1
"CN","China",2014,8.11,10.824,0.156,11233.38,54,2,2,1
"CN","China",2015,7.962,11.052,0.162,11097.28,55,2,2,1
"CN","China",2016,7.936,11.264,0.168,11126.01,62,2,2,1
"CN","China",2017,8.06,11.481,0.174,11366.6,60,2,2,1
"CN","China",2018,8.381,11.706,0.18,11877.1,54,2,2,1
"CN","China",2019,8.499,11.934,0.186,12085.05,53,2,2,1
"CN","China",2020,8.629,12.175,0.193,12295.62,48,2,2,1
"CN","China",2021,NA,12.416,0.2,NA,NA,2,2,NA
"CN","China",2022,NA,12.659,0.207,NA,NA,2,2,NA
"CO","Colombia",1995,6.495,1.05,0.011,233.64,84,19,19,27
"CO","Colombia",1996,6.379,1.044,0.011,233.69,85,19,19,28
"CO","Colombia",1997,6.43,1.04,0.011,239.78,85,19,19,29
"CO","Colombia",1998,6.374,1.037,0.012,241.85,83,19,18,29
"CO","Colombia",1999,5.97,1.031,0.012,230.34,85,19,18,30
"CO","Colombia",2000,5.98,1.024,0.012,234.49,84,19,18,30
"CO","Colombia",2001,5.618,1.017,0.012,223.82,88,18,18,29
"CO","Colombia",2002,5.484,1.011,0.012,221.87,89,18,18,30
"CO","Colombia",2003,5.447,1.008,0.012,223.64,91,18,18,30
"CO","Colombia",2004,5.416,1.001,0.012,225.57,92,19,18,30
"CO","Colombia",2005,5.356,0.994,0.012,226.14,93,19,19,32
"CO","Colombia",2006,5.306,0.986,0.012,226.95,94,19,19,32
"CO","Colombia",2007,5.367,0.978,0.013,232.41,93,19,18,32
"CO","Colombia",2008,5.334,0.971,0.013,233.7,91,19,18,33
"CO","Colombia",2009,5.354,0.963,0.013,237.25,90,19,19,33
"CO","Colombia",2010,5.411,0.956,0.013,242.52,90,20,19,33
"CO","Colombia",2011,4.911,0.95,0.013,222.49,101,20,20,32
"CO","Colombia",2012,4.818,0.95,0.013,220.57,102,20,20,34
"CO","Colombia",2013,4.95,0.945,0.013,228.88,102,20,20,34
"CO","Colombia",2014,4.982,0.938,0.014,232.56,98,20,20,34
"CO","Colombia",2015,4.919,0.93,0.014,231.77,102,20,20,34
"CO","Colombia",2016,5.504,0.923,0.014,262.11,93,20,20,33
"CO","Colombia",2017,5.326,0.916,0.014,257.52,96,20,20,33
"CO","Colombia",2018,5.413,0.908,0.014,266.74,94,20,20,34
"CO","Colombia",2019,5.371,0.902,0.014,269.55,96,20,20,34
"CO","Colombia",2020,5.307,0.896,0.014,270.31,90,20,20,30
"CO","Colombia",2021,NA,0.89,0.014,NA,NA,20,20,NA
"CO","Colombia",2022,NA,0.883,0.014,NA,NA,21,20,NA
"KM","Comoros",1995,0.723,0.001,0,0.35,181,171,126,172
"KM","Comoros",1996,0.708,0.001,0,0.35,181,171,128,172
"KM","Comoros",1997,0.713,0.001,0,0.36,181,171,129,173
"KM","Comoros",1998,0.717,0.001,0,0.37,180,171,129,174
"KM","Comoros",1999,0.722,0.001,0,0.38,180,171,130,174
"KM","Comoros",2000,0.671,0.001,0,0.36,182,171,130,174
"KM","Comoros",2001,0.694,0.001,0,0.38,181,171,133,174
"KM","Comoros",2002,0.698,0.001,0,0.39,183,171,135,174
"KM","Comoros",2003,0.719,0.002,0,0.41,181,170,135,175
"KM","Comoros",2004,0.723,0.002,0,0.42,181,170,135,175
"KM","Comoros",2005,0.776,0.002,0,0.46,181,170,135,175
"KM","Comoros",2006,0.761,0.002,0,0.46,181,170,135,175
"KM","Comoros",2007,0.616,0.002,0,0.38,186,170,136,175
"KM","Comoros",2008,0.651,0.002,0,0.41,185,170,136,175
"KM","Comoros",2009,0.685,0.002,0,0.44,183,170,136,175
"KM","Comoros",2010,0.732,0.002,0,0.48,184,170,135,175
"KM","Comoros",2011,0.716,0.002,0,0.48,183,170,135,174
"KM","Comoros",2012,0.716,0.002,0,0.49,183,170,136,174
"KM","Comoros",2013,0.758,0.002,0,0.53,183,170,137,174
"KM","Comoros",2014,0.728,0.002,0,0.52,183,170,138,174
"KM","Comoros",2015,0.74,0.002,0,0.54,183,170,138,174
"KM","Comoros",2016,0.75,0.002,0,0.56,184,170,138,176
"KM","Comoros",2017,0.827,0.002,0,0.63,184,170,138,176
"KM","Comoros",2018,0.837,0.002,0,0.65,183,170,139,176
"KM","Comoros",2019,0.86,0.002,0,0.68,183,170,139,175
"KM","Comoros",2020,0.843,0.002,0,0.68,181,170,140,173
"KM","Comoros",2021,NA,0.002,0,NA,NA,170,142,NA
"KM","Comoros",2022,NA,0.002,0,NA,NA,170,142,NA
"CG","Congo (Brazzaville)",1995,6.794,0.111,0.001,18.63,78,94,84,118
"CG","Congo (Brazzaville)",1996,6.671,0.112,0.001,18.79,77,93,84,117
"CG","Congo (Brazzaville)",1997,6.796,0.113,0.001,19.54,80,93,85,118
"CG","Congo (Brazzaville)",1998,7.146,0.115,0.001,20.99,75,93,87,115
"CG","Congo (Brazzaville)",1999,7.154,0.116,0.001,21.58,74,92,87,112
"CG","Congo (Brazzaville)",2000,6.956,0.117,0.001,21.8,75,92,88,113
"CG","Congo (Brazzaville)",2001,6.496,0.118,0.001,21.14,79,92,88,112
"CG","Congo (Brazzaville)",2002,5.659,0.118,0.001,18.85,87,92,88,121
"CG","Congo (Brazzaville)",2003,5.971,0.118,0.001,20.45,85,92,88,120
"CG","Congo (Brazzaville)",2004,5.961,0.118,0.001,21.12,86,92,90,118
"CG","Congo (Brazzaville)",2005,6.319,0.118,0.001,23.21,79,92,92,116
"CG","Congo (Brazzaville)",2006,6.501,0.119,0.001,24.79,77,92,92,114
"CG","Congo (Brazzaville)",2007,5.647,0.119,0.002,22.34,90,92,67,119
"CG","Congo (Brazzaville)",2008,5.585,0.119,0.002,22.84,90,92,69,118
"CG","Congo (Brazzaville)",2009,5.654,0.119,0.002,24.07,87,92,70,119
"CG","Congo (Brazzaville)",2010,5.89,0.119,0.002,26.14,84,92,71,116
"CG","Congo (Brazzaville)",2011,5.702,0.119,0.002,26.14,92,91,73,113
"CG","Congo (Brazzaville)",2012,5.374,0.119,0.002,25.33,98,92,74,114
"CG","Congo (Brazzaville)",2013,5.157,0.119,0.002,24.9,97,92,74,114
"CG","Congo (Brazzaville)",2014,4.896,0.119,0.002,24.21,102,92,76,114
"CG","Congo (Brazzaville)",2015,4.942,0.118,0.002,25.03,100,91,76,114
"CG","Congo (Brazzaville)",2016,4.982,0.117,0.002,25.84,104,92,77,115
"CG","Congo (Brazzaville)",2017,4.922,0.117,0.002,26.15,105,92,78,115
"CG","Congo (Brazzaville)",2018,5.334,0.116,0.002,29.02,96,92,79,114
"CG","Congo (Brazzaville)",2019,5.448,0.116,0.002,30.35,94,92,80,113
"CG","Congo (Brazzaville)",2020,5.196,0.115,0.002,29.63,93,93,80,112
"CG","Congo (Brazzaville)",2021,NA,0.114,0.002,NA,NA,93,81,NA
"CG","Congo (Brazzaville)",2022,NA,0.113,0.002,NA,NA,93,81,NA
"CD","Congo (Kinshasa)",1995,10.121,0.522,0.006,438.11,48,30,27,17
"CD","Congo (Kinshasa)",1996,9.722,0.524,0.006,428.94,50,32,27,16
"CD","Congo (Kinshasa)",1997,9.719,0.526,0.006,435.61,53,32,27,17
"CD","Congo (Kinshasa)",1998,9.532,0.529,0.006,437.49,51,32,27,16
"CD","Congo (Kinshasa)",1999,9.096,0.531,0.006,429.59,54,32,27,17
"CD","Congo (Kinshasa)",2000,8.759,0.534,0.006,425.82,54,32,28,18
"CD","Congo (Kinshasa)",2001,8.411,0.536,0.006,421.45,57,32,30,18
"CD","Congo (Kinshasa)",2002,8.431,0.537,0.006,435.56,56,32,31,18
"CD","Congo (Kinshasa)",2003,8.343,0.539,0.006,443.92,57,31,31,19
"CD","Congo (Kinshasa)",2004,8.16,0.541,0.007,447.32,59,31,27,18
"CD","Congo (Kinshasa)",2005,7.917,0.543,0.007,447.72,63,31,29,18
"CD","Congo (Kinshasa)",2006,7.716,0.544,0.007,450.46,64,31,29,18
"CD","Congo (Kinshasa)",2007,7.341,0.545,0.007,442.6,65,32,31,20
"CD","Congo (Kinshasa)",2008,7.185,0.55,0.007,447.28,66,32,31,20
"CD","Congo (Kinshasa)",2009,6.951,0.56,0.007,446.76,67,32,32,18
"CD","Congo (Kinshasa)",2010,6.778,0.572,0.008,450.03,69,32,28,18
"CD","Congo (Kinshasa)",2011,9.962,0.586,0.008,683.91,46,32,29,12
"CD","Congo (Kinshasa)",2012,9.575,0.601,0.008,679.82,48,32,32,12
"CD","Congo (Kinshasa)",2013,9.31,0.617,0.009,683.93,49,32,27,11
"CD","Congo (Kinshasa)",2014,9,0.63,0.009,684.35,48,31,27,12
"CD","Congo (Kinshasa)",2015,8.736,0.641,0.009,687.14,50,29,29,13
"CD","Congo (Kinshasa)",2016,8.44,0.653,0.01,687.28,54,29,24,13
"CD","Congo (Kinshasa)",2017,8.174,0.664,0.01,688.95,58,28,27,13
"CD","Congo (Kinshasa)",2018,7.836,0.674,0.01,682.44,60,27,27,12
"CD","Congo (Kinshasa)",2019,7.638,0.681,0.011,686.72,60,27,25,12
"CD","Congo (Kinshasa)",2020,7.41,0.69,0.011,688.06,58,26,26,11
"CD","Congo (Kinshasa)",2021,NA,0.699,0.011,NA,NA,26,26,NA
"CD","Congo (Kinshasa)",2022,NA,0.706,0.012,NA,NA,26,25,NA
"CR","Costa Rica",1995,3.485,0.094,0.001,12.45,123,97,84,127
"CR","Costa Rica",1996,3.397,0.093,0.001,12.42,122,98,84,127
"CR","Costa Rica",1997,3.335,0.092,0.001,12.47,125,98,85,127
"CR","Costa Rica",1998,3.452,0.091,0.001,13.19,123,98,87,127
"CR","Costa Rica",1999,3.33,0.09,0.001,12.99,125,98,87,127
"CR","Costa Rica",2000,3.227,0.089,0.001,12.84,126,98,88,126
"CR","Costa Rica",2001,2.526,0.088,0.001,10.24,139,98,88,133
"CR","Costa Rica",2002,2.486,0.087,0.001,10.25,139,100,88,134
"CR","Costa Rica",2003,2.535,0.086,0.001,10.62,142,100,88,134
"CR","Costa Rica",2004,2.5,0.085,0.001,10.63,143,103,90,134
"CR","Costa Rica",2005,2.586,0.084,0.001,11.16,141,103,92,133
"CR","Costa Rica",2006,2.624,0.082,0.001,11.49,138,106,92,132
"CR","Costa Rica",2007,2.905,0.081,0.001,12.9,134,106,94,130
"CR","Costa Rica",2008,2.897,0.081,0.001,13.04,133,106,94,130
"CR","Costa Rica",2009,2.763,0.08,0.001,12.61,137,106,94,130
"CR","Costa Rica",2010,2.756,0.079,0.001,12.74,138,109,96,130
"CR","Costa Rica",2011,1.412,0.078,0.001,6.61,168,111,96,150
"CR","Costa Rica",2012,1.393,0.077,0.001,6.6,169,111,97,150
"CR","Costa Rica",2013,1.484,0.076,0.001,7.11,168,111,97,149
"CR","Costa Rica",2014,1.468,0.075,0.001,7.11,167,111,97,149
"CR","Costa Rica",2015,1.436,0.074,0.001,7.03,166,112,98,149
"CR","Costa Rica",2016,1.583,0.073,0.001,7.83,168,114,98,149
"CR","Costa Rica",2017,1.626,0.073,0.001,8.12,168,114,100,148
"CR","Costa Rica",2018,1.672,0.072,0.001,8.43,167,114,101,148
"CR","Costa Rica",2019,1.652,0.071,0.001,8.4,169,115,102,149
"CR","Costa Rica",2020,1.382,0.071,0.001,7.08,171,114,103,152
"CR","Costa Rica",2021,NA,0.07,0.001,NA,NA,115,104,NA
"CR","Costa Rica",2022,NA,0.07,0.001,NA,NA,115,104,NA
"CI","Ivory Coast",1995,5.639,0.331,0.004,80.63,96,47,38,56
"CI","Ivory Coast",1996,5.509,0.332,0.004,81.6,95,47,40,58
"CI","Ivory Coast",1997,5.435,0.333,0.004,83.35,96,47,40,54
"CI","Ivory Coast",1998,5.304,0.334,0.004,84.12,99,47,41,55
"CI","Ivory Coast",1999,5.281,0.334,0.004,86.32,96,47,42,55
"CI","Ivory Coast",2000,5.138,0.334,0.004,86.32,98,47,42,54
"CI","Ivory Coast",2001,2.987,0.334,0.004,51.52,125,47,42,77
"CI","Ivory Coast",2002,2.936,0.333,0.004,51.92,127,47,44,77
"CI","Ivory Coast",2003,2.719,0.332,0.004,49.26,136,48,44,81
"CI","Ivory Coast",2004,2.571,0.331,0.004,47.67,141,48,46,82
"CI","Ivory Coast",2005,2.583,0.329,0.004,49,142,48,46,83
"CI","Ivory Coast",2006,2.477,0.328,0.004,48.04,147,48,46,83
"CI","Ivory Coast",2007,2.395,0.326,0.004,47.47,151,48,47,85
"CI","Ivory Coast",2008,2.322,0.324,0.004,47.01,151,49,47,86
"CI","Ivory Coast",2009,2.203,0.322,0.004,45.56,154,48,47,86
"CI","Ivory Coast",2010,2.142,0.32,0.004,45.23,154,48,47,87
"CI","Ivory Coast",2011,2.08,0.318,0.004,44.86,152,49,48,85
"CI","Ivory Coast",2012,2.112,0.316,0.004,46.49,151,49,49,85
"CI","Ivory Coast",2013,2.133,0.314,0.004,47.92,148,49,49,84
"CI","Ivory Coast",2014,2.079,0.312,0.005,47.81,148,49,45,84
"CI","Ivory Coast",2015,2.06,0.311,0.005,48.62,150,49,46,83
"CI","Ivory Coast",2016,2.07,0.309,0.005,50.13,155,49,46,85
"CI","Ivory Coast",2017,2.038,0.307,0.005,50.65,155,49,47,84
"CI","Ivory Coast",2018,1.983,0.305,0.005,50.55,157,49,47,86
"CI","Ivory Coast",2019,1.976,0.303,0.005,51.66,157,49,47,87
"CI","Ivory Coast",2020,1.957,0.302,0.005,52.47,154,49,47,85
"CI","Ivory Coast",2021,NA,0.3,0.005,NA,NA,49,47,NA
"CI","Ivory Coast",2022,NA,0.298,0.005,NA,NA,49,47,NA
"HR","Croatia",1995,5.122,0.072,0.001,24.62,102,110,84,102
"HR","Croatia",1996,4.997,0.072,0.001,23.78,102,111,84,102
"HR","Croatia",1997,5.389,0.071,0.001,25.39,99,111,85,102
"HR","Croatia",1998,5.537,0.071,0.001,25.8,95,112,87,104
"HR","Croatia",1999,5.498,0.07,0.001,25.32,92,114,87,104
"HR","Croatia",2000,5.356,0.07,0.001,24.36,93,114,88,108
"HR","Croatia",2001,5.589,0.069,0.001,25.19,90,114,88,105
"HR","Croatia",2002,5.853,0.069,0.001,26.24,86,116,88,105
"HR","Croatia",2003,6.131,0.068,0.001,27.35,84,117,88,103
"HR","Croatia",2004,6.092,0.068,0.001,27.07,85,116,90,105
"HR","Croatia",2005,6.097,0.067,0.001,27.01,84,116,92,104
"HR","Croatia",2006,6.279,0.067,0.001,27.74,81,117,92,106
"HR","Croatia",2007,6.639,0.067,0.001,29.25,75,118,94,106
"HR","Croatia",2008,6.471,0.066,0.001,28.43,78,118,94,107
"HR","Croatia",2009,5.906,0.066,0.001,25.88,85,117,94,114
"HR","Croatia",2010,5.796,0.066,0.001,25.32,86,117,96,118
"HR","Croatia",2011,5.602,0.065,0.001,24.38,95,118,96,116
"HR","Croatia",2012,5.169,0.065,0.001,22.39,100,118,97,117
"HR","Croatia",2013,4.943,0.064,0.001,21.3,103,119,97,121
"HR","Croatia",2014,4.785,0.064,0.001,20.5,105,119,97,120
"HR","Croatia",2015,4.961,0.064,0.001,21.11,99,119,98,121
"HR","Croatia",2016,4.34,0.063,0.001,18.33,108,119,98,125
"HR","Croatia",2017,4.527,0.063,0.001,18.98,107,118,100,125
"HR","Croatia",2018,4.295,0.062,0.001,17.87,111,118,101,126
"HR","Croatia",2019,4.349,0.062,0.001,17.96,113,118,102,125
"HR","Croatia",2020,4.162,0.062,0.001,17.05,110,118,103,127
"HR","Croatia",2021,NA,0.061,0.001,NA,NA,119,104,NA
"HR","Croatia",2022,NA,0.061,0.001,NA,NA,119,104,NA
"CU","Cuba",1995,2.532,0.255,0.003,27.67,140,56,48,97
"CU","Cuba",1996,2.767,0.252,0.003,30.34,135,57,48,93
"CU","Cuba",1997,2.962,0.25,0.003,32.58,131,57,49,92
"CU","Cuba",1998,2.909,0.248,0.003,32.1,133,57,49,94
"CU","Cuba",1999,2.938,0.245,0.003,32.52,133,57,51,93
"CU","Cuba",2000,2.958,0.244,0.003,32.85,131,57,51,94
"CU","Cuba",2001,2.911,0.241,0.003,32.43,128,57,52,95
"CU","Cuba",2002,2.794,0.239,0.003,31.21,131,57,52,97
"CU","Cuba",2003,2.706,0.236,0.003,30.31,137,57,52,100
"CU","Cuba",2004,2.649,0.234,0.003,29.74,138,58,52,101
"CU","Cuba",2005,2.653,0.231,0.003,29.84,136,58,53,101
"CU","Cuba",2006,2.735,0.228,0.003,30.8,136,58,53,101
"CU","Cuba",2007,2.815,0.225,0.003,31.73,138,58,54,101
"CU","Cuba",2008,2.753,0.223,0.003,31.05,138,58,54,100
"CU","Cuba",2009,2.83,0.22,0.003,31.93,135,59,55,99
"CU","Cuba",2010,2.929,0.217,0.003,33.07,132,59,56,100
"CU","Cuba",2011,2.705,0.215,0.003,30.56,138,59,57,103
"CU","Cuba",2012,2.796,0.212,0.003,31.62,137,60,57,103
"CU","Cuba",2013,2.825,0.209,0.003,31.98,134,61,57,104
"CU","Cuba",2014,2.634,0.207,0.003,29.85,138,62,57,107
"CU","Cuba",2015,2.81,0.204,0.003,31.86,135,62,57,104
"CU","Cuba",2016,3.486,0.202,0.003,39.54,121,62,58,94
"CU","Cuba",2017,3.374,0.199,0.003,38.25,122,64,58,98
"CU","Cuba",2018,3.415,0.197,0.003,38.69,124,64,58,99
"CU","Cuba",2019,3.209,0.194,0.003,36.31,129,65,59,105
"CU","Cuba",2020,3.152,0.192,0.003,35.62,124,67,62,103
"CU","Cuba",2021,NA,0.19,0.003,NA,NA,67,62,NA
"CU","Cuba",2022,NA,0.187,0.003,NA,NA,67,63,NA
"CY","Cyprus",1995,7.815,0.008,0,6.74,64,160,126,142
"CY","Cyprus",1996,8.102,0.008,0,7.13,62,161,128,142
"CY","Cyprus",1997,8.034,0.009,0,7.21,65,159,129,142
"CY","Cyprus",1998,8.243,0.009,0,7.54,64,159,129,141
"CY","Cyprus",1999,8.394,0.009,0,7.82,59,159,130,141
"CY","Cyprus",2000,8.532,0.009,0,8.09,57,160,130,140
"CY","Cyprus",2001,8.095,0.009,0,7.81,59,161,133,140
"CY","Cyprus",2002,8.186,0.009,0,8.04,58,161,135,138
"CY","Cyprus",2003,8.707,0.009,0,8.71,56,161,135,139
"CY","Cyprus",2004,8.491,0.01,0,8.65,56,158,135,138
"CY","Cyprus",2005,8.447,0.01,0,8.76,58,158,135,139
"CY","Cyprus",2006,8.432,0.01,0,8.9,59,159,135,140
"CY","Cyprus",2007,8.595,0.01,0,9.23,57,158,136,140
"CY","Cyprus",2008,8.651,0.01,0,9.45,58,158,136,138
"CY","Cyprus",2009,8.344,0.01,0,9.27,58,158,136,139
"CY","Cyprus",2010,7.923,0.011,0,8.95,59,155,135,140
"CY","Cyprus",2011,7.545,0.011,0,8.64,59,155,135,144
"CY","Cyprus",2012,7.029,0.011,0,8.13,63,155,136,146
"CY","Cyprus",2013,6.358,0.011,0,7.42,70,155,137,147
"CY","Cyprus",2014,6.644,0.011,0,7.82,64,155,138,146
"CY","Cyprus",2015,6.654,0.011,0,7.9,64,155,138,146
"CY","Cyprus",2016,6.971,0.011,0,8.35,68,155,138,147
"CY","Cyprus",2017,7.025,0.011,0,8.49,69,155,138,147
"CY","Cyprus",2018,6.818,0.011,0,8.31,70,155,139,150
"CY","Cyprus",2019,6.746,0.011,0,8.29,72,155,139,150
"CY","Cyprus",2020,6.351,0.011,0,7.86,71,155,140,148
"CY","Cyprus",2021,NA,0.011,0,NA,NA,155,142,NA
"CY","Cyprus",2022,NA,0.012,0,NA,NA,153,142,NA
"CZ","Czech Republic",NA,NA,NA,NA,NA,NA,NA,NA,NA
"DK","Denmark",1995,15.029,0.217,0.002,78.68,22,62,60,59
"DK","Denmark",1996,17.544,0.217,0.002,92.21,19,62,60,52
"DK","Denmark",1997,15.64,0.216,0.002,82.54,19,62,60,55
"DK","Denmark",1998,14.822,0.215,0.002,78.54,23,63,61,57
"DK","Denmark",1999,14.243,0.215,0.002,75.77,24,63,61,61
"DK","Denmark",2000,13.495,0.213,0.002,72.07,27,62,62,63
"DK","Denmark",2001,13.696,0.212,0.002,73.42,28,62,62,65
"DK","Denmark",2002,13.529,0.211,0.002,72.77,28,62,62,66
"DK","Denmark",2003,14.506,0.21,0.003,78.28,28,62,52,63
"DK","Denmark",2004,13.315,0.209,0.003,72.11,32,62,52,67
"DK","Denmark",2005,12.586,0.208,0.003,68.42,34,62,53,67
"DK","Denmark",2006,13.938,0.207,0.003,76.07,29,62,53,65
"DK","Denmark",2007,12.988,0.205,0.003,71.17,31,63,54,68
"DK","Denmark",2008,12.288,0.204,0.003,67.62,32,63,54,70
"DK","Denmark",2009,11.704,0.203,0.003,64.68,33,63,55,71
"DK","Denmark",2010,11.699,0.201,0.003,64.94,38,65,56,73
"DK","Denmark",2011,10.314,0.199,0.003,57.51,42,64,57,79
"DK","Denmark",2012,9.354,0.197,0.003,52.39,50,64,57,80
"DK","Denmark",2013,9.562,0.196,0.003,53.79,48,65,57,78
"DK","Denmark",2014,8.776,0.194,0.003,49.59,50,66,57,79
"DK","Denmark",2015,8.378,0.192,0.003,47.57,51,66,57,84
"DK","Denmark",2016,9.114,0.19,0.003,52.01,51,68,58,82
"DK","Denmark",2017,8.67,0.188,0.003,49.74,53,69,58,88
"DK","Denmark",2018,8.528,0.186,0.003,49.18,53,70,58,88
"DK","Denmark",2019,7.873,0.184,0.003,45.63,58,70,59,91
"DK","Denmark",2020,7.414,0.183,0.003,43.19,57,70,62,95
"DK","Denmark",2021,NA,0.181,0.003,NA,NA,71,62,NA
"DK","Denmark",2022,NA,0.179,0.003,NA,NA,71,63,NA
"DJ","Djibouti",1995,1.668,0.003,0,1.05,158,166,126,166
"DJ","Djibouti",1996,1.66,0.003,0,1.07,158,166,128,166
"DJ","Djibouti",1997,1.677,0.003,0,1.12,158,166,129,166
"DJ","Djibouti",1998,1.727,0.003,0,1.2,158,166,129,165
"DJ","Djibouti",1999,1.71,0.003,0,1.23,161,166,130,165
"DJ","Djibouti",2000,1.644,0.003,0,1.22,161,166,130,164
"DJ","Djibouti",2001,1.607,0.003,0,1.23,166,166,133,165
"DJ","Djibouti",2002,1.597,0.003,0,1.26,166,166,135,165
"DJ","Djibouti",2003,1.587,0.004,0,1.28,165,165,135,165
"DJ","Djibouti",2004,1.552,0.004,0,1.27,167,165,135,165
"DJ","Djibouti",2005,1.577,0.004,0,1.31,166,166,135,165
"DJ","Djibouti",2006,1.547,0.004,0,1.31,167,166,135,166
"DJ","Djibouti",2007,1.56,0.004,0,1.35,168,166,136,166
"DJ","Djibouti",2008,1.54,0.004,0,1.36,168,166,136,166
"DJ","Djibouti",2009,1.509,0.004,0,1.36,168,166,136,165
"DJ","Djibouti",2010,1.545,0.004,0,1.42,168,166,135,166
"DJ","Djibouti",2011,1.473,0.004,0,1.38,167,166,135,164
"DJ","Djibouti",2012,1.478,0.004,0,1.41,167,166,136,164
"DJ","Djibouti",2013,1.523,0.004,0,1.48,167,166,137,164
"DJ","Djibouti",2014,1.345,0.004,0,1.33,172,166,138,166
"DJ","Djibouti",2015,1.371,0.004,0,1.38,169,166,138,166
"DJ","Djibouti",2016,1.31,0.004,0,1.34,173,166,138,168
"DJ","Djibouti",2017,1.298,0.004,0,1.35,172,166,138,168
"DJ","Djibouti",2018,1.296,0.004,0,1.37,172,166,139,168
"DJ","Djibouti",2019,1.294,0.004,0,1.39,173,166,139,168
"DJ","Djibouti",2020,1.275,0.004,0,1.39,173,166,140,168
"DJ","Djibouti",2021,NA,0.004,0,NA,NA,166,142,NA
"DJ","Djibouti",2022,NA,0.004,0,NA,NA,166,142,NA
"DM","Dominica",1995,3.611,0.001,0,0.25,119,171,126,176
"DM","Dominica",1996,3.325,0.001,0,0.23,123,171,128,176
"DM","Dominica",1997,3.473,0.001,0,0.24,122,171,129,176
"DM","Dominica",1998,3.335,0.001,0,0.23,124,171,129,178
"DM","Dominica",1999,3.347,0.001,0,0.23,123,171,130,178
"DM","Dominica",2000,3.657,0.001,0,0.25,118,171,130,176
"DM","Dominica",2001,2.934,0.001,0,0.2,126,171,133,180
"DM","Dominica",2002,2.343,0.001,0,0.16,146,171,135,181
"DM","Dominica",2003,2.483,0.001,0,0.17,144,172,135,182
"DM","Dominica",2004,2.77,0.001,0,0.19,131,172,135,182
"DM","Dominica",2005,2.912,0.001,0,0.2,129,172,135,181
"DM","Dominica",2006,3.054,0.001,0,0.21,125,172,135,181
"DM","Dominica",2007,3.198,0.001,0,0.22,123,172,136,181
"DM","Dominica",2008,3.198,0.001,0,0.22,122,172,136,182
"DM","Dominica",2009,3.197,0.001,0,0.22,122,172,136,181
"DM","Dominica",2010,3.344,0.001,0,0.23,120,172,135,180
"DM","Dominica",2011,3.054,0.001,0,0.21,131,172,135,180
"DM","Dominica",2012,3.338,0.001,0,0.23,123,172,136,181
"DM","Dominica",2013,3.341,0.001,0,0.23,119,172,137,181
"DM","Dominica",2014,3.459,0.001,0,0.24,119,172,138,180
"DM","Dominica",2015,3.427,0.001,0,0.24,120,172,138,180
"DM","Dominica",2016,3.281,0.001,0,0.23,129,172,138,183
"DM","Dominica",2017,3.124,0.001,0,0.22,133,172,138,183
"DM","Dominica",2018,3.106,0.001,0,0.22,132,172,139,183
"DM","Dominica",2019,3.219,0.001,0,0.23,127,172,139,183
"DM","Dominica",2020,3.055,0.001,0,0.22,127,172,140,182
"DM","Dominica",2021,NA,0.001,0,NA,NA,172,142,NA
"DM","Dominica",2022,NA,0.001,0,NA,NA,172,142,NA
"DO","Dominican Republic",1995,1.788,0.087,0.001,14.07,156,100,84,124
"DO","Dominican Republic",1996,1.871,0.087,0.001,14.99,152,101,84,123
"DO","Dominican Republic",1997,2.045,0.087,0.001,16.67,150,101,85,121
"DO","Dominican Republic",1998,2.247,0.087,0.001,18.61,148,100,87,121
"DO","Dominican Republic",1999,2.284,0.087,0.001,19.21,149,100,87,120
"DO","Dominican Republic",2000,2.331,0.086,0.001,19.91,146,100,88,118
"DO","Dominican Republic",2001,3.001,0.086,0.001,26.02,124,101,88,103
"DO","Dominican Republic",2002,3.235,0.086,0.001,28.45,121,102,88,101
"DO","Dominican Republic",2003,2.928,0.086,0.001,26.12,127,100,88,105
"DO","Dominican Republic",2004,2.81,0.086,0.001,25.41,130,101,90,106
"DO","Dominican Republic",2005,2.917,0.085,0.001,26.73,128,102,92,106
"DO","Dominican Republic",2006,3.086,0.085,0.001,28.65,124,102,92,105
"DO","Dominican Republic",2007,3.175,0.085,0.001,29.85,124,103,94,104
"DO","Dominican Republic",2008,3.15,0.085,0.001,30,124,103,94,103
"DO","Dominican Republic",2009,3.057,0.085,0.001,29.49,126,104,94,102
"DO","Dominican Republic",2010,3.156,0.085,0.001,30.85,126,104,96,103
"DO","Dominican Republic",2011,3.23,0.085,0.001,31.99,128,104,96,100
"DO","Dominican Republic",2012,3.27,0.084,0.001,32.8,126,105,97,99
"DO","Dominican Republic",2013,3.207,0.084,0.001,32.57,126,105,97,100
"DO","Dominican Republic",2014,3.202,0.084,0.001,32.92,127,106,97,102
"DO","Dominican Republic",2015,3.397,0.084,0.001,35.35,121,107,98,95
"DO","Dominican Republic",2016,3.439,0.084,0.001,36.2,123,107,98,105
"DO","Dominican Republic",2017,3.33,0.084,0.001,35.46,125,108,100,107
"DO","Dominican Republic",2018,3.502,0.085,0.001,37.7,122,108,101,103
"DO","Dominican Republic",2019,3.51,0.085,0.001,38.2,121,108,102,100
"DO","Dominican Republic",2020,3.227,0.085,0.001,35.5,122,108,103,104
"DO","Dominican Republic",2021,NA,0.085,0.001,NA,NA,108,104,NA
"DO","Dominican Republic",2022,NA,0.085,0.001,NA,NA,107,104,NA
"EC","Ecuador",1995,7.33,0.262,0.003,84.75,70,55,48,54
"EC","Ecuador",1996,7.547,0.264,0.003,88.87,68,55,48,53
"EC","Ecuador",1997,7.571,0.265,0.003,90.76,70,55,49,53
"EC","Ecuador",1998,7.299,0.265,0.003,89.05,71,55,49,53
"EC","Ecuador",1999,6.945,0.266,0.003,86.2,79,55,51,56
"EC","Ecuador",2000,6.777,0.266,0.003,85.57,79,55,51,55
"EC","Ecuador",2001,6.441,0.265,0.003,82.74,80,55,52,58
"EC","Ecuador",2002,6.298,0.265,0.003,82.32,80,55,52,59
"EC","Ecuador",2003,6.281,0.266,0.003,83.54,82,55,52,58
"EC","Ecuador",2004,6.494,0.265,0.003,87.89,80,55,52,58
"EC","Ecuador",2005,6.508,0.264,0.003,89.62,76,55,53,59
"EC","Ecuador",2006,6.576,0.263,0.003,92.12,75,55,53,58
"EC","Ecuador",2007,6.434,0.262,0.003,91.7,78,55,54,58
"EC","Ecuador",2008,6.445,0.261,0.003,93.43,79,55,54,58
"EC","Ecuador",2009,6.569,0.26,0.003,96.84,72,55,55,56
"EC","Ecuador",2010,6.7,0.259,0.003,100.43,71,56,56,57
"EC","Ecuador",2011,5.85,0.259,0.004,89.14,89,56,48,59
"EC","Ecuador",2012,5.749,0.258,0.004,89.01,90,56,49,60
"EC","Ecuador",2013,5.858,0.256,0.004,92.1,83,56,49,59
"EC","Ecuador",2014,5.879,0.256,0.004,93.81,80,56,50,57
"EC","Ecuador",2015,5.69,0.255,0.004,92.15,85,55,50,58
"EC","Ecuador",2016,6.097,0.253,0.004,100.23,78,55,50,55
"EC","Ecuador",2017,5.921,0.251,0.004,98.86,82,54,50,57
"EC","Ecuador",2018,5.883,0.249,0.004,100.11,84,55,51,57
"EC","Ecuador",2019,5.781,0.247,0.004,100.26,87,55,51,57
"EC","Ecuador",2020,5.355,0.246,0.004,94.19,89,55,51,58
"EC","Ecuador",2021,NA,0.244,0.004,NA,NA,55,52,NA
"EC","Ecuador",2022,NA,0.242,0.004,NA,NA,55,52,NA
"EG","Egypt",1995,2.448,0.288,0.003,157.1,143,53,48,34
"EG","Egypt",1996,2.509,0.294,0.003,164.48,141,52,48,34
"EG","Egypt",1997,2.584,0.3,0.003,173.13,140,51,49,34
"EG","Egypt",1998,2.613,0.306,0.003,178.87,141,51,49,33
"EG","Egypt",1999,2.694,0.312,0.004,188.33,138,50,42,33
"EG","Egypt",2000,2.627,0.319,0.004,187.49,139,49,42,33
"EG","Egypt",2001,2.754,0.324,0.004,200.62,133,49,42,32
"EG","Egypt",2002,2.769,0.33,0.004,205.97,132,48,44,32
"EG","Egypt",2003,2.779,0.336,0.004,211.11,132,47,44,32
"EG","Egypt",2004,2.89,0.342,0.004,224.05,126,47,46,32
"EG","Egypt",2005,3.092,0.348,0.004,244.48,125,46,46,30
"EG","Egypt",2006,3.168,0.356,0.004,255.44,122,46,46,30
"EG","Egypt",2007,3.289,0.363,0.005,270.41,122,46,37,30
"EG","Egypt",2008,3.335,0.37,0.005,279.65,119,45,39,31
"EG","Egypt",2009,3.354,0.378,0.005,286.8,119,45,40,30
"EG","Egypt",2010,3.315,0.383,0.005,289.21,122,45,40,31
"EG","Egypt",2011,3.336,0.389,0.005,297.61,123,43,40,30
"EG","Egypt",2012,3.377,0.394,0.005,308.13,122,43,43,30
"EG","Egypt",2013,3.269,0.398,0.006,305.27,124,41,36,30
"EG","Egypt",2014,3.253,0.402,0.006,310.97,124,41,37,27
"EG","Egypt",2015,3.245,0.406,0.006,317.13,125,40,37,28
"EG","Egypt",2016,3.283,0.41,0.006,327.64,128,40,37,28
"EG","Egypt",2017,3.32,0.414,0.006,337.92,126,40,38,28
"EG","Egypt",2018,3.196,0.419,0.006,331.54,129,41,39,29
"EG","Egypt",2019,2.913,0.423,0.007,307.64,138,38,35,28
"EG","Egypt",2020,2.791,0.426,0.007,299.96,135,38,36,28
"EG","Egypt",2021,NA,0.429,0.007,NA,NA,38,37,NA
"EG","Egypt",2022,NA,0.432,0.007,NA,NA,38,38,NA
"SV","El Salvador",1995,1.82,0.053,0.001,10.46,154,121,84,131
"SV","El Salvador",1996,1.796,0.053,0.001,10.41,155,121,84,133
"SV","El Salvador",1997,1.929,0.053,0.001,11.27,154,123,85,131
"SV","El Salvador",1998,1.935,0.052,0.001,11.39,154,124,87,133
"SV","El Salvador",1999,1.958,0.052,0.001,11.6,153,124,87,132
"SV","El Salvador",2000,1.88,0.052,0.001,11.2,155,124,88,131
"SV","El Salvador",2001,1.979,0.052,0.001,11.85,155,124,88,129
"SV","El Salvador",2002,2.01,0.052,0.001,12.08,154,125,88,128
"SV","El Salvador",2003,2.099,0.052,0.001,12.65,153,125,88,129
"SV","El Salvador",2004,2.156,0.051,0.001,13.01,153,125,90,128
"SV","El Salvador",2005,2.219,0.051,0.001,13.4,154,126,92,128
"SV","El Salvador",2006,2.3,0.051,0.001,13.88,153,126,92,128
"SV","El Salvador",2007,2.391,0.05,0.001,14.45,152,126,94,128
"SV","El Salvador",2008,2.289,0.05,0.001,13.89,152,127,94,129
"SV","El Salvador",2009,2.22,0.049,0.001,13.52,153,127,94,129
"SV","El Salvador",2010,2.17,0.049,0.001,13.27,153,127,96,129
"SV","El Salvador",2011,2.148,0.048,0.001,13.18,149,128,96,131
"SV","El Salvador",2012,2.165,0.048,0.001,13.34,149,128,97,132
"SV","El Salvador",2013,2.035,0.047,0.001,12.59,152,129,97,132
"SV","El Salvador",2014,2.071,0.047,0.001,12.86,150,129,97,131
"SV","El Salvador",2015,2.139,0.046,0.001,13.33,146,129,98,131
"SV","El Salvador",2016,2.12,0.046,0.001,13.25,154,129,98,133
"SV","El Salvador",2017,1.977,0.045,0.001,12.39,158,129,100,136
"SV","El Salvador",2018,2.028,0.044,0.001,12.73,155,129,101,136
"SV","El Salvador",2019,2.164,0.044,0.001,13.59,150,129,102,135
"SV","El Salvador",2020,1.931,0.043,0.001,12.15,156,129,103,139
"SV","El Salvador",2021,NA,0.043,0.001,NA,NA,130,104,NA
"SV","El Salvador",2022,NA,0.042,0.001,NA,NA,130,104,NA
"GQ","Equatorial Guinea",1995,11.503,0.008,0,6.45,41,160,126,146
"GQ","Equatorial Guinea",1996,11.672,0.009,0,6.8,39,158,128,143
"GQ","Equatorial Guinea",1997,13.838,0.01,0,8.38,28,157,129,139
"GQ","Equatorial Guinea",1998,15.292,0.012,0,9.63,20,153,129,136
"GQ","Equatorial Guinea",1999,17.205,0.014,0,11.27,18,150,130,133
"GQ","Equatorial Guinea",2000,15.387,0.016,0,10.54,21,150,130,133
"GQ","Equatorial Guinea",2001,17.795,0.017,0,12.8,18,150,133,126
"GQ","Equatorial Guinea",2002,16.019,0.019,0,12.08,21,149,135,128
"GQ","Equatorial Guinea",2003,16.728,0.02,0,13.21,22,149,135,127
"GQ","Equatorial Guinea",2004,20.608,0.022,0,17.03,12,149,135,124
"GQ","Equatorial Guinea",2005,20.226,0.024,0,17.49,14,146,135,124
"GQ","Equatorial Guinea",2006,19.184,0.026,0,17.37,18,144,135,125
"GQ","Equatorial Guinea",2007,19.013,0.028,0,18.04,17,141,136,124
"GQ","Equatorial Guinea",2008,17.247,0.03,0,17.16,21,139,136,126
"GQ","Equatorial Guinea",2009,15.828,0.031,0,16.52,22,138,136,126
"GQ","Equatorial Guinea",2010,15.23,0.033,0,16.67,24,137,135,126
"GQ","Equatorial Guinea",2011,14.014,0.034,0,16.04,26,137,135,127
"GQ","Equatorial Guinea",2012,13.161,0.035,0,15.71,29,136,136,125
"GQ","Equatorial Guinea",2013,12.517,0.037,0.001,15.57,29,135,97,127
"GQ","Equatorial Guinea",2014,13.581,0.038,0.001,17.59,26,134,97,123
"GQ","Equatorial Guinea",2015,12.25,0.039,0.001,16.5,29,134,98,127
"GQ","Equatorial Guinea",2016,11.573,0.039,0.001,16.19,35,133,98,130
"GQ","Equatorial Guinea",2017,10.457,0.04,0.001,15.17,40,133,100,131
"GQ","Equatorial Guinea",2018,9.813,0.04,0.001,14.74,43,133,101,133
"GQ","Equatorial Guinea",2019,9.098,0.039,0.001,14.13,47,134,102,132
"GQ","Equatorial Guinea",2020,8.383,0.038,0.001,13.38,52,134,103,133
"GQ","Equatorial Guinea",2021,NA,0.038,0.001,NA,NA,134,104,NA
"GQ","Equatorial Guinea",2022,NA,0.037,0.001,NA,NA,135,104,NA
"ER","Eritrea",1995,2.188,0.017,0,4.72,148,148,126,151
"ER","Eritrea",1996,2.332,0.017,0,5.28,145,148,128,150
"ER","Eritrea",1997,2.518,0.017,0,5.77,143,149,129,150
"ER","Eritrea",1998,2.463,0.017,0,5.72,143,149,129,150
"ER","Eritrea",1999,2.504,0.018,0,5.9,142,149,130,148
"ER","Eritrea",2000,2.512,0.018,0,6.01,143,149,130,148
"ER","Eritrea",2001,2.327,0.018,0,5.73,146,149,133,148
"ER","Eritrea",2002,2.23,0.018,0,5.68,149,150,135,149
"ER","Eritrea",2003,2.193,0.018,0,5.82,148,150,135,150
"ER","Eritrea",2004,2.121,0.018,0,5.86,154,150,135,149
"ER","Eritrea",2005,2.066,0.018,0,5.85,155,150,135,150
"ER","Eritrea",2006,1.962,0.018,0,5.65,158,150,135,151
"ER","Eritrea",2007,2.033,0.018,0,5.95,156,150,136,150
"ER","Eritrea",2008,1.96,0.018,0,5.89,157,150,136,151
"ER","Eritrea",2009,1.926,0.018,0,5.94,159,150,136,151
"ER","Eritrea",2010,1.865,0.018,0,5.87,162,151,135,151
"ER","Eritrea",2011,1.902,0.018,0,6.1,155,151,135,152
"ER","Eritrea",2012,1.897,0.018,0,6.17,155,151,136,152
"ER","Eritrea",2013,1.878,0.018,0,6.19,157,151,137,152
"ER","Eritrea",2014,1.875,0.018,0,6.23,156,151,138,153
"ER","Eritrea",2015,1.871,0.018,0,6.25,155,151,138,153
"ER","Eritrea",2016,1.896,0.018,0,6.38,159,151,138,155
"ER","Eritrea",2017,1.896,0.018,0,6.44,160,151,138,156
"ER","Eritrea",2018,1.91,0.018,0,6.58,159,151,139,155
"ER","Eritrea",2019,1.895,0.018,0,6.63,159,151,139,155
"ER","Eritrea",2020,1.881,0.018,0,6.69,159,151,140,154
"ER","Eritrea",2021,NA,0.019,0,NA,NA,151,142,NA
"ER","Eritrea",2022,NA,0.019,0,NA,NA,151,142,NA
"EE","Estonia",1995,13.829,0.087,0.001,20.09,28,100,84,110
"EE","Estonia",1996,14.638,0.086,0.001,21,25,102,84,110
"EE","Estonia",1997,15.026,0.085,0.001,21.36,22,102,85,111
"EE","Estonia",1998,14.23,0.085,0.001,20.08,26,102,87,117
"EE","Estonia",1999,13.887,0.084,0.001,19.49,27,102,87,119
"EE","Estonia",2000,13.638,0.083,0.001,19.05,25,103,88,120
"EE","Estonia",2001,13.963,0.082,0.001,19.38,26,105,88,119
"EE","Estonia",2002,13.761,0.081,0.001,18.98,27,106,88,119
"EE","Estonia",2003,15.234,0.08,0.001,20.88,25,106,88,118
"EE","Estonia",2004,15.479,0.08,0.001,21.09,22,107,90,119
"EE","Estonia",2005,15.568,0.079,0.001,21.09,22,107,92,120
"EE","Estonia",2006,15.155,0.078,0.001,20.41,23,107,92,120
"EE","Estonia",2007,18.037,0.078,0.001,24.18,19,107,94,116
"EE","Estonia",2008,16.395,0.077,0.001,21.92,22,109,94,120
"EE","Estonia",2009,13.81,0.076,0.001,18.43,26,113,94,124
"EE","Estonia",2010,17.296,0.075,0.001,23.03,20,113,96,122
"EE","Estonia",2011,13.681,0.075,0.001,18.16,27,113,96,124
"EE","Estonia",2012,12.626,0.074,0.001,16.7,30,113,97,124
"EE","Estonia",2013,14.097,0.074,0.001,18.58,26,113,97,124
"EE","Estonia",2014,13.183,0.073,0.001,17.33,29,115,97,124
"EE","Estonia",2015,10.74,0.073,0.001,14.12,38,115,98,129
"EE","Estonia",2016,17.927,0.072,0.001,23.59,19,115,98,119
"EE","Estonia",2017,18.588,0.072,0.001,24.49,18,115,100,118
"EE","Estonia",2018,17.736,0.071,0.001,23.45,19,116,101,120
"EE","Estonia",2019,13.413,0.071,0.001,17.8,27,115,102,127
"EE","Estonia",2020,11.155,0.07,0.001,14.83,31,116,103,130
"EE","Estonia",2021,NA,0.07,0.001,NA,NA,115,104,NA
"EE","Estonia",2022,NA,0.069,0.001,NA,NA,116,104,NA
"ET","Ethiopia",1995,1.58,0.424,0.004,90.79,161,39,38,51
"ET","Ethiopia",1996,1.576,0.421,0.005,93.52,161,39,33,51
"ET","Ethiopia",1997,1.593,0.419,0.005,97.52,160,39,33,48
"ET","Ethiopia",1998,1.635,0.418,0.005,103.24,160,39,34,47
"ET","Ethiopia",1999,1.599,0.417,0.005,104.06,162,39,34,48
"ET","Ethiopia",2000,1.497,0.415,0.005,100.36,164,39,35,50
"ET","Ethiopia",2001,1.545,0.414,0.005,106.64,168,39,35,48
"ET","Ethiopia",2002,1.635,0.416,0.005,116.18,164,39,37,48
"ET","Ethiopia",2003,1.567,0.418,0.005,114.64,166,39,37,50
"ET","Ethiopia",2004,1.55,0.42,0.005,116.75,168,38,37,50
"ET","Ethiopia",2005,1.553,0.423,0.005,120.28,167,38,37,49
"ET","Ethiopia",2006,1.569,0.425,0.005,125.06,166,38,37,46
"ET","Ethiopia",2007,1.648,0.428,0.005,135.11,167,37,37,43
"ET","Ethiopia",2008,1.647,0.432,0.006,138.9,167,37,36,44
"ET","Ethiopia",2009,1.648,0.436,0.006,142.96,167,37,36,43
"ET","Ethiopia",2010,1.66,0.44,0.006,148.17,167,37,36,44
"ET","Ethiopia",2011,1.615,0.442,0.006,148.29,166,37,36,43
"ET","Ethiopia",2012,1.63,0.445,0.006,153.96,164,37,36,43
"ET","Ethiopia",2013,1.63,0.449,0.006,158.2,164,36,36,43
"ET","Ethiopia",2014,1.649,0.453,0.007,164.52,164,36,35,44
"ET","Ethiopia",2015,1.637,0.457,0.007,167.79,162,36,35,43
"ET","Ethiopia",2016,1.654,0.463,0.007,174.17,166,36,35,43
"ET","Ethiopia",2017,1.64,0.468,0.007,177.41,166,36,35,43
"ET","Ethiopia",2018,1.62,0.472,0.007,180.07,169,36,35,44
"ET","Ethiopia",2019,1.677,0.478,0.007,191.33,168,35,35,41
"ET","Ethiopia",2020,1.7,0.485,0.008,199.27,166,35,35,40
"ET","Ethiopia",2021,NA,0.49,0.008,NA,NA,35,35,NA
"ET","Ethiopia",2022,NA,0.495,0.008,NA,NA,35,35,NA
"FJ","Fiji",1995,-0.757,0.012,0,-0.6,188,152,126,187
"FJ","Fiji",1996,-0.69,0.012,0,-0.55,188,153,128,187
"FJ","Fiji",1997,-0.696,0.012,0,-0.56,187,153,129,187
"FJ","Fiji",1998,-0.737,0.012,0,-0.6,187,153,129,187
"FJ","Fiji",1999,-0.765,0.012,0,-0.63,187,154,130,187
"FJ","Fiji",2000,-0.721,0.012,0,-0.6,187,154,130,187
"FJ","Fiji",2001,-0.44,0.012,0,-0.37,188,154,133,188
"FJ","Fiji",2002,-0.647,0.012,0,-0.55,188,153,135,188
"FJ","Fiji",2003,-0.489,0.011,0,-0.42,188,156,135,188
"FJ","Fiji",2004,-0.127,0.011,0,-0.11,188,156,135,188
"FJ","Fiji",2005,-0.411,0.011,0,-0.36,188,156,135,188
"FJ","Fiji",2006,-0.283,0.011,0,-0.25,188,156,135,188
"FJ","Fiji",2007,-0.348,0.011,0,-0.31,188,155,136,188
"FJ","Fiji",2008,-0.602,0.011,0,-0.54,188,155,136,188
"FJ","Fiji",2009,-0.71,0.011,0,-0.64,187,155,136,187
"FJ","Fiji",2010,-0.342,0.011,0,-0.31,188,155,135,188
"FJ","Fiji",2011,-0.418,0.011,0,-0.38,187,155,135,187
"FJ","Fiji",2012,-0.483,0.011,0,-0.44,187,155,136,187
"FJ","Fiji",2013,-0.394,0.011,0,-0.36,187,155,137,187
"FJ","Fiji",2014,-0.841,0.011,0,-0.77,187,155,138,187
"FJ","Fiji",2015,-0.752,0.01,0,-0.69,187,157,138,187
"FJ","Fiji",2016,-0.838,0.01,0,-0.77,189,157,138,189
"FJ","Fiji",2017,-0.631,0.01,0,-0.58,189,157,138,189
"FJ","Fiji",2018,-0.533,0.01,0,-0.49,189,158,139,189
"FJ","Fiji",2019,-0.414,0.01,0,-0.38,189,158,139,189
"FJ","Fiji",2020,-0.88,0.01,0,-0.81,189,158,140,189
"FJ","Fiji",2021,NA,0.01,0,NA,NA,158,142,NA
"FJ","Fiji",2022,NA,0.009,0,NA,NA,159,142,NA
"FI","Finland",1995,8.851,0.254,0.003,45.21,55,57,48,79
"FI","Finland",1996,10.084,0.253,0.003,51.68,48,56,48,72
"FI","Finland",1997,9.687,0.252,0.003,49.79,54,56,49,77
"FI","Finland",1998,8.971,0.251,0.003,46.23,56,56,49,80
"FI","Finland",1999,8.859,0.251,0.003,45.76,55,56,51,80
"FI","Finland",2000,8.634,0.25,0.003,44.69,56,56,51,80
"FI","Finland",2001,12.697,0.25,0.003,65.87,35,56,52,67
"FI","Finland",2002,13.125,0.249,0.003,68.26,32,56,52,67
"FI","Finland",2003,14.692,0.249,0.003,76.59,26,56,52,66
"FI","Finland",2004,13.928,0.249,0.003,72.82,28,56,52,66
"FI","Finland",2005,11.538,0.248,0.003,60.53,37,56,53,73
"FI","Finland",2006,13.704,0.248,0.003,72.17,30,56,53,68
"FI","Finland",2007,13.275,0.247,0.003,70.21,30,57,54,69
"FI","Finland",2008,11.671,0.246,0.003,62.01,36,57,54,75
"FI","Finland",2009,10.974,0.244,0.003,58.59,38,57,55,77
"FI","Finland",2010,12.44,0.243,0.003,66.72,34,57,56,71
"FI","Finland",2011,3.571,0.241,0.003,19.24,117,57,57,122
"FI","Finland",2012,2.521,0.239,0.003,13.65,142,57,57,131
"FI","Finland",2013,2.653,0.237,0.003,14.43,138,57,57,131
"FI","Finland",2014,1.906,0.235,0.003,10.41,154,57,57,138
"FI","Finland",2015,1.267,0.233,0.003,6.94,174,58,57,150
"FI","Finland",2016,12.908,0.231,0.003,70.93,30,58,58,69
"FI","Finland",2017,12.383,0.228,0.003,68.21,32,58,58,73
"FI","Finland",2018,12.65,0.226,0.003,69.77,32,58,58,70
"FI","Finland",2019,12.062,0.224,0.003,66.6,32,59,59,73
"FI","Finland",2020,11.158,0.221,0.004,61.7,30,61,51,76
"FI","Finland",2021,NA,0.219,0.004,NA,NA,61,52,NA
"FI","Finland",2022,NA,0.216,0.004,NA,NA,61,52,NA
"FR","France",1995,8.123,1.634,0.017,466.4,59,13,13,14
"FR","France",1996,8.436,1.623,0.017,486.13,59,13,13,14
"FR","France",1997,8.243,1.611,0.018,476.79,63,13,13,14
"FR","France",1998,8.485,1.601,0.018,492.82,59,13,13,14
"FR","France",1999,8.288,1.591,0.018,483.63,61,13,13,14
"FR","France",2000,8.217,1.582,0.018,482.03,60,13,13,16
"FR","France",2001,7.554,1.572,0.018,445.8,63,13,13,17
"FR","France",2002,7.391,1.562,0.018,438.84,68,13,13,17
"FR","France",2003,7.433,1.551,0.019,443.99,68,13,13,18
"FR","France",2004,7.356,1.54,0.019,442.18,69,13,13,19
"FR","France",2005,7.329,1.529,0.019,443.48,68,13,13,19
"FR","France",2006,7.118,1.516,0.019,433.64,69,13,13,21
"FR","France",2007,6.962,1.504,0.019,426.95,68,13,13,21
"FR","France",2008,6.82,1.493,0.019,420.92,71,13,13,21
"FR","France",2009,6.491,1.481,0.02,403.06,75,13,13,21
"FR","France",2010,6.518,1.469,0.02,407,73,13,13,21
"FR","France",2011,6.312,1.455,0.02,396.23,79,13,13,21
"FR","France",2012,6.34,1.442,0.02,399.86,74,13,13,21
"FR","France",2013,6.328,1.429,0.02,400.78,72,13,13,20
"FR","France",2014,5.777,1.415,0.02,367.33,85,13,13,22
"FR","France",2015,5.841,1.402,0.021,372.72,81,14,13,24
"FR","France",2016,5.817,1.389,0.021,372.24,85,14,13,24
"FR","France",2017,5.855,1.377,0.021,375.56,84,14,13,24
"FR","France",2018,5.616,1.364,0.021,360.98,90,14,14,26
"FR","France",2019,5.46,1.351,0.021,351.6,93,14,14,26
"FR","France",2020,4.879,1.338,0.021,314.57,99,14,14,27
"FR","France",2021,NA,1.325,0.021,NA,NA,14,14,NA
"FR","France",2022,NA,1.312,0.021,NA,NA,14,14,NA
"GA","Gabon",1995,17.755,0.097,0.001,19.92,18,96,84,113
"GA","Gabon",1996,18.156,0.098,0.001,20.89,18,96,84,112
"GA","Gabon",1997,17.638,0.098,0.001,20.81,17,96,85,112
"GA","Gabon",1998,18.044,0.099,0.001,21.83,17,96,87,112
"GA","Gabon",1999,16.691,0.1,0.001,20.71,19,96,87,114
"GA","Gabon",2000,15.712,0.102,0.001,20,20,96,88,117
"GA","Gabon",2001,14.863,0.103,0.001,19.42,23,96,88,118
"GA","Gabon",2002,13.975,0.104,0.001,18.75,25,96,88,122
"GA","Gabon",2003,14.662,0.106,0.001,20.21,27,96,88,121
"GA","Gabon",2004,13.986,0.107,0.001,19.82,27,95,90,122
"GA","Gabon",2005,13.282,0.107,0.001,19.37,30,95,92,123
"GA","Gabon",2006,11.953,0.107,0.001,17.96,35,96,92,123
"GA","Gabon",2007,11.124,0.107,0.001,17.24,41,96,94,126
"GA","Gabon",2008,11.194,0.107,0.001,17.91,39,96,94,124
"GA","Gabon",2009,10.704,0.106,0.001,17.7,40,96,94,125
"GA","Gabon",2010,10.841,0.105,0.001,18.55,42,97,96,125
"GA","Gabon",2011,12.299,0.104,0.001,21.8,32,98,96,117
"GA","Gabon",2012,11.64,0.102,0.001,21.38,35,99,97,119
"GA","Gabon",2013,11.292,0.101,0.001,21.48,35,99,97,119
"GA","Gabon",2014,11.073,0.1,0.001,21.78,34,99,97,118
"GA","Gabon",2015,10.939,0.098,0.001,22.19,36,99,98,117
"GA","Gabon",2016,10.828,0.096,0.001,22.59,40,100,98,122
"GA","Gabon",2017,9.779,0.095,0.001,20.93,45,101,100,124
"GA","Gabon",2018,9.275,0.093,0.001,20.33,48,103,101,123
"GA","Gabon",2019,9.542,0.091,0.001,21.4,44,104,102,121
"GA","Gabon",2020,9.23,0.089,0.001,21.16,42,105,103,122
"GA","Gabon",2021,NA,0.087,0.001,NA,NA,107,104,NA
"GA","Gabon",2022,NA,0.085,0.001,NA,NA,107,104,NA
"GM","Gambia",1995,3.599,0.006,0,4.47,121,162,126,152
"GM","Gambia",1996,3.245,0.006,0,4.15,125,162,128,153
"GM","Gambia",1997,2.908,0.006,0,3.83,135,162,129,155
"GM","Gambia",1998,2.625,0.006,0,3.56,140,162,129,155
"GM","Gambia",1999,2.499,0.006,0,3.49,144,162,130,158
"GM","Gambia",2000,2.177,0.006,0,3.13,148,162,130,159
"GM","Gambia",2001,1.757,0.006,0,2.6,162,162,133,159
"GM","Gambia",2002,1.557,0.006,0,2.37,167,162,135,161
"GM","Gambia",2003,1.456,0.006,0,2.28,169,162,135,162
"GM","Gambia",2004,1.358,0.006,0,2.19,169,162,135,163
"GM","Gambia",2005,1.235,0.006,0,2.05,172,162,135,164
"GM","Gambia",2006,1.251,0.006,0,2.14,171,162,135,164
"GM","Gambia",2007,1.241,0.006,0,2.19,172,162,136,162
"GM","Gambia",2008,1.28,0.007,0,2.33,171,162,136,162
"GM","Gambia",2009,1.432,0.007,0,2.69,169,162,136,160
"GM","Gambia",2010,1.414,0.007,0,2.74,169,162,135,160
"GM","Gambia",2011,1.211,0.007,0,2.42,175,162,135,162
"GM","Gambia",2012,1.213,0.007,0,2.5,174,162,136,161
"GM","Gambia",2013,1.209,0.007,0,2.57,176,162,137,162
"GM","Gambia",2014,1.238,0.007,0,2.71,175,162,138,161
"GM","Gambia",2015,1.3,0.007,0,2.93,173,162,138,159
"GM","Gambia",2016,1.217,0.007,0,2.82,176,162,138,162
"GM","Gambia",2017,1.205,0.007,0,2.87,176,162,138,162
"GM","Gambia",2018,1.121,0.007,0,2.74,177,162,139,164
"GM","Gambia",2019,1.164,0.007,0,2.92,176,162,139,164
"GM","Gambia",2020,1.158,0.007,0,2.98,176,162,140,162
"GM","Gambia",2021,NA,0.008,0,NA,NA,161,142,NA
"GM","Gambia",2022,NA,0.008,0,NA,NA,161,142,NA
"GE","Georgia",1995,-0.279,0.047,0,-1.36,186,126,126,188
"GE","Georgia",1996,-0.605,0.046,0,-2.88,187,128,128,188
"GE","Georgia",1997,-0.797,0.045,0,-3.7,188,129,129,188
"GE","Georgia",1998,-0.925,0.045,0,-4.18,188,128,129,188
"GE","Georgia",1999,-1.008,0.044,0,-4.43,188,130,130,188
"GE","Georgia",2000,-0.943,0.044,0,-4.02,188,128,130,188
"GE","Georgia",2001,1.995,0.043,0,8.27,153,132,133,138
"GE","Georgia",2002,1.901,0.042,0.001,7.72,156,134,88,141
"GE","Georgia",2003,2.051,0.042,0.001,8.24,156,133,88,140
"GE","Georgia",2004,2.086,0.041,0.001,8.32,155,133,90,140
"GE","Georgia",2005,2.239,0.04,0.001,8.87,153,134,92,138
"GE","Georgia",2006,2.346,0.04,0.001,9.23,150,133,92,139
"GE","Georgia",2007,2.557,0.039,0.001,9.99,146,134,94,139
"GE","Georgia",2008,2.346,0.038,0.001,9.1,149,135,94,139
"GE","Georgia",2009,2.555,0.038,0.001,9.85,144,135,94,138
"GE","Georgia",2010,2.499,0.037,0,9.59,144,135,135,138
"GE","Georgia",2011,3.737,0.036,0,14.28,115,135,135,130
"GE","Georgia",2012,3.98,0.036,0.001,15.14,112,135,97,129
"GE","Georgia",2013,4.268,0.035,0.001,16.16,108,136,97,125
"GE","Georgia",2014,4.454,0.035,0.001,16.81,108,136,97,125
"GE","Georgia",2015,4.548,0.035,0.001,17.15,107,136,98,124
"GE","Georgia",2016,4.651,0.034,0.001,17.54,107,136,98,126
"GE","Georgia",2017,4.634,0.034,0.001,17.48,106,136,100,127
"GE","Georgia",2018,4.544,0.034,0.001,17.14,106,136,101,129
"GE","Georgia",2019,4.744,0.033,0.001,17.89,107,138,102,126
"GE","Georgia",2020,4.697,0.033,0.001,17.69,104,138,103,125
"GE","Georgia",2021,NA,0.032,0.001,NA,NA,138,104,NA
"GE","Georgia",2022,NA,0.032,0.001,NA,NA,139,104,NA
"DE","Germany",1995,12.349,3.787,0.04,1001.83,38,6,6,8
"DE","Germany",1996,12.692,3.759,0.04,1031.85,33,6,6,8
"DE","Germany",1997,12.215,3.728,0.041,994.71,35,6,6,8
"DE","Germany",1998,11.921,3.698,0.041,971.83,37,6,6,8
"DE","Germany",1999,11.449,3.668,0.041,933.74,39,6,6,8
"DE","Germany",2000,11.357,3.636,0.042,926.16,42,6,6,8
"DE","Germany",2001,11.997,3.605,0.042,977.91,37,6,6,7
"DE","Germany",2002,11.808,3.573,0.042,961.7,37,6,6,9
"DE","Germany",2003,11.835,3.539,0.043,962.78,37,6,6,9
"DE","Germany",2004,11.642,3.504,0.043,946.12,41,6,6,9
"DE","Germany",2005,11.38,3.469,0.043,924.16,40,7,7,9
"DE","Germany",2006,11.493,3.432,0.043,932.95,40,7,7,9
"DE","Germany",2007,11.142,3.396,0.044,904.52,40,7,7,9
"DE","Germany",2008,11.172,3.361,0.044,907.34,40,7,7,9
"DE","Germany",2009,10.471,3.325,0.044,850.86,43,7,7,9
"DE","Germany",2010,10.837,3.29,0.044,881.31,43,7,7,9
"DE","Germany",2011,10.326,3.253,0.045,840.75,41,7,7,9
"DE","Germany",2012,10.472,3.217,0.045,853.95,41,7,7,8
"DE","Germany",2013,10.655,3.184,0.045,870.32,39,7,7,8
"DE","Germany",2014,10.133,3.151,0.045,829.47,42,7,7,9
"DE","Germany",2015,10.163,3.119,0.046,834.14,41,7,7,9
"DE","Germany",2016,10.166,3.089,0.046,836.97,45,7,7,9
"DE","Germany",2017,9.92,3.059,0.046,819.67,44,7,7,9
"DE","Germany",2018,9.542,3.029,0.047,791,45,7,7,10
"DE","Germany",2019,8.901,2.997,0.047,740.08,50,7,7,10
"DE","Germany",2020,8.175,2.968,0.047,681.18,55,7,7,12
"DE","Germany",2021,NA,2.938,0.047,NA,NA,7,7,NA
"DE","Germany",2022,NA,2.909,0.048,NA,NA,7,7,NA
"GH","Ghana",1995,1.309,0.099,0.001,22.82,170,95,84,105
"GH","Ghana",1996,1.33,0.1,0.001,23.73,169,95,84,103
"GH","Ghana",1997,1.366,0.102,0.001,24.96,168,95,85,103
"GH","Ghana",1998,1.527,0.103,0.001,28.58,163,95,87,99
"GH","Ghana",1999,1.421,0.105,0.001,27.25,166,95,87,102
"GH","Ghana",2000,1.402,0.106,0.001,27.57,167,95,88,100
"GH","Ghana",2001,3.07,0.107,0.001,62.01,122,95,88,69
"GH","Ghana",2002,3.048,0.108,0.001,63.27,124,94,88,69
"GH","Ghana",2003,2.99,0.109,0.001,63.77,125,94,88,70
"GH","Ghana",2004,2.859,0.109,0.001,62.62,127,94,90,70
"GH","Ghana",2005,2.885,0.11,0.001,64.91,130,93,92,70
"GH","Ghana",2006,2.863,0.111,0.001,66.13,133,94,92,70
"GH","Ghana",2007,2.8,0.111,0.001,66.38,140,94,94,72
"GH","Ghana",2008,2.719,0.112,0.001,66.15,140,94,94,72
"GH","Ghana",2009,2.698,0.112,0.001,67.31,138,94,94,69
"GH","Ghana",2010,2.697,0.113,0.002,68.97,139,95,71,69
"GH","Ghana",2011,2.08,0.113,0.002,54.5,152,95,73,80
"GH","Ghana",2012,2.097,0.113,0.002,56.32,152,95,74,78
"GH","Ghana",2013,2.122,0.114,0.002,58.4,150,95,74,74
"GH","Ghana",2014,2.055,0.114,0.002,57.94,151,95,76,73
"GH","Ghana",2015,2.066,0.114,0.002,59.65,149,95,76,74
"GH","Ghana",2016,0.197,0.115,0.002,5.82,188,94,77,156
"GH","Ghana",2017,0.251,0.115,0.002,7.58,188,94,78,150
"GH","Ghana",2018,0.299,0.115,0.002,9.22,188,93,79,147
"GH","Ghana",2019,0.356,0.116,0.002,11.22,188,92,80,139
"GH","Ghana",2020,0.448,0.117,0.002,14.41,187,92,80,131
"GH","Ghana",2021,NA,0.118,0.002,NA,NA,90,81,NA
"GH","Ghana",2022,NA,0.118,0.002,NA,NA,90,81,NA
"GL","Greenland",1995,NA,0.001,0,NA,NA,171,126,NA
"GL","Greenland",1996,NA,0.001,0,NA,NA,171,128,NA
"GL","Greenland",1997,NA,0.001,0,NA,NA,171,129,NA
"GL","Greenland",1998,NA,0.001,0,NA,NA,171,129,NA
"GL","Greenland",1999,NA,0.001,0,NA,NA,171,130,NA
"GL","Greenland",2000,NA,0.001,0,NA,NA,171,130,NA
"GL","Greenland",2001,NA,0.001,0,NA,NA,171,133,NA
"GL","Greenland",2002,NA,0.001,0,NA,NA,171,135,NA
"GL","Greenland",2003,NA,0.001,0,NA,NA,172,135,NA
"GL","Greenland",2004,NA,0.001,0,NA,NA,172,135,NA
"GL","Greenland",2005,NA,0.001,0,NA,NA,172,135,NA
"GL","Greenland",2006,NA,0.001,0,NA,NA,172,135,NA
"GL","Greenland",2007,NA,0.001,0,NA,NA,172,136,NA
"GL","Greenland",2008,NA,0.001,0,NA,NA,172,136,NA
"GL","Greenland",2009,NA,0.001,0,NA,NA,172,136,NA
"GL","Greenland",2010,NA,0.001,0,NA,NA,172,135,NA
"GL","Greenland",2011,NA,0.001,0,NA,NA,172,135,NA
"GL","Greenland",2012,NA,0.001,0,NA,NA,172,136,NA
"GL","Greenland",2013,NA,0.001,0,NA,NA,172,137,NA
"GL","Greenland",2014,NA,0.001,0,NA,NA,172,138,NA
"GL","Greenland",2015,NA,0.001,0,NA,NA,172,138,NA
"GL","Greenland",2016,NA,0.001,0,NA,NA,172,138,NA
"GL","Greenland",2017,NA,0.001,0,NA,NA,172,138,NA
"GL","Greenland",2018,NA,0.001,0,NA,NA,172,139,NA
"GL","Greenland",2019,NA,0.001,0,NA,NA,172,139,NA
"GL","Greenland",2020,NA,0.001,0,NA,NA,172,140,NA
"GL","Greenland",2021,NA,0.001,0,NA,NA,172,142,NA
"GL","Greenland",2022,NA,0.001,0,NA,NA,172,142,NA
"GR","Greece",1995,9.678,0.173,0.002,103.82,49,71,60,48
"GR","Greece",1996,9.71,0.175,0.002,104.91,51,70,60,47
"GR","Greece",1997,9.746,0.177,0.002,105.99,52,70,60,46
"GR","Greece",1998,10.073,0.179,0.002,110.19,47,70,61,46
"GR","Greece",1999,10.105,0.18,0.002,111.09,47,70,61,46
"GR","Greece",2000,10.59,0.182,0.002,116.89,45,69,62,45
"GR","Greece",2001,10.591,0.184,0.002,117.26,43,69,62,47
"GR","Greece",2002,10.592,0.186,0.002,117.54,44,69,62,47
"GR","Greece",2003,10.868,0.188,0.002,120.75,42,69,63,46
"GR","Greece",2004,10.869,0.189,0.002,120.81,43,69,65,47
"GR","Greece",2005,11.053,0.191,0.002,122.84,42,68,65,47
"GR","Greece",2006,10.921,0.193,0.002,121.29,45,67,66,49
"GR","Greece",2007,11.288,0.194,0.002,125.2,39,67,67,46
"GR","Greece",2008,10.907,0.195,0.003,120.78,42,68,54,51
"GR","Greece",2009,10.331,0.196,0.003,114.21,46,67,55,51
"GR","Greece",2010,9.728,0.197,0.003,107.34,49,66,56,53
"GR","Greece",2011,9.7,0.197,0.003,106.75,50,66,57,53
"GR","Greece",2012,9.331,0.196,0.003,102.3,51,65,57,55
"GR","Greece",2013,8.67,0.196,0.003,94.63,53,65,57,58
"GR","Greece",2014,8.428,0.195,0.003,91.55,52,65,57,60
"GR","Greece",2015,8.311,0.194,0.003,89.81,52,65,57,61
"GR","Greece",2016,8.236,0.193,0.003,88.53,57,66,58,60
"GR","Greece",2017,8.242,0.191,0.003,88.13,56,67,58,62
"GR","Greece",2018,8.032,0.19,0.003,85.41,59,68,58,62
"GR","Greece",2019,7.559,0.188,0.003,79.93,61,69,59,65
"GR","Greece",2020,6.712,0.187,0.003,70.56,68,68,62,71
"GR","Greece",2021,NA,0.185,0.003,NA,NA,68,62,NA
"GR","Greece",2022,NA,0.183,0.003,NA,NA,69,63,NA
"GD","Grenada",1995,18.64,0,0,1.94,17,179,126,164
"GD","Grenada",1996,18.882,0,0,1.98,17,179,128,164
"GD","Grenada",1997,18.946,0,0,2,16,180,129,163
"GD","Grenada",1998,19.112,0,0,2.03,15,180,129,163
"GD","Grenada",1999,19.187,0,0,2.05,17,180,130,163
"GD","Grenada",2000,19.173,0,0,2.06,17,180,130,163
"GD","Grenada",2001,19.269,0,0,2.08,15,180,133,164
"GD","Grenada",2002,19.308,0,0,2.09,14,180,135,164
"GD","Grenada",2003,19.494,0,0,2.12,14,180,135,164
"GD","Grenada",2004,19.356,0,0,2.12,16,180,135,164
"GD","Grenada",2005,19.407,0,0,2.14,17,180,135,163
"GD","Grenada",2006,19.458,0,0,2.16,16,181,135,163
"GD","Grenada",2007,19.599,0,0,2.19,15,181,136,162
"GD","Grenada",2008,19.645,0,0,2.21,15,181,136,164
"GD","Grenada",2009,19.601,0,0,2.22,14,181,136,164
"GD","Grenada",2010,19.639,0,0,2.24,14,181,135,164
"GD","Grenada",2011,19.49,0,0,2.24,18,181,135,163
"GD","Grenada",2012,19.581,0,0,2.27,19,181,136,163
"GD","Grenada",2013,19.837,0,0,2.32,17,182,137,163
"GD","Grenada",2014,19.155,0,0,2.26,16,182,138,163
"GD","Grenada",2015,19.245,0,0,2.29,17,181,138,162
"GD","Grenada",2016,19.254,0,0,2.31,17,181,138,165
"GD","Grenada",2017,19.267,0,0,2.33,17,181,138,165
"GD","Grenada",2018,19.45,0,0,2.37,17,181,139,165
"GD","Grenada",2019,19.635,0,0,2.41,16,181,139,166
"GD","Grenada",2020,19.406,0,0,2.4,15,181,140,165
"GD","Grenada",2021,NA,0,0,NA,NA,181,142,NA
"GD","Grenada",2022,NA,0,0,NA,NA,181,142,NA
"GT","Guatemala",1995,3.025,0.16,0.002,31.35,131,76,60,89
"GT","Guatemala",1996,2.973,0.16,0.002,31.61,132,76,60,91
"GT","Guatemala",1997,2.922,0.161,0.002,31.87,132,76,60,93
"GT","Guatemala",1998,3.178,0.161,0.002,35.54,127,76,61,90
"GT","Guatemala",1999,2.983,0.162,0.002,34.19,130,76,61,92
"GT","Guatemala",2000,3.108,0.162,0.002,36.47,127,76,62,90
"GT","Guatemala",2001,2.757,0.163,0.002,33.11,131,75,62,93
"GT","Guatemala",2002,2.799,0.165,0.002,34.4,130,74,62,92
"GT","Guatemala",2003,2.899,0.166,0.002,36.44,128,75,63,93
"GT","Guatemala",2004,2.722,0.167,0.002,34.99,135,75,65,96
"GT","Guatemala",2005,2.843,0.167,0.002,37.34,132,76,65,94
"GT","Guatemala",2006,2.718,0.167,0.002,36.46,137,76,66,95
"GT","Guatemala",2007,2.786,0.167,0.002,38.16,142,76,67,90
"GT","Guatemala",2008,2.63,0.166,0.002,36.76,141,76,69,96
"GT","Guatemala",2009,2.698,0.166,0.002,38.47,138,77,70,92
"GT","Guatemala",2010,2.627,0.165,0.002,38.21,140,77,71,95
"GT","Guatemala",2011,2.209,0.165,0.002,32.77,147,77,73,98
"GT","Guatemala",2012,2.211,0.164,0.002,33.45,147,77,74,96
"GT","Guatemala",2013,2.251,0.163,0.002,34.72,145,79,74,94
"GT","Guatemala",2014,2.273,0.163,0.002,35.72,144,79,76,95
"GT","Guatemala",2015,2.424,0.162,0.002,38.79,140,79,76,91
"GT","Guatemala",2016,2.199,0.162,0.002,35.82,149,79,77,106
"GT","Guatemala",2017,2.124,0.162,0.002,35.21,151,79,78,108
"GT","Guatemala",2018,2.184,0.161,0.002,36.8,150,79,79,104
"GT","Guatemala",2019,2.233,0.161,0.003,38.19,148,79,59,102
"GT","Guatemala",2020,2.118,0.161,0.003,36.78,148,78,62,102
"GT","Guatemala",2021,NA,0.16,0.003,NA,NA,79,62,NA
"GT","Guatemala",2022,NA,0.16,0.003,NA,NA,78,63,NA
"GN","Guinea",1995,2.792,0.131,0.001,20.85,135,87,84,108
"GN","Guinea",1996,2.642,0.13,0.001,20.3,137,88,84,115
"GN","Guinea",1997,2.643,0.128,0.001,20.73,138,88,85,113
"GN","Guinea",1998,2.778,0.127,0.001,22.2,136,88,87,111
"GN","Guinea",1999,2.663,0.126,0.001,21.77,139,88,87,111
"GN","Guinea",2000,2.664,0.125,0.001,22.21,136,88,88,111
"GN","Guinea",2001,2.747,0.125,0.001,23.2,135,88,88,107
"GN","Guinea",2002,2.841,0.124,0.001,24.37,129,88,88,106
"GN","Guinea",2003,2.807,0.124,0.001,24.62,130,88,88,107
"GN","Guinea",2004,2.75,0.124,0.002,24.64,134,89,65,110
"GN","Guinea",2005,2.858,0.124,0.002,26.12,131,89,65,108
"GN","Guinea",2006,2.836,0.124,0.002,26.46,134,89,66,108
"GN","Guinea",2007,2.808,0.124,0.002,26.81,139,89,67,109
"GN","Guinea",2008,2.805,0.124,0.002,27.43,137,90,69,110
"GN","Guinea",2009,2.782,0.124,0.002,27.88,136,90,70,106
"GN","Guinea",2010,2.934,0.124,0.002,30.13,131,90,71,104
"GN","Guinea",2011,2.993,0.124,0.002,31.51,133,90,73,101
"GN","Guinea",2012,3.041,0.124,0.002,32.81,131,89,74,98
"GN","Guinea",2013,2.971,0.124,0.002,32.85,131,89,74,99
"GN","Guinea",2014,2.943,0.124,0.002,33.35,133,89,76,100
"GN","Guinea",2015,2.922,0.124,0.002,33.97,134,89,76,99
"GN","Guinea",2016,3.162,0.125,0.002,37.72,133,89,77,102
"GN","Guinea",2017,3.117,0.125,0.002,38.16,135,89,78,100
"GN","Guinea",2018,3.06,0.125,0.002,38.42,133,89,79,101
"GN","Guinea",2019,3.161,0.125,0.002,40.71,131,89,80,96
"GN","Guinea",2020,3.165,0.126,0.002,41.79,123,89,80,97
"GN","Guinea",2021,NA,0.126,0.002,NA,NA,88,81,NA
"GN","Guinea",2022,NA,0.126,0.002,NA,NA,88,81,NA
"GW","Guinea-Bissau",1995,3.016,0.012,0,3.37,132,152,126,156
"GW","Guinea-Bissau",1996,2.604,0.012,0,2.97,139,153,128,158
"GW","Guinea-Bissau",1997,2.589,0.012,0,3.01,139,153,129,159
"GW","Guinea-Bissau",1998,2.728,0.012,0,3.23,138,153,129,158
"GW","Guinea-Bissau",1999,2.967,0.012,0,3.58,131,154,130,156
"GW","Guinea-Bissau",2000,2.665,0.012,0,3.28,135,154,130,158
"GW","Guinea-Bissau",2001,2.776,0.012,0,3.49,130,154,133,157
"GW","Guinea-Bissau",2002,2.847,0.012,0,3.66,128,153,135,155
"GW","Guinea-Bissau",2003,2.858,0.012,0,3.76,129,153,135,156
"GW","Guinea-Bissau",2004,2.821,0.012,0,3.8,129,153,135,156
"GW","Guinea-Bissau",2005,2.711,0.012,0,3.74,135,153,135,156
"GW","Guinea-Bissau",2006,2.878,0.012,0,4.07,132,153,135,156
"GW","Guinea-Bissau",2007,2.799,0.012,0,4.06,141,153,136,156
"GW","Guinea-Bissau",2008,2.54,0.012,0,3.78,144,153,136,157
"GW","Guinea-Bissau",2009,2.514,0.012,0,3.84,145,153,136,158
"GW","Guinea-Bissau",2010,2.546,0.012,0,3.99,142,152,135,155
"GW","Guinea-Bissau",2011,2.411,0.012,0,3.88,141,153,135,157
"GW","Guinea-Bissau",2012,2.644,0.012,0,4.37,140,153,136,155
"GW","Guinea-Bissau",2013,2.403,0.012,0,4.08,141,153,137,154
"GW","Guinea-Bissau",2014,2.409,0.012,0,4.2,140,153,138,154
"GW","Guinea-Bissau",2015,2.499,0.012,0,4.47,139,153,138,154
"GW","Guinea-Bissau",2016,2.262,0.012,0,4.15,146,153,138,157
"GW","Guinea-Bissau",2017,2.17,0.012,0,4.08,149,153,138,158
"GW","Guinea-Bissau",2018,2.171,0.012,0,4.18,152,153,139,157
"GW","Guinea-Bissau",2019,2.142,0.012,0,4.22,154,153,139,157
"GW","Guinea-Bissau",2020,2.113,0.012,0,4.26,149,153,140,157
"GW","Guinea-Bissau",2021,NA,0.012,0,NA,NA,153,142,NA
"GW","Guinea-Bissau",2022,NA,0.012,0,NA,NA,153,142,NA
"GY","Guyana",1995,12.957,0.045,0,9.74,33,130,126,133
"GY","Guyana",1996,13.27,0.045,0,10,30,130,128,134
"GY","Guyana",1997,13.612,0.045,0,10.28,30,129,129,134
"GY","Guyana",1998,13.783,0.045,0,10.43,29,128,129,134
"GY","Guyana",1999,13.733,0.045,0.001,10.41,28,128,87,134
"GY","Guyana",2000,13.293,0.044,0.001,10.09,30,128,88,134
"GY","Guyana",2001,14.28,0.044,0.001,10.85,25,129,88,131
"GY","Guyana",2002,14.126,0.044,0.001,10.74,24,131,88,132
"GY","Guyana",2003,14.489,0.044,0.001,11.02,29,131,88,132
"GY","Guyana",2004,14.873,0.044,0.001,11.31,24,131,90,133
"GY","Guyana",2005,14.413,0.043,0.001,10.95,27,132,92,134
"GY","Guyana",2006,14.175,0.043,0.001,10.75,28,132,92,136
"GY","Guyana",2007,14.619,0.042,0.001,11.06,26,132,94,135
"GY","Guyana",2008,14.864,0.042,0.001,11.21,24,132,94,136
"GY","Guyana",2009,14.961,0.042,0.001,11.24,23,132,94,133
"GY","Guyana",2010,15.376,0.041,0.001,11.5,23,132,96,134
"GY","Guyana",2011,25.812,0.041,0.001,19.21,7,132,96,123
"GY","Guyana",2012,26.157,0.04,0.001,19.46,6,132,97,123
"GY","Guyana",2013,26.25,0.04,0.001,19.62,6,132,97,122
"GY","Guyana",2014,26.4,0.04,0.001,19.83,6,132,97,121
"GY","Guyana",2015,26.462,0.04,0.001,19.98,6,132,98,122
"GY","Guyana",2016,22.922,0.039,0.001,17.4,10,133,98,127
"GY","Guyana",2017,22.928,0.039,0.001,17.5,10,134,100,126
"GY","Guyana",2018,22.482,0.039,0.001,17.66,10,134,101,127
"GY","Guyana",2019,22.497,0.038,0.001,17.97,10,135,102,124
"GY","Guyana",2020,22.792,0.038,0.001,18.17,10,134,103,124
"GY","Guyana",2021,NA,0.038,0.001,NA,NA,134,104,NA
"GY","Guyana",2022,NA,0.038,0.001,NA,NA,134,104,NA
"HT","Haiti",1995,0.776,0.047,0,5.92,180,126,126,148
"HT","Haiti",1996,0.8,0.047,0.001,6.22,179,126,84,147
"HT","Haiti",1997,0.836,0.047,0.001,6.62,179,126,85,144
"HT","Haiti",1998,0.84,0.047,0.001,6.77,178,126,87,145
"HT","Haiti",1999,0.842,0.047,0.001,6.91,178,126,87,145
"HT","Haiti",2000,0.884,0.047,0.001,7.39,178,126,88,142
"HT","Haiti",2001,0.889,0.047,0.001,7.57,179,126,88,141
"HT","Haiti",2002,0.909,0.047,0.001,7.87,178,126,88,140
"HT","Haiti",2003,0.898,0.047,0.001,7.91,179,127,88,142
"HT","Haiti",2004,0.869,0.047,0.001,7.79,179,127,90,142
"HT","Haiti",2005,0.866,0.047,0.001,7.89,179,128,92,141
"HT","Haiti",2006,0.858,0.047,0.001,7.95,180,128,92,143
"HT","Haiti",2007,0.888,0.047,0.001,8.37,178,129,94,142
"HT","Haiti",2008,0.877,0.047,0.001,8.4,179,129,94,144
"HT","Haiti",2009,0.868,0.047,0.001,8.45,180,129,94,140
"HT","Haiti",2010,0.915,0.048,0.001,9.01,181,129,96,139
"HT","Haiti",2011,0.996,0.048,0.001,9.91,180,128,96,139
"HT","Haiti",2012,0.957,0.048,0.001,9.67,181,128,97,140
"HT","Haiti",2013,0.971,0.048,0.001,9.96,180,128,97,139
"HT","Haiti",2014,0.997,0.048,0.001,10.38,177,128,97,140
"HT","Haiti",2015,1.017,0.048,0.001,10.74,178,128,98,137
"HT","Haiti",2016,1.024,0.048,0.001,10.97,179,128,98,139
"HT","Haiti",2017,1.008,0.048,0.001,10.95,179,128,100,139
"HT","Haiti",2018,0.983,0.048,0.001,10.83,181,128,101,139
"HT","Haiti",2019,0.982,0.047,0.001,10.96,180,128,102,140
"HT","Haiti",2020,0.964,0.047,0.001,10.9,180,128,103,141
"HT","Haiti",2021,NA,0.047,0.001,NA,NA,128,104,NA
"HT","Haiti",2022,NA,0.047,0.001,NA,NA,128,104,NA
"HN","Honduras",1995,3.263,0.119,0.001,18.97,127,90,84,117
"HN","Honduras",1996,3.09,0.118,0.001,18.47,130,90,84,119
"HN","Honduras",1997,3.073,0.118,0.001,18.88,129,90,85,119
"HN","Honduras",1998,3.08,0.117,0.001,19.43,129,92,87,119
"HN","Honduras",1999,2.822,0.116,0.001,18.28,135,92,87,122
"HN","Honduras",2000,2.821,0.115,0.001,18.78,134,93,88,122
"HN","Honduras",2001,2.751,0.114,0.001,18.81,134,93,88,120
"HN","Honduras",2002,2.744,0.113,0.001,19.26,134,93,88,118
"HN","Honduras",2003,3.092,0.112,0.001,22.27,124,93,88,115
"HN","Honduras",2004,2.92,0.111,0.001,21.56,125,93,90,116
"HN","Honduras",2005,2.973,0.11,0.001,22.49,126,93,92,117
"HN","Honduras",2006,2.941,0.109,0.001,22.78,128,95,92,119
"HN","Honduras",2007,2.969,0.108,0.001,23.53,131,95,94,117
"HN","Honduras",2008,2.933,0.107,0.001,23.76,132,96,94,116
"HN","Honduras",2009,2.872,0.106,0.001,23.77,133,96,94,121
"HN","Honduras",2010,2.804,0.106,0.001,23.7,136,96,96,120
"HN","Honduras",2011,3.085,0.105,0.001,26.6,130,97,96,112
"HN","Honduras",2012,3.023,0.104,0.001,26.58,132,97,97,113
"HN","Honduras",2013,3.002,0.103,0.001,26.9,130,97,97,111
"HN","Honduras",2014,3.005,0.103,0.001,27.43,131,97,97,112
"HN","Honduras",2015,3.015,0.102,0.002,28.02,131,97,76,112
"HN","Honduras",2016,2.957,0.102,0.002,27.98,136,97,77,114
"HN","Honduras",2017,2.764,0.102,0.002,26.61,140,97,78,114
"HN","Honduras",2018,2.74,0.101,0.002,26.83,138,97,79,115
"HN","Honduras",2019,2.801,0.101,0.002,27.89,139,97,80,115
"HN","Honduras",2020,2.734,0.101,0.002,27.67,136,98,80,114
"HN","Honduras",2021,NA,0.1,0.002,NA,NA,99,81,NA
"HN","Honduras",2022,NA,0.1,0.002,NA,NA,99,81,NA
"HU","Hungary",1995,7.226,0.238,0.003,74.62,72,59,48,61
"HU","Hungary",1996,7.454,0.236,0.003,76.84,69,59,48,59
"HU","Hungary",1997,7.306,0.234,0.003,75.15,73,59,49,59
"HU","Hungary",1998,7.316,0.233,0.003,75.07,70,58,49,58
"HU","Hungary",1999,7.415,0.231,0.003,75.86,70,58,51,60
"HU","Hungary",2000,7.144,0.229,0.003,72.88,73,58,51,62
"HU","Hungary",2001,7.445,0.227,0.003,75.77,66,58,52,63
"HU","Hungary",2002,7.306,0.225,0.003,74.14,69,59,52,65
"HU","Hungary",2003,7.598,0.223,0.003,76.88,66,59,52,65
"HU","Hungary",2004,7.5,0.221,0.003,75.71,68,59,52,65
"HU","Hungary",2005,7.447,0.219,0.003,75.02,67,60,53,65
"HU","Hungary",2006,7.388,0.217,0.003,74.3,68,60,53,66
"HU","Hungary",2007,7.183,0.215,0.003,72.13,67,60,54,66
"HU","Hungary",2008,7.058,0.213,0.003,70.75,68,60,54,68
"HU","Hungary",2009,6.485,0.211,0.003,64.91,76,60,55,70
"HU","Hungary",2010,6.496,0.209,0.003,64.87,74,60,56,74
"HU","Hungary",2011,6.349,0.206,0.003,63.19,78,62,57,75
"HU","Hungary",2012,5.979,0.204,0.003,59.32,84,63,57,75
"HU","Hungary",2013,5.757,0.201,0.003,56.96,88,63,57,75
"HU","Hungary",2014,5.802,0.199,0.003,57.25,83,63,57,75
"HU","Hungary",2015,6.113,0.197,0.003,60.18,74,64,57,73
"HU","Hungary",2016,6.265,0.195,0.003,61.49,76,65,58,78
"HU","Hungary",2017,6.794,0.193,0.003,66.51,72,65,58,74
"HU","Hungary",2018,6.76,0.191,0.003,66.09,72,67,58,75
"HU","Hungary",2019,6.538,0.189,0.003,63.89,75,68,59,75
"HU","Hungary",2020,6.296,0.187,0.003,61.39,73,68,62,77
"HU","Hungary",2021,NA,0.185,0.003,NA,NA,68,62,NA
"HU","Hungary",2022,NA,0.184,0.003,NA,NA,68,63,NA
"IS","Iceland",1995,13.859,0.012,0,3.71,27,152,126,154
"IS","Iceland",1996,14.751,0.012,0,3.97,24,153,128,154
"IS","Iceland",1997,14.519,0.012,0,3.94,26,153,129,153
"IS","Iceland",1998,14.875,0.012,0,4.08,22,153,129,153
"IS","Iceland",1999,14.588,0.012,0,4.05,23,154,130,153
"IS","Iceland",2000,14.531,0.012,0,4.09,22,154,130,154
"IS","Iceland",2001,13.778,0.012,0,3.93,27,154,133,154
"IS","Iceland",2002,13.864,0.012,0,3.99,26,153,135,154
"IS","Iceland",2003,13.664,0.012,0,3.96,30,153,135,155
"IS","Iceland",2004,13.75,0.012,0,4.02,29,153,135,154
"IS","Iceland",2005,13.332,0.012,0,3.96,29,153,135,155
"IS","Iceland",2006,14.601,0.012,0,4.44,25,153,135,154
"IS","Iceland",2007,14.301,0.012,0,4.46,28,153,136,154
"IS","Iceland",2008,13.723,0.011,0,4.36,29,155,136,154
"IS","Iceland",2009,12.641,0.011,0,4.03,28,155,136,155
"IS","Iceland",2010,12.251,0.011,0,3.9,35,155,135,157
"IS","Iceland",2011,11.462,0.011,0,3.66,37,155,135,158
"IS","Iceland",2012,11.371,0.011,0,3.65,38,155,136,158
"IS","Iceland",2013,11.758,0.011,0,3.81,32,155,137,157
"IS","Iceland",2014,11.811,0.011,0,3.87,32,155,138,156
"IS","Iceland",2015,11.84,0.011,0,3.92,31,155,138,155
"IS","Iceland",2016,10.308,0.011,0,3.46,43,155,138,160
"IS","Iceland",2017,10.214,0.011,0,3.51,42,155,138,161
"IS","Iceland",2018,10.001,0.011,0,3.53,42,155,139,161
"IS","Iceland",2019,9.59,0.011,0,3.46,43,155,139,161
"IS","Iceland",2020,8.918,0.011,0,3.27,44,155,140,161
"IS","Iceland",2021,NA,0.011,0,NA,NA,155,142,NA
"IS","Iceland",2022,NA,0.011,0,NA,NA,156,142,NA
"IN","India",1995,1.29,4.107,0.043,1244.34,171,5,5,6
"IN","India",1996,1.315,4.125,0.044,1293.39,171,5,5,5
"IN","India",1997,1.35,4.142,0.045,1353.6,171,5,5,6
"IN","India",1998,1.354,4.161,0.046,1383.29,171,5,5,5
"IN","India",1999,1.404,4.183,0.047,1461.25,167,5,5,5
"IN","India",2000,1.415,4.204,0.048,1499,166,5,5,5
"IN","India",2001,1.619,4.222,0.049,1747.32,165,5,5,4
"IN","India",2002,1.609,4.237,0.05,1766.72,165,5,5,4
"IN","India",2003,1.621,4.249,0.051,1811.43,164,5,5,4
"IN","India",2004,1.674,4.261,0.052,1901.54,164,5,5,4
"IN","India",2005,1.709,4.275,0.053,1973.19,164,5,5,4
"IN","India",2006,1.767,4.29,0.054,2071.63,163,5,5,3
"IN","India",2007,1.865,4.31,0.055,2218.68,162,5,5,3
"IN","India",2008,1.921,4.331,0.057,2318,160,5,5,3
"IN","India",2009,2.02,4.355,0.058,2471.7,155,5,5,3
"IN","India",2010,2.081,4.382,0.059,2581.25,155,5,5,3
"IN","India",2011,2.083,4.408,0.06,2619.73,151,5,5,3
"IN","India",2012,2.178,4.436,0.062,2776.41,148,5,5,3
"IN","India",2013,2.2,4.463,0.063,2840.44,146,5,5,3
"IN","India",2014,2.312,4.492,0.065,3022.2,142,5,5,3
"IN","India",2015,2.299,4.522,0.066,3041.47,144,5,5,3
"IN","India",2016,2.328,4.557,0.068,3116.76,144,5,5,3
"IN","India",2017,2.394,4.591,0.069,3241.44,146,5,5,3
"IN","India",2018,2.488,4.629,0.071,3406.53,144,5,5,3
"IN","India",2019,2.444,4.664,0.073,3380.31,146,5,5,3
"IN","India",2020,2.268,4.697,0.074,3166.95,145,5,5,3
"IN","India",2021,NA,4.735,0.076,NA,NA,5,5,NA
"IN","India",2022,NA,4.777,0.078,NA,NA,5,5,NA
"ID","Indonesia",1995,6.347,3.248,0.034,1257.55,86,8,8,5
"ID","Indonesia",1996,5.47,3.274,0.035,1101.48,97,8,8,7
"ID","Indonesia",1997,10.127,3.372,0.037,2072.21,48,7,7,3
"ID","Indonesia",1998,6.274,3.403,0.038,1304.17,86,7,7,6
"ID","Indonesia",1999,5.672,3.435,0.039,1196.77,88,7,7,6
"ID","Indonesia",2000,5.27,3.453,0.04,1128.24,96,7,7,7
"ID","Indonesia",2001,4.41,3.47,0.04,957.49,104,7,7,9
"ID","Indonesia",2002,6.544,3.495,0.041,1440.37,77,7,7,5
"ID","Indonesia",2003,4.964,3.499,0.042,1107.33,94,7,7,7
"ID","Indonesia",2004,6.458,3.503,0.043,1459.03,82,7,6,6
"ID","Indonesia",2005,5.189,3.504,0.044,1187.32,96,6,6,7
"ID","Indonesia",2006,6.949,3.521,0.044,1610.81,73,6,6,5
"ID","Indonesia",2007,4.479,3.515,0.045,1051.98,107,6,6,7
"ID","Indonesia",2008,4.36,3.51,0.046,1037.5,110,6,6,7
"ID","Indonesia",2009,5.955,3.52,0.047,1434.93,82,6,6,5
"ID","Indonesia",2010,4.435,3.517,0.047,1082.12,109,6,6,7
"ID","Indonesia",2011,6.644,3.524,0.048,1641.84,72,6,6,5
"ID","Indonesia",2012,6.638,3.531,0.049,1661.05,70,6,6,4
"ID","Indonesia",2013,6.308,3.537,0.05,1597.66,73,6,6,5
"ID","Indonesia",2014,7.703,3.55,0.051,1973.8,57,6,6,4
"ID","Indonesia",2015,7.804,3.576,0.052,2022.03,57,6,6,4
"ID","Indonesia",2016,5.286,3.579,0.053,1384.26,100,6,6,6
"ID","Indonesia",2017,5.275,3.583,0.054,1395.33,97,6,6,6
"ID","Indonesia",2018,6.146,3.589,0.055,1641.42,81,6,6,5
"ID","Indonesia",2019,7.098,3.61,0.056,1913.58,67,6,6,4
"ID","Indonesia",2020,5.429,3.623,0.057,1475.83,86,6,6,5
"ID","Indonesia",2021,NA,3.634,0.059,NA,NA,6,6,NA
"ID","Indonesia",2022,NA,3.65,0.06,NA,NA,6,6,NA
"IRN","Iran",1995,6.541,0.743,0.008,397.63,83,24,23,19
"IRN","Iran",1996,6.702,0.743,0.008,412.83,76,24,23,18
"IRN","Iran",1997,6.889,0.744,0.008,430.44,76,24,23,18
"IRN","Iran",1998,6.808,0.745,0.008,432.02,80,24,23,17
"IRN","Iran",1999,7.248,0.757,0.009,467.33,73,23,23,16
"IRN","Iran",2000,7.547,0.777,0.009,494.69,68,23,23,14
"IRN","Iran",2001,7.263,0.796,0.009,484.25,70,23,23,12
"IRN","Iran",2002,7.4,0.811,0.01,498.19,67,23,22,12
"IRN","Iran",2003,7.856,0.83,0.01,533.84,62,23,23,12
"IRN","Iran",2004,8.239,0.85,0.01,568.98,58,23,23,12
"IRN","Iran",2005,8.668,0.871,0.011,608.37,56,23,22,11
"IRN","Iran",2006,9.111,0.894,0.011,649.41,54,22,22,11
"IRN","Iran",2007,9.426,0.915,0.012,681.68,53,22,20,10
"IRN","Iran",2008,9.386,0.935,0.012,688.19,52,21,20,10
"IRN","Iran",2009,9.543,0.954,0.013,709.29,51,20,19,10
"IRN","Iran",2010,9.444,0.971,0.013,711.86,51,19,19,10
"IRN","Iran",2011,10.032,0.985,0.014,765.9,45,19,18,10
"IRN","Iran",2012,9.898,0.996,0.014,765.33,47,19,19,10
"IRN","Iran",2013,10.029,1.006,0.014,786.88,46,19,19,10
"IRN","Iran",2014,10.163,1.017,0.015,812.67,41,19,18,10
"IRN","Iran",2015,9.931,1.029,0.015,812.28,42,19,18,10
"IRN","Iran",2016,10.196,1.044,0.016,849.42,44,19,17,8
"IRN","Iran",2017,10.402,1.061,0.016,879.04,41,17,17,8
"IRN","Iran",2018,10.416,1.08,0.017,891.76,39,17,17,8
"IRN","Iran",2019,9.897,1.094,0.017,856.71,41,17,17,8
"IRN","Iran",2020,9.677,1.106,0.018,844.71,39,17,17,8
"IRN","Iran",2021,NA,1.12,0.018,NA,NA,17,17,NA
"IRN","Iran",2022,NA,1.133,0.019,NA,NA,17,15,NA
"IQ","Iraq",1995,5.937,0.395,0.004,124.37,90,41,38,40
"IQ","Iraq",1996,5.671,0.38,0.004,122.72,92,42,40,41
"IQ","Iraq",1997,6.81,0.369,0.004,152.07,79,42,40,36
"IQ","Iraq",1998,5.9,0.358,0.004,136.01,90,45,41,39
"IQ","Iraq",1999,5.148,0.344,0.004,122.64,97,46,42,41
"IQ","Iraq",2000,5.662,0.336,0.004,139.45,89,46,42,39
"IQ","Iraq",2001,5.878,0.34,0.004,149.45,86,46,42,38
"IQ","Iraq",2002,5.275,0.342,0.004,138.51,93,46,44,40
"IQ","Iraq",2003,4.37,0.343,0.004,118.29,107,46,44,47
"IQ","Iraq",2004,4.83,0.345,0.004,134.57,99,46,46,42
"IQ","Iraq",2005,4.549,0.345,0.004,130.56,104,47,46,43
"IQ","Iraq",2006,4.504,0.343,0.004,130.18,105,47,46,43
"IQ","Iraq",2007,4.374,0.336,0.004,125.37,108,47,47,45
"IQ","Iraq",2008,4.839,0.328,0.004,141.38,101,47,47,42
"IQ","Iraq",2009,5.001,0.321,0.004,151.47,98,49,47,41
"IQ","Iraq",2010,5.356,0.32,0.004,167.46,92,48,47,40
"IQ","Iraq",2011,5.483,0.33,0.005,177.52,96,47,40,41
"IQ","Iraq",2012,5.965,0.342,0.005,201.99,85,47,43,36
"IQ","Iraq",2013,6.051,0.353,0.005,214.7,77,46,45,35
"IQ","Iraq",2014,5.803,0.363,0.005,213.23,82,46,45,36
"IQ","Iraq",2015,5.839,0.375,0.006,220.46,82,45,37,36
"IQ","Iraq",2016,6.211,0.392,0.006,240.34,77,43,37,36
"IQ","Iraq",2017,6.451,0.406,0.006,255.61,78,42,38,34
"IQ","Iraq",2018,6.624,0.42,0.006,268.86,75,39,39,33
"IQ","Iraq",2019,6.892,0.433,0.007,286.46,69,37,35,31
"IQ","Iraq",2020,6.152,0.442,0.007,261.79,74,37,36,32
"IQ","Iraq",2021,NA,0.451,0.007,NA,NA,37,37,NA
"IQ","Iraq",2022,NA,0.462,0.008,NA,NA,37,35,NA
"IE","Ireland",1995,19.028,0.03,0,68.11,16,139,126,63
"IE","Ireland",1996,19.25,0.031,0,69.43,16,139,128,63
"IE","Ireland",1997,19.45,0.033,0,70.8,15,137,129,63
"IE","Ireland",1998,20.14,0.035,0,74.09,14,136,129,61
"IE","Ireland",1999,20.369,0.036,0,75.77,14,136,130,61
"IE","Ireland",2000,20.945,0.039,0,78.94,14,135,130,58
"IE","Ireland",2001,21.287,0.041,0,81.51,12,134,133,59
"IE","Ireland",2002,20.566,0.043,0.001,80.09,12,132,88,60
"IE","Ireland",2003,20.456,0.045,0.001,80.98,12,129,88,60
"IE","Ireland",2004,19.884,0.046,0.001,80.17,13,128,90,63
"IE","Ireland",2005,19.756,0.048,0.001,81.42,15,127,92,63
"IE","Ireland",2006,19.363,0.049,0.001,82,17,127,92,62
"IE","Ireland",2007,18.462,0.05,0.001,80.49,18,126,94,62
"IE","Ireland",2008,17.833,0.051,0.001,79.4,20,126,94,62
"IE","Ireland",2009,16.443,0.052,0.001,73.99,21,126,94,65
"IE","Ireland",2010,16.081,0.053,0.001,72.76,22,126,96,67
"IE","Ireland",2011,15.111,0.054,0.001,68.67,23,126,96,69
"IE","Ireland",2012,15.36,0.054,0.001,70.11,24,126,97,67
"IE","Ireland",2013,15.091,0.054,0.001,69.25,24,126,97,67
"IE","Ireland",2014,15.051,0.055,0.001,69.57,24,126,97,66
"IE","Ireland",2015,15.303,0.055,0.001,71.4,22,126,98,66
"IE","Ireland",2016,15.639,0.056,0.001,73.75,22,126,98,66
"IE","Ireland",2017,15.279,0.056,0.001,72.91,25,126,100,69
"IE","Ireland",2018,14.603,0.056,0.001,70.6,26,126,101,69
"IE","Ireland",2019,14.007,0.057,0.001,68.58,25,126,102,72
"IE","Ireland",2020,13.437,0.057,0.001,66.46,24,126,103,72
"IE","Ireland",2021,NA,0.058,0.001,NA,NA,122,104,NA
"IE","Ireland",2022,NA,0.058,0.001,NA,NA,122,104,NA
"IL","Israel",1995,10.807,0.066,0.001,59.21,43,113,84,68
"IL","Israel",1996,11.106,0.068,0.001,62.33,43,112,84,67
"IL","Israel",1997,11.38,0.069,0.001,65.36,41,112,85,67
"IL","Israel",1998,11.367,0.071,0.001,66.72,41,112,87,67
"IL","Israel",1999,11.5,0.073,0.001,68.93,38,110,87,65
"IL","Israel",2000,12.068,0.074,0.001,73.82,35,110,88,60
"IL","Israel",2001,11.812,0.076,0.001,73.68,38,110,88,64
"IL","Israel",2002,11.901,0.078,0.001,75.65,36,109,88,63
"IL","Israel",2003,11.807,0.08,0.001,76.46,38,106,88,67
"IL","Israel",2004,11.759,0.081,0.001,77.56,40,106,90,64
"IL","Israel",2005,11.349,0.083,0.001,76.2,41,105,92,64
"IL","Israel",2006,11.778,0.084,0.001,80.47,37,103,92,63
"IL","Israel",2007,12.028,0.086,0.001,83.62,36,102,94,61
"IL","Israel",2008,11.915,0.087,0.001,84.29,35,102,94,61
"IL","Israel",2009,11.634,0.089,0.001,83.76,34,101,94,60
"IL","Israel",2010,12.174,0.09,0.001,89.22,36,101,96,60
"IL","Israel",2011,11.927,0.092,0.001,88.97,33,101,96,60
"IL","Israel",2012,12.579,0.093,0.001,95.5,31,101,97,59
"IL","Israel",2013,11.26,0.095,0.001,87,36,101,97,62
"IL","Israel",2014,10.828,0.096,0.001,85.15,38,100,97,63
"IL","Israel",2015,10.897,0.097,0.001,87.26,37,100,98,62
"IL","Israel",2016,10.684,0.098,0.001,87.17,41,99,98,61
"IL","Israel",2017,10.677,0.099,0.002,88.72,39,99,78,61
"IL","Israel",2018,10.061,0.1,0.002,85.08,41,98,79,63
"IL","Israel",2019,10.138,0.101,0.002,87.27,40,97,80,63
"IL","Israel",2020,9.563,0.103,0.002,83.75,40,97,80,62
"IL","Israel",2021,NA,0.104,0.002,NA,NA,97,81,NA
"IL","Israel",2022,NA,0.105,0.002,NA,NA,97,81,NA
"IT","Italy",1995,8.048,0.913,0.01,457.83,62,21,20,16
"IT","Italy",1996,7.986,0.916,0.01,454.39,64,21,20,15
"IT","Italy",1997,8.05,0.92,0.01,458.26,64,21,21,15
"IT","Italy",1998,8.249,0.925,0.01,469.67,63,21,21,15
"IT","Italy",1999,8.38,0.93,0.01,477.2,60,21,21,15
"IT","Italy",2000,8.472,0.935,0.011,482.62,58,21,20,15
"IT","Italy",2001,8.44,0.939,0.011,481.01,56,21,21,14
"IT","Italy",2002,8.586,0.943,0.011,490.3,54,21,21,13
"IT","Italy",2003,8.865,0.946,0.011,509.1,53,21,21,14
"IT","Italy",2004,9.001,0.949,0.012,520.78,55,21,18,13
"IT","Italy",2005,8.971,0.951,0.012,522.1,55,21,19,14
"IT","Italy",2006,8.731,0.951,0.012,510.16,56,20,19,14
"IT","Italy",2007,8.563,0.952,0.012,503.32,58,20,20,15
"IT","Italy",2008,8.245,0.952,0.012,488.28,61,20,20,18
"IT","Italy",2009,7.375,0.95,0.013,439.28,62,21,19,19
"IT","Italy",2010,7.487,0.948,0.013,447.87,61,21,19,19
"IT","Italy",2011,7.286,0.944,0.013,437.33,63,21,20,19
"IT","Italy",2012,6.964,0.939,0.013,419.16,64,21,20,20
"IT","Italy",2013,6.42,0.934,0.013,387.19,69,21,20,22
"IT","Italy",2014,6.093,0.928,0.013,367.54,74,21,21,21
"IT","Italy",2015,6.295,0.922,0.014,379.14,71,21,20,22
"IT","Italy",2016,6.595,0.917,0.014,396.47,72,21,20,23
"IT","Italy",2017,6.52,0.911,0.014,391.2,74,21,20,23
"IT","Italy",2018,6.449,0.905,0.014,386.15,78,21,20,23
"IT","Italy",2019,6.313,0.899,0.014,377.08,77,21,20,24
"IT","Italy",2020,5.701,0.893,0.014,339.21,81,21,20,25
"IT","Italy",2021,NA,0.888,0.014,NA,NA,21,20,NA
"IT","Italy",2022,NA,0.882,0.014,NA,NA,22,20,NA
"JM","Jamaica",1995,4.276,0.026,0,10.73,110,142,126,130
"JM","Jamaica",1996,4.37,0.026,0,11.07,110,142,128,130
"JM","Jamaica",1997,4.391,0.026,0,11.22,110,142,129,132
"JM","Jamaica",1998,4.568,0.026,0,11.77,107,142,129,132
"JM","Jamaica",1999,4.657,0.027,0,12.09,105,141,130,128
"JM","Jamaica",2000,4.67,0.027,0,12.2,104,141,130,127
"JM","Jamaica",2001,3.558,0.027,0,9.34,113,142,133,136
"JM","Jamaica",2002,3.608,0.027,0,9.52,116,142,135,137
"JM","Jamaica",2003,3.749,0.027,0,9.94,115,142,135,136
"JM","Jamaica",2004,3.697,0.027,0,9.85,116,142,135,136
"JM","Jamaica",2005,3.665,0.027,0,9.81,118,142,135,137
"JM","Jamaica",2006,4.097,0.028,0,11.02,114,141,135,135
"JM","Jamaica",2007,4.054,0.028,0,10.95,112,141,136,136
"JM","Jamaica",2008,3.15,0.028,0,8.54,124,142,136,143
"JM","Jamaica",2009,2.498,0.028,0,6.8,146,142,136,149
"JM","Jamaica",2010,2.341,0.028,0,6.4,147,141,135,150
"JM","Jamaica",2011,3.328,0.027,0,9.14,124,144,135,141
"JM","Jamaica",2012,3.123,0.027,0,8.62,130,144,136,144
"JM","Jamaica",2013,3.274,0.027,0,9.08,123,144,137,143
"JM","Jamaica",2014,3.193,0.027,0,8.89,128,145,138,144
"JM","Jamaica",2015,3.142,0.027,0,8.78,128,144,138,142
"JM","Jamaica",2016,3.29,0.026,0,9.22,127,145,138,145
"JM","Jamaica",2017,3.18,0.026,0,8.93,131,145,138,146
"JM","Jamaica",2018,3.674,0.026,0,10.33,120,145,139,140
"JM","Jamaica",2019,3.607,0.026,0,10.15,119,144,139,143
"JM","Jamaica",2020,2.688,0.026,0,7.58,137,144,140,150
"JM","Jamaica",2021,NA,0.025,0,NA,NA,145,142,NA
"JM","Jamaica",2022,NA,0.025,0,NA,NA,145,142,NA
"JP","Japan",1995,9.578,1.952,0.021,1201.39,51,10,10,7
"JP","Japan",1996,9.673,1.971,0.021,1216.18,52,10,10,6
"JP","Japan",1997,9.555,1.986,0.022,1204.18,55,10,10,7
"JP","Japan",1998,9.166,2.002,0.022,1157.8,53,10,10,7
"JP","Japan",1999,9.385,2.018,0.023,1187.78,52,10,10,7
"JP","Japan",2000,9.484,2.034,0.023,1202.66,49,10,10,6
"JP","Japan",2001,9.119,2.048,0.024,1158.68,51,10,10,6
"JP","Japan",2002,9.341,2.061,0.024,1189.07,51,10,10,7
"JP","Japan",2003,9.378,2.073,0.025,1195.78,51,10,10,6
"JP","Japan",2004,9.287,2.083,0.025,1185.71,52,10,10,7
"JP","Japan",2005,9.329,2.092,0.026,1192.22,53,10,10,6
"JP","Japan",2006,9.161,2.099,0.027,1171.67,53,10,10,7
"JP","Japan",2007,9.429,2.108,0.027,1206.97,52,10,10,6
"JP","Japan",2008,8.879,2.113,0.028,1137.15,56,10,10,6
"JP","Japan",2009,8.426,2.116,0.028,1079.49,56,10,10,7
"JP","Japan",2010,8.875,2.119,0.029,1136.98,54,10,10,6
"JP","Japan",2011,9.715,2.122,0.029,1243.62,49,10,10,7
"JP","Japan",2012,10.067,2.125,0.03,1287.06,44,10,10,7
"JP","Japan",2013,10.204,2.129,0.03,1302.82,43,10,10,7
"JP","Japan",2014,9.853,2.131,0.031,1255.98,46,10,10,7
"JP","Japan",2015,9.582,2.132,0.031,1219.3,46,10,10,7
"JP","Japan",2016,9.658,2.133,0.032,1226.53,48,10,10,7
"JP","Japan",2017,9.551,2.133,0.032,1209.79,48,10,10,7
"JP","Japan",2018,9.238,2.131,0.033,1166.41,50,10,10,7
"JP","Japan",2019,8.949,2.128,0.033,1125.76,49,10,10,7
"JP","Japan",2020,8.486,2.125,0.034,1062.78,51,10,9,7
"JP","Japan",2021,NA,2.121,0.034,NA,NA,10,10,NA
"JP","Japan",2022,NA,2.117,0.035,NA,NA,10,9,NA
"JO","Jordan",1995,5.215,0.017,0,23.25,101,148,126,104
"JO","Jordan",1996,4.878,0.017,0,22.48,104,148,128,105
"JO","Jordan",1997,4.645,0.018,0,21.99,106,148,129,108
"JO","Jordan",1998,4.376,0.019,0,21.2,110,148,129,114
"JO","Jordan",1999,4.094,0.019,0,20.27,114,148,130,117
"JO","Jordan",2000,4.122,0.02,0,20.84,113,148,130,115
"JO","Jordan",2001,4.056,0.021,0,20.94,107,147,133,114
"JO","Jordan",2002,4.119,0.021,0,21.73,107,148,135,113
"JO","Jordan",2003,4.134,0.022,0,22.31,110,147,135,114
"JO","Jordan",2004,4.296,0.023,0,23.77,112,146,135,113
"JO","Jordan",2005,4.459,0.023,0,25.32,107,147,135,110
"JO","Jordan",2006,4.299,0.024,0,26.12,108,147,135,109
"JO","Jordan",2007,4.242,0.025,0,27.46,110,145,136,108
"JO","Jordan",2008,4.042,0.026,0,26.81,111,145,136,112
"JO","Jordan",2009,4.076,0.026,0,27.64,110,145,136,108
"JO","Jordan",2010,3.947,0.027,0,27.36,112,144,135,112
"JO","Jordan",2011,3.975,0.028,0,28.26,111,141,135,107
"JO","Jordan",2012,4.444,0.029,0,32.05,108,141,136,101
"JO","Jordan",2013,4.196,0.03,0,32.29,109,141,137,101
"JO","Jordan",2014,3.98,0.03,0,34.46,111,141,138,97
"JO","Jordan",2015,3.672,0.031,0,34.86,116,139,138,97
"JO","Jordan",2016,3.513,0.032,0,35.01,120,138,138,108
"JO","Jordan",2017,3.599,0.033,0,36.77,120,138,138,104
"JO","Jordan",2018,3.439,0.034,0.001,35.97,123,136,101,106
"JO","Jordan",2019,3.262,0.034,0.001,34.9,124,136,102,108
"JO","Jordan",2020,3.033,0.035,0.001,33.15,129,136,103,109
"JO","Jordan",2021,NA,0.036,0.001,NA,NA,136,104,NA
"JO","Jordan",2022,NA,0.036,0.001,NA,NA,136,104,NA
"KZ","Kazakhstan",1995,13.526,1.14,0.012,222.29,29,18,18,30
"KZ","Kazakhstan",1996,12.231,1.118,0.012,197.46,36,18,18,33
"KZ","Kazakhstan",1997,11.064,1.096,0.012,175.03,43,18,18,33
"KZ","Kazakhstan",1998,11.346,1.075,0.012,175.57,42,18,18,34
"KZ","Kazakhstan",1999,10.596,1.053,0.012,161.66,44,18,18,35
"KZ","Kazakhstan",2000,10.596,1.033,0.012,161.44,44,18,18,36
"KZ","Kazakhstan",2001,10.508,1.015,0.012,160.57,44,19,18,35
"KZ","Kazakhstan",2002,12.301,0.999,0.012,188.69,35,19,18,34
"KZ","Kazakhstan",2003,12.97,0.984,0.012,199.95,33,20,18,34
"KZ","Kazakhstan",2004,14.062,0.969,0.012,218.27,26,20,18,33
"KZ","Kazakhstan",2005,14.869,0.957,0.012,232.79,25,20,19,31
"KZ","Kazakhstan",2006,15.966,0.946,0.012,252.63,22,21,19,31
"KZ","Kazakhstan",2007,16.57,0.936,0.012,265.22,23,21,20,31
"KZ","Kazakhstan",2008,19.314,0.928,0.012,312.82,17,22,20,28
"KZ","Kazakhstan",2009,17.39,0.92,0.012,285.23,19,22,22,31
"KZ","Kazakhstan",2010,18.377,0.915,0.012,305.57,18,22,22,30
"KZ","Kazakhstan",2011,18.521,0.909,0.012,312.35,21,22,22,29
"KZ","Kazakhstan",2012,18.153,0.902,0.013,310.46,22,22,20,29
"KZ","Kazakhstan",2013,18.763,0.897,0.013,325.46,19,22,20,28
"KZ","Kazakhstan",2014,15.709,0.894,0.013,276.36,22,22,21,30
"KZ","Kazakhstan",2015,14.418,0.891,0.013,257.16,24,23,22,31
"KZ","Kazakhstan",2016,15.12,0.889,0.013,273.35,24,23,22,31
"KZ","Kazakhstan",2017,16.196,0.888,0.013,296.63,22,23,23,31
"KZ","Kazakhstan",2018,16.006,0.888,0.014,296.72,23,23,20,31
"KZ","Kazakhstan",2019,15.142,0.887,0.014,283.98,22,23,20,32
"KZ","Kazakhstan",2020,15.376,0.886,0.014,291.82,20,23,20,29
"KZ","Kazakhstan",2021,NA,0.884,0.014,NA,NA,23,20,NA
"KZ","Kazakhstan",2022,NA,0.881,0.014,NA,NA,23,20,NA
"KE","Kenya",1995,1.114,0.19,0.002,29.93,175,68,60,92
"KE","Kenya",1996,1.061,0.191,0.002,29.29,176,68,60,96
"KE","Kenya",1997,1.023,0.192,0.002,29.03,175,68,60,97
"KE","Kenya",1998,1.039,0.193,0.002,30.26,175,68,61,97
"KE","Kenya",1999,1.076,0.193,0.002,32.25,175,68,61,95
"KE","Kenya",2000,1.012,0.194,0.002,31.22,176,68,62,97
"KE","Kenya",2001,1.569,0.194,0.002,49.88,167,68,62,80
"KE","Kenya",2002,1.549,0.195,0.002,50.76,168,68,62,79
"KE","Kenya",2003,1.533,0.195,0.002,51.77,168,67,63,76
"KE","Kenya",2004,1.561,0.196,0.002,54.32,166,67,65,76
"KE","Kenya",2005,1.527,0.196,0.002,54.74,168,66,65,76
"KE","Kenya",2006,1.494,0.196,0.002,55.15,168,66,66,77
"KE","Kenya",2007,1.886,0.199,0.003,71.73,161,65,54,67
"KE","Kenya",2008,1.858,0.201,0.003,72.82,163,64,54,67
"KE","Kenya",2009,1.816,0.203,0.003,73.3,164,63,55,66
"KE","Kenya",2010,1.8,0.205,0.003,74.73,163,62,56,65
"KE","Kenya",2011,1.638,0.207,0.003,69.85,165,61,57,68
"KE","Kenya",2012,1.577,0.208,0.003,68.94,165,61,57,68
"KE","Kenya",2013,1.559,0.21,0.003,69.84,166,60,57,66
"KE","Kenya",2014,1.591,0.211,0.003,72.93,165,60,57,65
"KE","Kenya",2015,1.599,0.212,0.003,74.93,163,61,57,65
"KE","Kenya",2016,1.345,0.214,0.003,64.42,171,61,58,74
"KE","Kenya",2017,1.271,0.216,0.003,62.21,173,61,58,78
"KE","Kenya",2018,1.266,0.217,0.003,63.25,174,60,58,77
"KE","Kenya",2019,1.394,0.219,0.003,71.03,171,61,59,70
"KE","Kenya",2020,1.397,0.222,0.004,72.62,170,60,51,68
"KE","Kenya",2021,NA,0.224,0.004,NA,NA,60,52,NA
"KE","Kenya",2022,NA,0.226,0.004,NA,NA,60,52,NA
"KI","Kiribati",1995,0.614,0,0,0.05,182,179,126,184
"KI","Kiribati",1996,0.604,0,0,0.05,183,179,128,184
"KI","Kiribati",1997,0.593,0,0,0.05,183,180,129,184
"KI","Kiribati",1998,0.583,0,0,0.05,184,180,129,184
"KI","Kiribati",1999,0.573,0,0,0.05,184,180,130,184
"KI","Kiribati",2000,0.675,0,0,0.06,181,180,130,184
"KI","Kiribati",2001,0.552,0,0,0.05,184,180,133,185
"KI","Kiribati",2002,0.649,0,0,0.06,184,180,135,186
"KI","Kiribati",2003,0.742,0,0,0.07,180,180,135,185
"KI","Kiribati",2004,0.727,0,0,0.07,180,180,135,185
"KI","Kiribati",2005,0.815,0,0,0.08,180,180,135,185
"KI","Kiribati",2006,0.899,0,0,0.09,178,181,135,185
"KI","Kiribati",2007,0.784,0,0,0.08,181,181,136,184
"KI","Kiribati",2008,0.866,0,0,0.09,180,181,136,185
"KI","Kiribati",2009,0.755,0,0,0.08,181,181,136,184
"KI","Kiribati",2010,0.741,0,0,0.08,183,181,135,184
"KI","Kiribati",2011,0.728,0,0,0.08,182,181,135,184
"KI","Kiribati",2012,0.717,0,0,0.08,182,181,136,184
"KI","Kiribati",2013,0.794,0,0,0.09,182,182,137,184
"KI","Kiribati",2014,0.783,0,0,0.09,182,182,138,184
"KI","Kiribati",2015,0.771,0,0,0.09,182,181,138,184
"KI","Kiribati",2016,0.759,0,0,0.09,183,181,138,186
"KI","Kiribati",2017,0.831,0,0,0.1,183,181,138,186
"KI","Kiribati",2018,0.818,0,0,0.1,184,181,139,186
"KI","Kiribati",2019,0.805,0,0,0.1,185,181,139,186
"KI","Kiribati",2020,0.712,0,0,0.09,184,181,140,186
"KI","Kiribati",2021,NA,0,0,NA,NA,181,142,NA
"KI","Kiribati",2022,NA,0,0,NA,NA,181,142,NA
"PRK","North Korea",1995,4.886,0.297,0.003,109.37,108,51,48,45
"PRK","North Korea",1996,4.31,0.296,0.003,97.47,112,51,48,49
"PRK","North Korea",1997,4.092,0.295,0.003,93.41,114,52,49,52
"PRK","North Korea",1998,3.758,0.293,0.003,86.52,118,52,49,54
"PRK","North Korea",1999,3.908,0.292,0.003,90.69,115,52,51,53
"PRK","North Korea",2000,4.019,0.291,0.003,93.92,115,52,51,53
"PRK","North Korea",2001,3.922,0.289,0.003,92.21,108,52,52,54
"PRK","North Korea",2002,3.793,0.288,0.003,89.66,111,52,52,56
"PRK","North Korea",2003,3.842,0.286,0.003,91.36,113,52,52,57
"PRK","North Korea",2004,3.92,0.284,0.003,93.89,113,52,52,54
"PRK","North Korea",2005,4.034,0.282,0.004,97.23,112,52,46,55
"PRK","North Korea",2006,4.102,0.281,0.004,99.42,113,52,46,55
"PRK","North Korea",2007,3.553,0.278,0.004,86.53,119,52,47,59
"PRK","North Korea",2008,3.869,0.276,0.004,94.68,114,52,47,57
"PRK","North Korea",2009,3.181,0.274,0.004,78.19,123,52,47,62
"PRK","North Korea",2010,3.053,0.271,0.004,75.36,130,52,47,64
"PRK","North Korea",2011,2.534,0.267,0.004,62.79,140,53,48,76
"PRK","North Korea",2012,2.576,0.264,0.004,64.11,141,53,49,71
"PRK","North Korea",2013,2.134,0.261,0.004,53.36,147,54,49,79
"PRK","North Korea",2014,2.283,0.258,0.004,57.37,143,54,50,74
"PRK","North Korea",2015,2.014,0.255,0.004,50.86,151,55,50,79
"PRK","North Korea",2016,2.14,0.253,0.004,54.33,153,55,50,79
"PRK","North Korea",2017,3.185,0.251,0.004,81.28,130,54,50,65
"PRK","North Korea",2018,3.028,0.248,0.004,77.64,135,57,51,66
"PRK","North Korea",2019,3.213,0.246,0.004,82.75,128,57,51,64
"PRK","North Korea",2020,3.071,0.244,0.004,79.44,125,56,51,63
"PRK","North Korea",2021,NA,0.242,0.004,NA,NA,56,52,NA
"PRK","North Korea",2022,NA,0.239,0.004,NA,NA,57,52,NA
"KR","South Korea",1995,8.475,0.385,0.004,384.7,57,42,38,20
"KR","South Korea",1996,9.041,0.398,0.004,412.8,56,41,40,19
"KR","South Korea",1997,9.545,0.411,0.004,438.7,56,40,40,16
"KR","South Korea",1998,8.075,0.422,0.005,373.45,65,38,34,20
"KR","South Korea",1999,8.842,0.433,0.005,411.34,56,38,34,18
"KR","South Korea",2000,9.829,0.446,0.005,459.88,48,37,35,17
"KR","South Korea",2001,9.637,0.458,0.005,453.54,48,37,35,16
"KR","South Korea",2002,9.699,0.47,0.006,458.96,49,36,31,16
"KR","South Korea",2003,9.823,0.481,0.006,466.96,50,36,31,15
"KR","South Korea",2004,10.322,0.492,0.006,492.62,47,35,33,15
"KR","South Korea",2005,10.189,0.503,0.006,487.96,49,35,33,16
"KR","South Korea",2006,10.328,0.513,0.006,496.26,48,34,34,15
"KR","South Korea",2007,10.497,0.523,0.007,506.15,49,34,31,14
"KR","South Korea",2008,10.724,0.533,0.007,519.03,44,33,31,15
"KR","South Korea",2009,10.969,0.543,0.007,532.97,39,33,32,14
"KR","South Korea",2010,11.983,0.554,0.007,584.93,37,33,33,13
"KR","South Korea",2011,12.581,0.566,0.008,618.62,31,33,29,14
"KR","South Korea",2012,12.532,0.578,0.008,622.01,32,33,32,15
"KR","South Korea",2013,12.424,0.589,0.008,622.42,30,33,33,14
"KR","South Korea",2014,12.104,0.6,0.009,611.96,30,33,27,14
"KR","South Korea",2015,12.412,0.611,0.009,632.92,28,33,29,14
"KR","South Korea",2016,12.628,0.621,0.009,647.92,32,32,32,14
"KR","South Korea",2017,12.845,0.632,0.01,661.65,30,32,27,14
"KR","South Korea",2018,12.939,0.643,0.01,668.67,30,32,27,13
"KR","South Korea",2019,12.613,0.652,0.01,653.38,31,31,28,14
"KR","South Korea",2020,11.834,0.66,0.01,613.54,28,29,29,13
"KR","South Korea",2021,NA,0.668,0.011,NA,NA,29,26,NA
"KR","South Korea",2022,NA,0.676,0.011,NA,NA,29,27,NA
"KW","Kuwait",1995,32.757,0.153,0.002,54.22,5,80,60,71
"KW","Kuwait",1996,31.826,0.153,0.002,54.21,6,79,60,70
"KW","Kuwait",1997,32.246,0.154,0.002,56.8,6,78,60,68
"KW","Kuwait",1998,33.838,0.155,0.002,61.57,6,78,61,69
"KW","Kuwait",1999,34.26,0.154,0.002,64.32,5,78,61,68
"KW","Kuwait",2000,36.234,0.155,0.002,70.11,2,78,62,65
"KW","Kuwait",2001,36.743,0.157,0.002,73.18,3,79,62,66
"KW","Kuwait",2002,36.618,0.16,0.002,74.97,3,79,62,64
"KW","Kuwait",2003,38.173,0.162,0.002,80.22,2,76,63,61
"KW","Kuwait",2004,39.675,0.165,0.002,85.44,2,76,65,59
"KW","Kuwait",2005,42.328,0.169,0.002,94.62,2,74,65,57
"KW","Kuwait",2006,41.592,0.171,0.002,98.3,2,74,66,56
"KW","Kuwait",2007,38.44,0.174,0.002,96.36,2,74,67,56
"KW","Kuwait",2008,38.948,0.176,0.002,103.25,2,74,69,55
"KW","Kuwait",2009,36.998,0.177,0.002,103.43,2,74,70,54
"KW","Kuwait",2010,36.557,0.179,0.002,107.6,2,74,71,52
"KW","Kuwait",2011,36.036,0.183,0.003,113.29,2,72,57,49
"KW","Kuwait",2012,34.704,0.187,0.003,117.81,4,71,57,50
"KW","Kuwait",2013,33.476,0.188,0.003,122.07,4,70,57,47
"KW","Kuwait",2014,32.244,0.188,0.003,121.29,4,70,57,48
"KW","Kuwait",2015,32.182,0.19,0.003,125.79,4,68,57,47
"KW","Kuwait",2016,32.46,0.192,0.003,131.4,5,67,58,47
"KW","Kuwait",2017,31.64,0.193,0.003,130.51,5,65,58,47
"KW","Kuwait",2018,31.226,0.195,0.003,134.81,5,65,58,46
"KW","Kuwait",2019,30.959,0.197,0.003,137.49,5,64,59,47
"KW","Kuwait",2020,31.164,0.198,0.003,135.89,4,64,62,46
"KW","Kuwait",2021,NA,0.2,0.003,NA,NA,64,62,NA
"KW","Kuwait",2022,NA,0.202,0.003,NA,NA,63,63,NA
"KG","Kyrgyzstan",1995,1.934,0.077,0.001,8.89,152,108,84,136
"KG","Kyrgyzstan",1996,2.098,0.076,0.001,9.79,150,109,84,135
"KG","Kyrgyzstan",1997,2.041,0.075,0.001,9.67,151,109,85,135
"KG","Kyrgyzstan",1998,2.058,0.074,0.001,9.9,153,109,87,135
"KG","Kyrgyzstan",1999,1.746,0.073,0.001,8.52,160,110,87,137
"KG","Kyrgyzstan",2000,1.71,0.072,0.001,8.44,159,113,88,137
"KG","Kyrgyzstan",2001,1.781,0.071,0.001,8.87,159,113,88,137
"KG","Kyrgyzstan",2002,1.958,0.07,0.001,9.84,155,113,88,135
"KG","Kyrgyzstan",2003,2.062,0.069,0.001,10.47,155,115,88,135
"KG","Kyrgyzstan",2004,2.067,0.068,0.001,10.62,156,116,90,135
"KG","Kyrgyzstan",2005,1.985,0.067,0.001,10.31,158,116,92,135
"KG","Kyrgyzstan",2006,1.988,0.066,0.001,10.43,157,119,92,137
"KG","Kyrgyzstan",2007,2.198,0.065,0.001,11.64,155,119,94,132
"KG","Kyrgyzstan",2008,2.381,0.064,0.001,12.73,148,119,94,131
"KG","Kyrgyzstan",2009,2.287,0.063,0.001,12.38,150,120,94,131
"KG","Kyrgyzstan",2010,2.205,0.062,0.001,12.09,152,121,96,131
"KG","Kyrgyzstan",2011,2.304,0.061,0.001,12.79,143,122,96,132
"KG","Kyrgyzstan",2012,2.736,0.061,0.001,15.41,138,122,97,128
"KG","Kyrgyzstan",2013,2.605,0.06,0.001,14.9,139,122,97,129
"KG","Kyrgyzstan",2014,2.671,0.06,0.001,15.53,137,122,97,129
"KG","Kyrgyzstan",2015,2.683,0.06,0.001,15.87,137,122,98,128
"KG","Kyrgyzstan",2016,2.143,0.06,0.001,12.9,152,121,98,136
"KG","Kyrgyzstan",2017,2.078,0.059,0.001,12.72,154,122,100,135
"KG","Kyrgyzstan",2018,2.386,0.059,0.001,14.85,147,121,101,132
"KG","Kyrgyzstan",2019,2.162,0.059,0.001,13.67,151,121,102,133
"KG","Kyrgyzstan",2020,1.997,0.059,0.001,12.83,153,121,103,136
"KG","Kyrgyzstan",2021,NA,0.059,0.001,NA,NA,120,104,NA
"KG","Kyrgyzstan",2022,NA,0.059,0.001,NA,NA,120,104,NA
"LA","Laos",1995,4.12,0.072,0.001,20.3,113,110,84,109
"LA","Laos",1996,4.041,0.073,0.001,20.38,115,110,84,114
"LA","Laos",1997,3.889,0.073,0.001,20.03,116,110,85,115
"LA","Laos",1998,4.147,0.073,0.001,21.76,114,110,87,113
"LA","Laos",1999,3.826,0.073,0.001,20.43,117,110,87,116
"LA","Laos",2000,3.74,0.074,0.001,20.31,117,110,88,116
"LA","Laos",2001,3.777,0.074,0.001,20.85,109,111,88,115
"LA","Laos",2002,3.937,0.075,0.001,22.07,108,111,88,110
"LA","Laos",2003,3.981,0.075,0.001,22.65,112,111,88,113
"LA","Laos",2004,4.759,0.076,0.001,27.45,101,111,90,104
"LA","Laos",2005,4.162,0.077,0.001,24.36,111,109,92,114
"LA","Laos",2006,3.915,0.077,0.001,23.28,117,109,92,116
"LA","Laos",2007,4.741,0.078,0.001,28.64,101,107,94,107
"LA","Laos",2008,3.872,0.079,0.001,23.76,113,107,94,116
"LA","Laos",2009,4.045,0.08,0.001,25.2,111,106,94,117
"LA","Laos",2010,4.621,0.081,0.001,29.22,103,106,96,106
"LA","Laos",2011,3.377,0.081,0.001,21.67,122,108,96,118
"LA","Laos",2012,3.626,0.082,0.001,23.6,115,108,97,116
"LA","Laos",2013,3.789,0.083,0.001,25.01,114,107,97,113
"LA","Laos",2014,3.754,0.084,0.001,25.12,115,106,97,113
"LA","Laos",2015,4.389,0.085,0.001,29.79,110,106,98,109
"LA","Laos",2016,5.54,0.086,0.001,38.18,92,105,98,98
"LA","Laos",2017,5.647,0.087,0.001,39.52,91,105,100,95
"LA","Laos",2018,5.586,0.088,0.001,39.69,92,105,101,96
"LA","Laos",2019,5.616,0.089,0.001,40.5,90,105,102,97
"LA","Laos",2020,5.924,0.09,0.001,43.36,79,104,103,94
"LA","Laos",2021,NA,0.091,0.001,NA,NA,104,104,NA
"LA","Laos",2022,NA,0.092,0.001,NA,NA,104,104,NA
"LV","Latvia",1995,1.124,0.082,0.001,2.89,174,104,84,160
"LV","Latvia",1996,1.14,0.081,0.001,2.89,174,104,84,160
"LV","Latvia",1997,0.936,0.08,0.001,2.34,178,105,85,162
"LV","Latvia",1998,0.792,0.078,0.001,1.95,179,108,87,164
"LV","Latvia",1999,0.581,0.077,0.001,1.41,183,108,87,164
"LV","Latvia",2000,0.368,0.076,0.001,0.88,185,109,88,166
"LV","Latvia",2001,0.085,0.074,0.001,0.2,186,111,88,180
"LV","Latvia",2002,0.107,0.073,0.001,0.25,187,112,88,178
"LV","Latvia",2003,0.24,0.072,0.001,0.55,187,112,88,171
"LV","Latvia",2004,0.256,0.071,0.001,0.58,187,114,90,170
"LV","Latvia",2005,0.349,0.07,0.001,0.78,186,114,92,166
"LV","Latvia",2006,0.613,0.069,0.001,1.35,186,115,92,165
"LV","Latvia",2007,0.832,0.068,0.001,1.81,180,116,94,165
"LV","Latvia",2008,0.707,0.067,0.001,1.52,182,117,94,165
"LV","Latvia",2009,0.353,0.066,0.001,0.75,186,117,94,168
"LV","Latvia",2010,0.923,0.065,0.001,1.94,180,119,96,165
"LV","Latvia",2011,5.999,0.064,0.001,12.46,85,120,96,133
"LV","Latvia",2012,5.98,0.063,0.001,12.28,83,120,97,133
"LV","Latvia",2013,6.005,0.062,0.001,12.2,79,120,97,133
"LV","Latvia",2014,6.017,0.062,0.001,12.1,77,120,97,134
"LV","Latvia",2015,6.1,0.061,0.001,12.15,75,121,98,135
"LV","Latvia",2016,6.005,0.06,0.001,11.85,82,121,98,137
"LV","Latvia",2017,6.026,0.06,0.001,11.78,80,121,100,138
"LV","Latvia",2018,6.37,0.059,0.001,12.33,79,121,101,138
"LV","Latvia",2019,6.35,0.059,0.001,12.17,76,121,102,138
"LV","Latvia",2020,6.078,0.058,0.001,11.53,77,122,103,140
"LV","Latvia",2021,NA,0.058,0.001,NA,NA,122,104,NA
"LV","Latvia",2022,NA,0.057,0.001,NA,NA,125,104,NA
"LB","Lebanon",1995,3.914,0.018,0,15.5,116,147,126,122
"LB","Lebanon",1996,4.1,0.019,0,16.54,114,147,128,120
"LB","Lebanon",1997,4.567,0.019,0,18.76,108,147,129,120
"LB","Lebanon",1998,4.575,0.02,0,19.12,106,147,129,120
"LB","Lebanon",1999,4.729,0.02,0,20.1,104,147,130,118
"LB","Lebanon",2000,4.381,0.021,0,18.93,109,147,130,121
"LB","Lebanon",2001,4.614,0.021,0,20.25,101,147,133,117
"LB","Lebanon",2002,4.547,0.022,0,20.22,102,147,135,115
"LB","Lebanon",2003,4.644,0.022,0,20.92,101,147,135,117
"LB","Lebanon",2004,4.695,0.023,0,21.48,105,146,135,117
"LB","Lebanon",2005,4.501,0.023,0,20.9,105,147,135,121
"LB","Lebanon",2006,4.229,0.024,0,19.96,111,147,135,121
"LB","Lebanon",2007,3.928,0.024,0,18.89,115,147,136,122
"LB","Lebanon",2008,4.64,0.025,0,22.68,103,146,136,119
"LB","Lebanon",2009,5.282,0.025,0,26.15,92,146,136,113
"LB","Lebanon",2010,5.054,0.026,0,25.25,97,145,135,119
"LB","Lebanon",2011,5.124,0.026,0,25.85,100,145,135,114
"LB","Lebanon",2012,5.502,0.027,0,28.49,96,144,136,110
"LB","Lebanon",2013,5.013,0.027,0,28.47,100,144,137,108
"LB","Lebanon",2014,4.887,0.028,0,30.66,103,142,138,105
"LB","Lebanon",2015,5.127,0.029,0,32.81,96,142,138,103
"LB","Lebanon",2016,5.418,0.029,0,33.91,96,142,138,110
"LB","Lebanon",2017,5.844,0.03,0,35.7,86,142,138,105
"LB","Lebanon",2018,5.749,0.031,0,34.21,87,139,139,109
"LB","Lebanon",2019,5.889,0.031,0,34.05,83,139,139,110
"LB","Lebanon",2020,5.098,0.032,0.001,28.87,95,139,103,113
"LB","Lebanon",2021,NA,0.032,0.001,NA,NA,138,104,NA
"LB","Lebanon",2022,NA,0.033,0.001,NA,NA,138,104,NA
"LS","Lesotho",1995,1.665,0.013,0,3.22,159,151,126,158
"LS","Lesotho",1996,1.642,0.013,0,3.21,159,151,128,157
"LS","Lesotho",1997,1.693,0.013,0,3.34,157,151,129,157
"LS","Lesotho",1998,1.627,0.013,0,3.23,161,151,129,158
"LS","Lesotho",1999,1.86,0.013,0,3.71,154,152,130,155
"LS","Lesotho",2000,1.821,0.013,0,3.64,157,152,130,156
"LS","Lesotho",2001,1.82,0.013,0,3.64,158,152,133,155
"LS","Lesotho",2002,1.747,0.013,0,3.49,161,152,135,157
"LS","Lesotho",2003,1.791,0.013,0,3.57,159,152,135,158
"LS","Lesotho",2004,1.783,0.013,0,3.54,161,152,135,158
"LS","Lesotho",2005,1.886,0.013,0,3.73,160,152,135,157
"LS","Lesotho",2006,1.872,0.013,0,3.7,160,152,135,157
"LS","Lesotho",2007,1.911,0.013,0,3.79,160,152,136,157
"LS","Lesotho",2008,1.885,0.013,0,3.76,162,152,136,158
"LS","Lesotho",2009,1.931,0.013,0,3.88,158,152,136,157
"LS","Lesotho",2010,1.938,0.012,0,3.92,159,152,135,156
"LS","Lesotho",2011,2.302,0.012,0,4.69,144,153,135,154
"LS","Lesotho",2012,2.302,0.012,0,4.73,144,153,136,154
"LS","Lesotho",2013,1.89,0.012,0,3.92,155,153,137,155
"LS","Lesotho",2014,1.933,0.012,0,4.05,153,153,138,155
"LS","Lesotho",2015,1.813,0.012,0,3.84,159,153,138,156
"LS","Lesotho",2016,1.768,0.012,0,3.79,164,153,138,158
"LS","Lesotho",2017,1.949,0.012,0,4.23,159,153,138,157
"LS","Lesotho",2018,1.797,0.012,0,3.95,164,153,139,158
"LS","Lesotho",2019,1.73,0.012,0,3.85,165,153,139,158
"LS","Lesotho",2020,1.779,0.012,0,4.01,164,153,140,158
"LS","Lesotho",2021,NA,0.012,0,NA,NA,153,142,NA
"LS","Lesotho",2022,NA,0.012,0,NA,NA,153,142,NA
"LR","Liberia",1995,6.661,0.038,0,14.27,81,133,126,123
"LR","Liberia",1996,6.434,0.038,0,14.18,83,134,128,124
"LR","Liberia",1997,5.967,0.038,0,14.22,91,134,129,125
"LR","Liberia",1998,5.418,0.038,0,14.3,97,135,129,125
"LR","Liberia",1999,5.094,0.038,0,14.21,98,135,130,125
"LR","Liberia",2000,4.925,0.038,0,14.26,100,136,130,125
"LR","Liberia",2001,4.779,0.039,0,14.25,96,136,133,125
"LR","Liberia",2002,4.656,0.039,0,14.25,100,136,135,126
"LR","Liberia",2003,4.667,0.039,0,14.4,99,136,135,126
"LR","Liberia",2004,4.621,0.039,0,14.43,108,135,135,127
"LR","Liberia",2005,4.439,0.039,0,14.5,108,135,135,127
"LR","Liberia",2006,4.277,0.039,0,14.78,109,135,135,127
"LR","Liberia",2007,4.016,0.039,0.001,14.59,113,134,94,127
"LR","Liberia",2008,3.853,0.039,0.001,14.58,115,133,94,127
"LR","Liberia",2009,3.987,0.04,0.001,15.57,112,133,94,127
"LR","Liberia",2010,3.694,0.04,0.001,14.85,113,133,96,128
"LR","Liberia",2011,3.599,0.04,0.001,15.05,116,133,96,129
"LR","Liberia",2012,3.493,0.04,0.001,15.13,117,132,97,130
"LR","Liberia",2013,3.415,0.04,0.001,15.12,118,132,97,128
"LR","Liberia",2014,3.507,0.04,0.001,15.85,118,132,97,128
"LR","Liberia",2015,3.621,0.04,0.001,16.7,118,132,98,125
"LR","Liberia",2016,3.342,0.041,0.001,15.73,125,132,98,131
"LR","Liberia",2017,3.256,0.041,0.001,15.62,128,132,100,130
"LR","Liberia",2018,3.162,0.041,0.001,15.46,130,132,101,131
"LR","Liberia",2019,3.177,0.041,0.001,15.84,130,132,102,131
"LR","Liberia",2020,3.07,0.041,0.001,15.62,126,132,103,129
"LR","Liberia",2021,NA,0.041,0.001,NA,NA,132,104,NA
"LR","Liberia",2022,NA,0.041,0.001,NA,NA,131,104,NA
"LY","Libya",1995,22.366,0.246,0.003,105.86,11,58,48,46
"LY","Libya",1996,22.549,0.243,0.003,108.69,11,58,48,45
"LY","Libya",1997,20.623,0.237,0.003,101.1,13,58,49,47
"LY","Libya",1998,20.221,0.231,0.003,100.72,13,59,49,49
"LY","Libya",1999,19.506,0.223,0.003,98.66,15,60,51,51
"LY","Libya",2000,19.921,0.218,0.003,102.69,16,61,51,49
"LY","Libya",2001,18.753,0.216,0.003,98.94,16,61,52,52
"LY","Libya",2002,18.186,0.214,0.003,98.3,17,61,52,53
"LY","Libya",2003,19.31,0.213,0.003,107.03,15,61,52,51
"LY","Libya",2004,19.398,0.212,0.003,110.33,15,61,52,51
"LY","Libya",2005,20.468,0.212,0.003,119.49,12,61,53,50
"LY","Libya",2006,20.387,0.211,0.003,121.78,15,61,53,48
"LY","Libya",2007,19.304,0.21,0.003,117.7,16,61,54,51
"LY","Libya",2008,19.636,0.209,0.003,122.3,16,61,54,48
"LY","Libya",2009,18.817,0.207,0.003,119.68,15,61,55,48
"LY","Libya",2010,19.444,0.204,0.003,126.23,16,63,56,49
"LY","Libya",2011,11.322,0.198,0.003,70.06,38,65,57,67
"LY","Libya",2012,21.218,0.196,0.003,124.55,16,65,57,47
"LY","Libya",2013,18.064,0.193,0.003,108.12,23,67,57,54
"LY","Libya",2014,15.151,0.189,0.003,92.39,23,68,57,58
"LY","Libya",2015,13.37,0.183,0.003,82.79,26,73,57,63
"LY","Libya",2016,12.704,0.177,0.003,79.81,31,74,58,63
"LY","Libya",2017,15.713,0.174,0.003,100.22,23,75,58,56
"LY","Libya",2018,16.875,0.172,0.003,109.31,21,75,58,54
"LY","Libya",2019,17.4,0.17,0.003,114.3,20,76,59,53
"LY","Libya",2020,11.327,0.167,0.003,75.37,29,76,62,65
"LY","Libya",2021,NA,0.166,0.003,NA,NA,76,62,NA
"LY","Libya",2022,NA,0.165,0.003,NA,NA,76,63,NA
"LI","Liechtenstein",1995,7.441,0,0,0.23,68,179,126,177
"LI","Liechtenstein",1996,7.334,0,0,0.23,72,179,128,176
"LI","Liechtenstein",1997,7.863,0,0,0.25,68,180,129,175
"LI","Liechtenstein",1998,8.072,0,0,0.26,66,180,129,175
"LI","Liechtenstein",1999,7.966,0,0,0.26,64,180,130,175
"LI","Liechtenstein",2000,7.563,0,0,0.25,67,180,130,176
"LI","Liechtenstein",2001,7.485,0,0,0.25,65,180,133,177
"LI","Liechtenstein",2002,7.711,0,0,0.26,61,180,135,177
"LI","Liechtenstein",2003,7.936,0,0,0.27,60,180,135,179
"LI","Liechtenstein",2004,7.866,0,0,0.27,63,180,135,179
"LI","Liechtenstein",2005,7.797,0,0,0.27,64,180,135,178
"LI","Liechtenstein",2006,7.733,0,0,0.27,63,181,135,178
"LI","Liechtenstein",2007,6.822,0,0,0.24,71,181,136,179
"LI","Liechtenstein",2008,7.339,0,0,0.26,65,181,136,179
"LI","Liechtenstein",2009,7.003,0,0,0.25,63,181,136,179
"LI","Liechtenstein",2010,6.398,0,0,0.23,78,181,135,180
"LI","Liechtenstein",2011,5.247,0,0,0.19,99,181,135,181
"LI","Liechtenstein",2012,5.476,0,0,0.2,97,181,136,182
"LI","Liechtenstein",2013,5.701,0,0,0.21,89,182,137,182
"LI","Liechtenstein",2014,4.849,0,0,0.18,104,182,138,182
"LI","Liechtenstein",2015,4.548,0,0,0.17,107,181,138,183
"LI","Liechtenstein",2016,4.252,0,0,0.16,110,181,138,185
"LI","Liechtenstein",2017,4.484,0,0,0.17,109,181,138,185
"LI","Liechtenstein",2018,4.188,0,0,0.16,113,181,139,185
"LI","Liechtenstein",2019,4.156,0,0,0.16,115,181,139,185
"LI","Liechtenstein",2020,4.126,0,0,0.16,111,181,140,184
"LI","Liechtenstein",2021,NA,0,0,NA,NA,181,142,NA
"LI","Liechtenstein",2022,NA,0,0,NA,NA,181,142,NA
"LT","Lithuania",1995,7.768,0.154,0.002,29.11,66,79,60,93
"LT","Lithuania",1996,8.031,0.152,0.002,29.89,63,80,60,94
"LT","Lithuania",1997,8.027,0.15,0.002,29.66,66,81,60,96
"LT","Lithuania",1998,8.334,0.149,0.002,30.55,61,81,61,96
"LT","Lithuania",1999,7.647,0.147,0.002,27.79,66,82,61,101
"LT","Lithuania",2000,7.248,0.145,0.002,26.09,71,83,62,102
"LT","Lithuania",2001,7.309,0.143,0.002,26.02,67,84,62,103
"LT","Lithuania",2002,7.5,0.141,0.002,26.37,65,85,62,104
"LT","Lithuania",2003,7.649,0.139,0.002,26.54,65,86,63,104
"LT","Lithuania",2004,8.026,0.137,0.002,27.47,61,86,65,103
"LT","Lithuania",2005,8.478,0.135,0.002,28.6,57,86,65,103
"LT","Lithuania",2006,8.646,0.133,0.002,28.73,57,86,66,104
"LT","Lithuania",2007,9.091,0.132,0.002,29.75,56,86,67,105
"LT","Lithuania",2008,9.05,0.13,0.002,29.18,53,86,69,104
"LT","Lithuania",2009,8.046,0.128,0.002,25.59,59,88,70,116
"LT","Lithuania",2010,8.407,0.126,0.002,26.39,56,88,71,115
"LT","Lithuania",2011,6.375,0.125,0.002,19.76,77,88,73,121
"LT","Lithuania",2012,6.428,0.123,0.002,19.69,73,90,74,122
"LT","Lithuania",2013,6.205,0.121,0.002,18.79,76,91,74,123
"LT","Lithuania",2014,6.107,0.12,0.002,18.29,73,91,76,122
"LT","Lithuania",2015,6.259,0.118,0.002,18.55,72,91,76,123
"LT","Lithuania",2016,8.184,0.117,0.002,24.01,58,92,77,118
"LT","Lithuania",2017,8.236,0.116,0.002,23.92,57,93,78,119
"LT","Lithuania",2018,8.345,0.114,0.002,24,55,94,79,119
"LT","Lithuania",2019,8.466,0.113,0.002,24.12,54,94,80,120
"LT","Lithuania",2020,8.556,0.112,0.002,24.13,49,94,80,119
"LT","Lithuania",2021,NA,0.111,0.002,NA,NA,94,81,NA
"LT","Lithuania",2022,NA,0.11,0.002,NA,NA,94,81,NA
"LU","Luxembourg",1995,21.98,0.025,0,8.96,13,144,126,135
"LU","Luxembourg",1996,21.878,0.025,0,9.04,14,144,128,136
"LU","Luxembourg",1997,20.41,0.025,0,8.54,14,145,129,137
"LU","Luxembourg",1998,18.58,0.025,0,7.87,16,145,129,140
"LU","Luxembourg",1999,19.238,0.025,0,8.26,16,145,130,139
"LU","Luxembourg",2000,20.407,0.025,0,8.89,15,144,130,136
"LU","Luxembourg",2001,21.507,0.025,0,9.49,11,144,133,134
"LU","Luxembourg",2002,23.053,0.025,0,10.28,9,144,135,133
"LU","Luxembourg",2003,23.707,0.025,0,10.7,10,144,135,133
"LU","Luxembourg",2004,26.54,0.025,0,12.15,9,144,135,130
"LU","Luxembourg",2005,26.653,0.025,0,12.39,9,144,135,130
"LU","Luxembourg",2006,25.783,0.025,0,12.18,10,145,135,130
"LU","Luxembourg",2007,24.173,0.025,0,11.6,10,145,136,134
"LU","Luxembourg",2008,23.575,0.025,0,11.52,10,146,136,133
"LU","Luxembourg",2009,21.953,0.025,0,10.93,12,146,136,135
"LU","Luxembourg",2010,22.719,0.025,0,11.52,11,147,135,133
"LU","Luxembourg",2011,22.501,0.025,0,11.66,12,147,135,136
"LU","Luxembourg",2012,21.542,0.025,0,11.43,15,147,136,138
"LU","Luxembourg",2013,20.108,0.024,0,10.92,16,147,137,137
"LU","Luxembourg",2014,18.703,0.024,0,10.4,19,147,138,139
"LU","Luxembourg",2015,17.369,0.024,0,9.89,20,147,138,139
"LU","Luxembourg",2016,16.388,0.024,0,9.56,21,147,138,142
"LU","Luxembourg",2017,16.334,0.024,0,9.74,21,146,138,142
"LU","Luxembourg",2018,16.515,0.024,0,10.04,22,146,139,143
"LU","Luxembourg",2019,16.484,0.024,0,10.22,21,146,139,142
"LU","Luxembourg",2020,13.547,0.024,0,8.54,23,146,140,146
"LU","Luxembourg",2021,NA,0.024,0,NA,NA,146,142,NA
"LU","Luxembourg",2022,NA,0.023,0,NA,NA,146,142,NA
"MK","North Macedonia",1995,5.847,0.033,0,11.6,91,137,126,129
"MK","North Macedonia",1996,6.604,0.032,0,13.17,80,137,128,126
"MK","North Macedonia",1997,5.992,0.032,0,12.01,90,138,129,128
"MK","North Macedonia",1998,6.339,0.032,0,12.76,84,138,129,128
"MK","North Macedonia",1999,5.845,0.032,0,11.83,86,138,130,131
"MK","North Macedonia",2000,5.643,0.031,0,11.5,90,138,130,130
"MK","North Macedonia",2001,5.605,0.031,0,11.51,89,138,133,130
"MK","North Macedonia",2002,5.284,0.031,0,10.91,92,138,135,130
"MK","North Macedonia",2003,5.639,0.031,0,11.68,89,138,135,130
"MK","North Macedonia",2004,5.53,0.03,0,11.48,91,138,135,131
"MK","North Macedonia",2005,5.662,0.03,0,11.77,90,138,135,131
"MK","North Macedonia",2006,5.656,0.03,0,11.77,91,138,135,131
"MK","North Macedonia",2007,5.889,0.029,0,12.27,85,139,136,131
"MK","North Macedonia",2008,5.781,0.029,0,12.06,87,140,136,132
"MK","North Macedonia",2009,5.441,0.029,0,11.37,89,141,136,132
"MK","North Macedonia",2010,5.373,0.028,0,11.25,91,141,135,136
"MK","North Macedonia",2011,5.789,0.028,0,12.14,91,141,135,135
"MK","North Macedonia",2012,5.578,0.028,0,11.71,95,142,136,137
"MK","North Macedonia",2013,5.133,0.028,0,10.79,98,142,137,138
"MK","North Macedonia",2014,4.949,0.028,0,10.42,100,142,138,137
"MK","North Macedonia",2015,4.815,0.027,0,10.15,103,144,138,138
"MK","North Macedonia",2016,4.753,0.027,0,10.03,105,144,138,140
"MK","North Macedonia",2017,4.986,0.027,0,10.53,103,144,138,140
"MK","North Macedonia",2018,4.736,0.027,0,10.01,105,144,139,144
"MK","North Macedonia",2019,5.156,0.026,0,10.9,101,144,139,141
"MK","North Macedonia",2020,4.628,0.026,0,9.77,105,144,140,143
"MK","North Macedonia",2021,NA,0.026,0,NA,NA,144,142,NA
"MK","North Macedonia",2022,NA,0.026,0,NA,NA,144,142,NA
"MG","Madagascar",1995,3.924,0.314,0.003,54.42,115,49,48,69
"MG","Madagascar",1996,3.843,0.313,0.003,55.02,117,49,48,69
"MG","Madagascar",1997,3.682,0.312,0.003,54.41,119,49,49,71
"MG","Madagascar",1998,3.646,0.313,0.003,55.6,120,49,49,70
"MG","Madagascar",1999,3.513,0.314,0.004,55.26,121,49,42,72
"MG","Madagascar",2000,3.327,0.314,0.004,53.96,124,50,42,74
"MG","Madagascar",2001,2.757,0.312,0.004,46.07,131,50,42,82
"MG","Madagascar",2002,2.538,0.311,0.004,43.69,138,50,44,84
"MG","Madagascar",2003,2.605,0.308,0.004,46.18,138,50,44,84
"MG","Madagascar",2004,2.47,0.306,0.004,45.08,144,50,46,84
"MG","Madagascar",2005,2.622,0.304,0.004,49.27,138,50,46,82
"MG","Madagascar",2006,2.473,0.302,0.004,47.85,148,51,46,84
"MG","Madagascar",2007,2.472,0.3,0.004,49.26,149,51,47,83
"MG","Madagascar",2008,2.339,0.298,0.004,47.99,150,51,47,84
"MG","Madagascar",2009,2.322,0.296,0.004,49.04,149,51,47,83
"MG","Madagascar",2010,2.288,0.293,0.004,49.72,148,51,47,84
"MG","Madagascar",2011,1.687,0.291,0.004,37.7,163,51,48,93
"MG","Madagascar",2012,1.669,0.288,0.004,38.34,163,51,49,92
"MG","Madagascar",2013,1.58,0.285,0.004,37.28,165,51,49,93
"MG","Madagascar",2014,1.532,0.282,0.004,37.09,166,51,50,93
"MG","Madagascar",2015,1.528,0.279,0.004,37.98,164,51,50,93
"MG","Madagascar",2016,1.53,0.277,0.004,39.03,169,52,50,95
"MG","Madagascar",2017,1.454,0.274,0.004,38.04,170,52,50,102
"MG","Madagascar",2018,1.449,0.271,0.004,38.91,170,52,51,97
"MG","Madagascar",2019,1.469,0.269,0.004,40.45,170,52,51,98
"MG","Madagascar",2020,1.425,0.266,0.004,40.21,169,52,51,98
"MG","Madagascar",2021,NA,0.264,0.004,NA,NA,53,52,NA
"MG","Madagascar",2022,NA,0.262,0.004,NA,NA,53,52,NA
"MW","Malawi",1995,1.159,0.059,0.001,11.72,173,119,84,128
"MW","Malawi",1996,1.142,0.059,0.001,11.77,173,119,84,128
"MW","Malawi",1997,1.112,0.059,0.001,11.69,174,119,85,130
"MW","Malawi",1998,1.113,0.059,0.001,11.94,174,119,87,130
"MW","Malawi",1999,1.09,0.06,0.001,11.96,174,119,87,130
"MW","Malawi",2000,1.064,0.06,0.001,11.95,173,119,88,128
"MW","Malawi",2001,1.044,0.06,0.001,12.01,173,120,88,128
"MW","Malawi",2002,1.052,0.06,0.001,12.4,173,120,88,127
"MW","Malawi",2003,1.066,0.06,0.001,12.89,174,121,88,128
"MW","Malawi",2004,1.023,0.061,0.001,12.7,177,120,90,129
"MW","Malawi",2005,1.022,0.061,0.001,13.04,177,120,92,129
"MW","Malawi",2006,0.989,0.061,0.001,12.97,177,120,92,129
"MW","Malawi",2007,1.003,0.061,0.001,13.53,176,121,94,129
"MW","Malawi",2008,1.019,0.061,0.001,14.15,176,121,94,128
"MW","Malawi",2009,0.976,0.062,0.001,13.95,178,122,94,128
"MW","Malawi",2010,1.025,0.062,0.001,15.09,178,121,96,127
"MW","Malawi",2011,0.996,0.062,0.001,15.09,180,121,96,128
"MW","Malawi",2012,0.999,0.062,0.001,15.57,180,121,97,126
"MW","Malawi",2013,0.978,0.062,0.001,15.68,179,120,97,126
"MW","Malawi",2014,0.989,0.062,0.001,16.3,178,120,97,126
"MW","Malawi",2015,0.984,0.062,0.001,16.67,179,120,98,126
"MW","Malawi",2016,0.986,0.062,0.001,17.16,180,120,98,129
"MW","Malawi",2017,0.974,0.062,0.001,17.41,180,120,100,129
"MW","Malawi",2018,1.029,0.062,0.001,18.9,179,118,101,125
"MW","Malawi",2019,1.059,0.062,0.001,19.98,179,118,102,123
"MW","Malawi",2020,1.048,0.062,0.001,20.31,179,118,103,123
"MW","Malawi",2021,NA,0.063,0.001,NA,NA,118,104,NA
"MW","Malawi",2022,NA,0.063,0.001,NA,NA,118,104,NA
"MY","Malaysia",1995,11.099,0.521,0.006,223.49,42,31,27,29
"MY","Malaysia",1996,11.269,0.527,0.006,233.14,42,30,27,29
"MY","Malaysia",1997,11.504,0.532,0.006,244.45,40,31,27,27
"MY","Malaysia",1998,12.555,0.538,0.006,273.83,35,31,27,26
"MY","Malaysia",1999,11.242,0.543,0.006,251.47,41,31,27,27
"MY","Malaysia",2000,11.457,0.547,0.006,262.89,41,30,28,28
"MY","Malaysia",2001,10.782,0.553,0.006,253.83,41,30,30,26
"MY","Malaysia",2002,11.172,0.559,0.007,269.73,41,30,27,26
"MY","Malaysia",2003,11.289,0.564,0.007,279.28,41,30,27,26
"MY","Malaysia",2004,12.015,0.57,0.007,304.38,38,30,27,26
"MY","Malaysia",2005,12.265,0.575,0.007,317.95,35,30,29,25
"MY","Malaysia",2006,11.828,0.58,0.007,313.55,36,30,29,25
"MY","Malaysia",2007,12.477,0.585,0.008,338.04,32,30,26,24
"MY","Malaysia",2008,12.632,0.591,0.008,349.45,30,30,27,23
"MY","Malaysia",2009,12.242,0.598,0.008,345.44,30,30,28,23
"MY","Malaysia",2010,12.457,0.603,0.008,357.74,33,30,28,22
"MY","Malaysia",2011,4.569,0.61,0.008,133.34,104,31,29,44
"MY","Malaysia",2012,4.556,0.616,0.009,135.13,106,31,25,44
"MY","Malaysia",2013,5.164,0.623,0.009,155.61,96,30,27,44
"MY","Malaysia",2014,6.144,0.632,0.009,188.05,71,30,27,39
"MY","Malaysia",2015,5.59,0.638,0.009,173.69,89,31,29,42
"MY","Malaysia",2016,11.398,0.642,0.01,359.35,36,31,24,25
"MY","Malaysia",2017,10.766,0.647,0.01,344.25,38,31,27,27
"MY","Malaysia",2018,11.328,0.651,0.01,367.03,34,30,27,24
"MY","Malaysia",2019,11.404,0.656,0.01,374.09,34,29,28,25
"MY","Malaysia",2020,11.077,0.659,0.01,367.76,33,30,29,24
"MY","Malaysia",2021,NA,0.663,0.011,NA,NA,30,26,NA
"MY","Malaysia",2022,NA,0.667,0.011,NA,NA,30,27,NA
"MV","Maldives",1995,1.239,0,0,0.32,172,179,126,173
"MV","Maldives",1996,1.326,0,0,0.35,170,179,128,172
"MV","Maldives",1997,1.524,0,0,0.41,163,180,129,172
"MV","Maldives",1998,1.424,0,0,0.39,168,180,129,172
"MV","Maldives",1999,1.834,0,0,0.51,156,180,130,172
"MV","Maldives",2000,1.947,0,0,0.55,153,180,130,170
"MV","Maldives",2001,2.019,0,0,0.58,152,180,133,168
"MV","Maldives",2002,2.429,0,0,0.71,143,180,135,166
"MV","Maldives",2003,2.12,0,0,0.63,152,180,135,167
"MV","Maldives",2004,2.648,0,0,0.8,139,180,135,166
"MV","Maldives",2005,2.41,0,0,0.74,146,180,135,168
"MV","Maldives",2006,2.894,0.001,0,0.91,130,172,135,167
"MV","Maldives",2007,2.891,0.001,0,0.94,135,172,136,167
"MV","Maldives",2008,2.998,0.001,0,1.01,130,172,136,167
"MV","Maldives",2009,3.066,0.001,0,1.07,125,172,136,166
"MV","Maldives",2010,3.125,0.001,0,1.13,128,172,135,167
"MV","Maldives",2011,3.205,0.001,0,1.2,129,172,135,165
"MV","Maldives",2012,3.509,0.001,0,1.36,116,172,136,165
"MV","Maldives",2013,3.419,0.001,0,1.37,117,172,137,166
"MV","Maldives",2014,3.887,0.001,0,1.62,113,172,138,164
"MV","Maldives",2015,3.742,0.001,0,1.63,114,172,138,164
"MV","Maldives",2016,3.984,0.001,0,1.81,114,172,138,167
"MV","Maldives",2017,4.106,0.001,0,1.94,114,172,138,167
"MV","Maldives",2018,4.533,0.001,0,2.22,107,172,139,166
"MV","Maldives",2019,4.935,0.001,0,2.49,105,172,139,165
"MV","Maldives",2020,3.868,0.001,0,1.99,115,172,140,167
"MV","Maldives",2021,NA,0.001,0,NA,NA,172,142,NA
"MV","Maldives",2022,NA,0.001,0,NA,NA,172,142,NA
"ML","Mali",1995,1.855,0.064,0.001,18.4,153,115,84,119
"ML","Mali",1996,1.853,0.065,0.001,18.77,154,115,84,118
"ML","Mali",1997,1.892,0.066,0.001,19.6,156,114,85,117
"ML","Mali",1998,2.243,0.067,0.001,23.82,149,115,87,106
"ML","Mali",1999,2.28,0.067,0.001,24.89,150,115,87,105
"ML","Mali",2000,2.081,0.068,0.001,23.39,151,115,88,109
"ML","Mali",2001,1.766,0.069,0.001,20.46,160,114,88,116
"ML","Mali",2002,1.752,0.07,0.001,20.94,160,113,88,114
"ML","Mali",2003,1.76,0.071,0.001,21.72,161,114,88,116
"ML","Mali",2004,1.888,0.072,0.001,24.07,159,113,90,112
"ML","Mali",2005,1.885,0.073,0.001,24.85,161,113,92,112
"ML","Mali",2006,1.837,0.074,0.001,25.02,161,113,92,113
"ML","Mali",2007,1.849,0.075,0.001,26.03,163,112,94,114
"ML","Mali",2008,1.9,0.076,0.001,27.64,161,112,94,109
"ML","Mali",2009,1.821,0.077,0.001,27.38,163,109,94,110
"ML","Mali",2010,1.874,0.079,0.001,29.1,161,109,96,107
"ML","Mali",2011,1.86,0.08,0.001,29.84,157,109,96,106
"ML","Mali",2012,1.867,0.081,0.001,30.83,157,109,97,105
"ML","Mali",2013,1.883,0.082,0.001,32.02,156,108,97,103
"ML","Mali",2014,1.889,0.082,0.001,33.16,155,108,97,101
"ML","Mali",2015,1.9,0.083,0.001,34.42,152,108,98,98
"ML","Mali",2016,2.022,0.084,0.001,37.82,156,107,98,101
"ML","Mali",2017,1.993,0.085,0.001,38.49,157,107,100,97
"ML","Mali",2018,1.994,0.087,0.001,39.74,156,107,101,95
"ML","Mali",2019,2.001,0.088,0.001,41.16,156,107,102,95
"ML","Mali",2020,2.049,0.089,0.001,43.49,151,105,103,93
"ML","Mali",2021,NA,0.09,0.001,NA,NA,105,104,NA
"ML","Mali",2022,NA,0.091,0.001,NA,NA,105,104,NA
"MT","Malta",1995,6.887,0.002,0,2.63,77,168,126,162
"MT","Malta",1996,6.671,0.002,0,2.57,77,168,128,162
"MT","Malta",1997,7.021,0.002,0,2.73,75,168,129,161
"MT","Malta",1998,6.726,0.003,0,2.64,81,166,129,161
"MT","Malta",1999,6.768,0.003,0,2.68,81,166,130,161
"MT","Malta",2000,6.037,0.003,0,2.41,83,166,130,162
"MT","Malta",2001,6.937,0.003,0,2.79,73,166,133,158
"MT","Malta",2002,6.474,0.003,0,2.62,79,166,135,159
"MT","Malta",2003,7.176,0.003,0,2.92,69,167,135,159
"MT","Malta",2004,7.167,0.003,0,2.93,70,167,135,159
"MT","Malta",2005,7.264,0.003,0,2.98,70,167,135,159
"MT","Malta",2006,7.442,0.003,0,3.06,66,167,135,159
"MT","Malta",2007,7.644,0.003,0,3.15,64,167,136,159
"MT","Malta",2008,7.474,0.003,0,3.09,64,167,136,159
"MT","Malta",2009,6.979,0.003,0,2.9,65,167,136,159
"MT","Malta",2010,7.188,0.003,0,3.01,63,167,135,159
"MT","Malta",2011,7.059,0.003,0,2.99,65,167,135,159
"MT","Malta",2012,7.35,0.003,0,3.16,59,168,136,159
"MT","Malta",2013,6.468,0.003,0,2.83,68,168,137,160
"MT","Malta",2014,6.361,0.003,0,2.84,70,168,138,159
"MT","Malta",2015,4.731,0.003,0,2.16,104,168,138,163
"MT","Malta",2016,3.998,0.003,0,1.87,113,168,138,166
"MT","Malta",2017,4.213,0.003,0,2.02,113,168,138,166
"MT","Malta",2018,4.15,0.003,0,2.04,114,168,139,167
"MT","Malta",2019,4.249,0.003,0,2.14,114,168,139,167
"MT","Malta",2020,4.036,0.003,0,2.08,113,168,140,166
"MT","Malta",2021,NA,0.003,0,NA,NA,168,142,NA
"MT","Malta",2022,NA,0.003,0,NA,NA,168,142,NA
"MH","Marshall Islands",1995,2.366,0,0,0.12,145,179,126,181
"MH","Marshall Islands",1996,2.328,0,0,0.12,146,179,128,181
"MH","Marshall Islands",1997,2.291,0,0,0.12,146,180,129,181
"MH","Marshall Islands",1998,2.444,0,0,0.13,144,180,129,181
"MH","Marshall Islands",1999,2.414,0,0,0.13,147,180,130,181
"MH","Marshall Islands",2000,2.397,0,0,0.13,145,180,130,181
"MH","Marshall Islands",2001,2.572,0,0,0.14,137,180,133,182
"MH","Marshall Islands",2002,2.752,0,0,0.15,133,180,135,182
"MH","Marshall Islands",2003,2.751,0,0,0.15,133,180,135,183
"MH","Marshall Islands",2004,2.755,0,0,0.15,132,180,135,183
"MH","Marshall Islands",2005,2.76,0,0,0.15,134,180,135,182
"MH","Marshall Islands",2006,2.951,0,0,0.16,127,181,135,182
"MH","Marshall Islands",2007,3.145,0,0,0.17,126,181,136,182
"MH","Marshall Islands",2008,3.158,0,0,0.17,123,181,136,183
"MH","Marshall Islands",2009,3.171,0,0,0.17,124,181,136,182
"MH","Marshall Islands",2010,3.369,0,0,0.18,119,181,135,182
"MH","Marshall Islands",2011,3.397,0,0,0.18,121,181,135,182
"MH","Marshall Islands",2012,3.447,0,0,0.18,119,181,136,183
"MH","Marshall Islands",2013,3.504,0,0,0.18,116,182,137,183
"MH","Marshall Islands",2014,3.569,0,0,0.18,117,182,138,182
"MH","Marshall Islands",2015,3.844,0,0,0.19,113,181,138,182
"MH","Marshall Islands",2016,3.929,0,0,0.19,116,181,138,184
"MH","Marshall Islands",2017,4.237,0,0,0.2,112,181,138,184
"MH","Marshall Islands",2018,4.347,0,0,0.2,109,181,139,184
"MH","Marshall Islands",2019,4.469,0,0,0.2,111,181,139,184
"MH","Marshall Islands",2020,3.683,0,0,0.16,118,181,140,184
"MH","Marshall Islands",2021,NA,0,0,NA,NA,181,142,NA
"MH","Marshall Islands",2022,NA,0,0,NA,NA,181,142,NA
"MR","Mauritania",1995,3.029,0.012,0,7.21,130,152,126,141
"MR","Mauritania",1996,3.191,0.013,0,7.75,127,151,128,139
"MR","Mauritania",1997,3.24,0.013,0,8.05,127,151,129,140
"MR","Mauritania",1998,3.27,0.014,0,8.34,126,150,129,139
"MR","Mauritania",1999,3.404,0.014,0,8.92,122,150,130,135
"MR","Mauritania",2000,3.469,0.015,0,9.35,122,151,130,135
"MR","Mauritania",2001,3.425,0.015,0,9.46,118,151,133,135
"MR","Mauritania",2002,3.381,0.015,0,9.54,119,151,135,136
"MR","Mauritania",2003,3.371,0.016,0,9.72,119,151,135,137
"MR","Mauritania",2004,3.306,0.016,0,9.74,120,151,135,137
"MR","Mauritania",2005,3.283,0.017,0,9.89,120,151,135,136
"MR","Mauritania",2006,3.333,0.017,0,10.27,120,151,135,138
"MR","Mauritania",2007,3.339,0.018,0,10.53,120,150,136,138
"MR","Mauritania",2008,3.071,0.018,0,9.93,126,150,136,137
"MR","Mauritania",2009,3.226,0.018,0,10.72,121,150,136,137
"MR","Mauritania",2010,3.305,0.019,0,11.3,123,150,135,135
"MR","Mauritania",2011,3.235,0.019,0,11.4,126,150,135,138
"MR","Mauritania",2012,3.248,0.019,0,11.81,127,150,136,136
"MR","Mauritania",2013,3.139,0.02,0,11.75,127,150,137,135
"MR","Mauritania",2014,3.211,0.02,0,12.34,126,150,138,133
"MR","Mauritania",2015,3.299,0.021,0,13.02,123,149,138,132
"MR","Mauritania",2016,2.757,0.021,0,11.17,139,149,138,138
"MR","Mauritania",2017,2.918,0.021,0,12.14,137,149,138,137
"MR","Mauritania",2018,2.929,0.022,0,12.51,136,148,139,137
"MR","Mauritania",2019,2.945,0.022,0,12.91,137,148,139,137
"MR","Mauritania",2020,2.883,0.022,0,12.97,131,148,140,135
"MR","Mauritania",2021,NA,0.022,0,NA,NA,148,142,NA
"MR","Mauritania",2022,NA,0.023,0,NA,NA,146,142,NA
"MU","Mauritius",1995,2.379,0.004,0,2.76,144,165,126,161
"MU","Mauritius",1996,2.499,0.004,0,2.93,142,165,128,159
"MU","Mauritius",1997,2.567,0.004,0,3.04,141,165,129,158
"MU","Mauritius",1998,2.779,0.004,0,3.32,135,165,129,157
"MU","Mauritius",1999,3.186,0.004,0,3.84,127,165,130,154
"MU","Mauritius",2000,3.528,0.004,0,4.29,119,165,130,153
"MU","Mauritius",2001,3.673,0.004,0,4.5,111,165,133,152
"MU","Mauritius",2002,3.663,0.004,0,4.52,114,165,135,152
"MU","Mauritius",2003,3.791,0.004,0,4.71,114,165,135,152
"MU","Mauritius",2004,3.791,0.004,0,4.74,114,165,135,153
"MU","Mauritius",2005,3.911,0.005,0,4.92,114,165,135,152
"MU","Mauritius",2006,4.23,0.005,0,5.35,110,165,135,152
"MU","Mauritius",2007,4.321,0.005,0,5.49,109,165,136,152
"MU","Mauritius",2008,4.39,0.005,0,5.6,109,165,136,152
"MU","Mauritius",2009,4.375,0.005,0,5.6,107,164,136,152
"MU","Mauritius",2010,4.574,0.005,0,5.87,105,164,135,151
"MU","Mauritius",2011,4.54,0.005,0,5.84,105,164,135,153
"MU","Mauritius",2012,4.656,0.005,0,6,104,164,136,153
"MU","Mauritius",2013,4.749,0.005,0,6.13,104,164,137,153
"MU","Mauritius",2014,4.899,0.005,0,6.33,101,164,138,152
"MU","Mauritius",2015,4.934,0.005,0,6.38,101,164,138,152
"MU","Mauritius",2016,5.024,0.005,0,6.5,103,164,138,154
"MU","Mauritius",2017,5.175,0.005,0,6.7,100,164,138,155
"MU","Mauritius",2018,5.188,0.006,0,6.72,100,163,139,153
"MU","Mauritius",2019,5.261,0.006,0,6.82,99,163,139,154
"MU","Mauritius",2020,4.939,0.006,0,6.41,97,163,140,155
"MU","Mauritius",2021,NA,0.006,0,NA,NA,163,142,NA
"MU","Mauritius",2022,NA,0.006,0,NA,NA,163,142,NA
"MX","Mexico",1995,5.336,1.269,0.013,480.09,100,17,16,13
"MX","Mexico",1996,5.451,1.279,0.014,499.27,98,17,15,13
"MX","Mexico",1997,5.615,1.29,0.014,523.23,93,17,15,13
"MX","Mexico",1998,5.873,1.303,0.014,556.56,91,17,16,12
"MX","Mexico",1999,5.609,1.314,0.015,540.36,89,15,15,12
"MX","Mexico",2000,5.797,1.324,0.015,567.4,88,15,15,12
"MX","Mexico",2001,4.777,1.333,0.016,474.84,98,16,14,15
"MX","Mexico",2002,4.808,1.34,0.016,485.25,96,15,14,14
"MX","Mexico",2003,4.999,1.348,0.016,512.07,93,15,14,13
"MX","Mexico",2004,4.997,1.354,0.017,519.4,95,15,14,14
"MX","Mexico",2005,5.153,1.36,0.017,543.34,97,15,14,13
"MX","Mexico",2006,5.268,1.367,0.017,563.12,95,15,14,13
"MX","Mexico",2007,5.304,1.373,0.018,574.42,94,14,14,13
"MX","Mexico",2008,5.271,1.379,0.018,578.16,94,14,14,13
"MX","Mexico",2009,5.111,1.384,0.018,567.53,96,14,14,13
"MX","Mexico",2010,5.193,1.388,0.019,584.34,93,14,14,14
"MX","Mexico",2011,6.028,1.391,0.019,688.09,84,14,14,11
"MX","Mexico",2012,5.99,1.393,0.019,693.4,80,14,14,11
"MX","Mexico",2013,5.799,1.396,0.02,680.12,84,14,13,12
"MX","Mexico",2014,5.668,1.399,0.02,673.09,88,14,13,13
"MX","Mexico",2015,5.737,1.403,0.021,689.34,84,13,13,12
"MX","Mexico",2016,5.749,1.408,0.021,698.62,88,13,13,12
"MX","Mexico",2017,5.668,1.41,0.021,696.29,89,13,13,12
"MX","Mexico",2018,5.374,1.411,0.022,666.45,95,13,12,14
"MX","Mexico",2019,5.411,1.413,0.022,676.87,95,13,12,13
"MX","Mexico",2020,4.834,1.416,0.022,609.07,101,12,12,14
"MX","Mexico",2021,NA,1.418,0.023,NA,NA,12,12,NA
"MX","Mexico",2022,NA,1.422,0.023,NA,NA,12,12,NA
"FM","Micronesia",NA,NA,NA,NA,NA,NA,NA,NA,NA
"MD","Moldova",1995,4.109,0.09,0.001,18.33,114,99,84,120
"MD","Moldova",1996,3.733,0.089,0.001,16.54,118,99,84,120
"MD","Moldova",1997,3.384,0.088,0.001,14.87,124,99,85,124
"MD","Moldova",1998,3.078,0.087,0.001,13.4,130,100,87,126
"MD","Moldova",1999,2.797,0.086,0.001,12.04,137,101,87,129
"MD","Moldova",2000,2.632,0.084,0.001,11.19,138,102,88,132
"MD","Moldova",2001,2.552,0.083,0.001,10.72,138,104,88,132
"MD","Moldova",2002,2.618,0.082,0.001,10.86,136,104,88,131
"MD","Moldova",2003,2.799,0.08,0.001,11.46,131,106,88,131
"MD","Moldova",2004,2.827,0.079,0.001,11.44,128,108,90,132
"MD","Moldova",2005,2.936,0.077,0.001,11.75,127,109,92,132
"MD","Moldova",2006,2.894,0.076,0.001,11.41,130,110,92,133
"MD","Moldova",2007,3,0.075,0.001,11.63,129,112,94,133
"MD","Moldova",2008,3.016,0.073,0.001,11.5,129,114,94,134
"MD","Moldova",2009,2.886,0.072,0.001,10.82,130,114,94,136
"MD","Moldova",2010,3.189,0.071,0.001,11.73,125,115,96,132
"MD","Moldova",2011,3.46,0.069,0.001,12.44,119,116,96,134
"MD","Moldova",2012,3.476,0.068,0.001,12.19,118,117,97,134
"MD","Moldova",2013,3.313,0.067,0.001,11.32,122,117,97,136
"MD","Moldova",2014,3.583,0.066,0.001,11.96,116,117,97,135
"MD","Moldova",2015,3.716,0.065,0.001,12.18,115,118,98,134
"MD","Moldova",2016,4.012,0.064,0.001,12.94,112,118,98,135
"MD","Moldova",2017,4.065,0.063,0.001,12.93,115,118,100,134
"MD","Moldova",2018,4.29,0.062,0.001,13.48,112,118,101,134
"MD","Moldova",2019,4.387,0.061,0.001,13.64,112,120,102,134
"MD","Moldova",2020,4.269,0.06,0.001,13.17,109,120,103,134
"MD","Moldova",2021,NA,0.059,0.001,NA,NA,120,104,NA
"MD","Moldova",2022,NA,0.059,0.001,NA,NA,120,104,NA
"MC","Monaco",1995,NA,NA,NA,NA,NA,NA,NA,NA
"MC","Monaco",1996,NA,NA,NA,NA,NA,NA,NA,NA
"MC","Monaco",1997,NA,NA,NA,NA,NA,NA,NA,NA
"MC","Monaco",1998,NA,NA,NA,NA,NA,NA,NA,NA
"MC","Monaco",1999,NA,NA,NA,NA,NA,NA,NA,NA
"MC","Monaco",2000,NA,NA,NA,NA,NA,NA,NA,NA
"MC","Monaco",2001,NA,NA,NA,NA,NA,NA,NA,NA
"MC","Monaco",2002,NA,NA,NA,NA,NA,NA,NA,NA
"MC","Monaco",2003,NA,NA,NA,NA,NA,NA,NA,NA
"MC","Monaco",2004,NA,NA,NA,NA,NA,NA,NA,NA
"MC","Monaco",2005,NA,NA,NA,NA,NA,NA,NA,NA
"MC","Monaco",2006,NA,NA,NA,NA,NA,NA,NA,NA
"MC","Monaco",2007,NA,NA,NA,NA,NA,NA,NA,NA
"MC","Monaco",2008,NA,NA,NA,NA,NA,NA,NA,NA
"MC","Monaco",2009,NA,NA,NA,NA,NA,NA,NA,NA
"MC","Monaco",2010,NA,NA,NA,NA,NA,NA,NA,NA
"MC","Monaco",2011,NA,NA,NA,NA,NA,NA,NA,NA
"MC","Monaco",2012,NA,NA,NA,NA,NA,NA,NA,NA
"MC","Monaco",2013,NA,NA,NA,NA,NA,NA,NA,NA
"MC","Monaco",2014,NA,NA,NA,NA,NA,NA,NA,NA
"MC","Monaco",2015,NA,NA,NA,NA,NA,NA,NA,NA
"MC","Monaco",2016,NA,NA,NA,NA,NA,NA,NA,NA
"MC","Monaco",2017,NA,NA,NA,NA,NA,NA,NA,NA
"MC","Monaco",2018,NA,NA,NA,NA,NA,NA,NA,NA
"MC","Monaco",2019,NA,NA,NA,NA,NA,NA,NA,NA
"MC","Monaco",2020,NA,NA,NA,NA,NA,NA,NA,NA
"MC","Monaco",2021,NA,NA,NA,NA,NA,NA,NA,NA
"MC","Monaco",2022,NA,NA,NA,NA,NA,NA,NA,NA
"MN","Mongolia",1995,22.404,0.203,0.002,52.21,10,66,60,73
"MN","Mongolia",1996,21.905,0.204,0.002,51.63,13,66,60,73
"MN","Mongolia",1997,22.601,0.203,0.002,53.83,12,66,60,72
"MN","Mongolia",1998,22.236,0.203,0.002,53.48,12,66,61,73
"MN","Mongolia",1999,22.071,0.202,0.002,53.6,11,67,61,74
"MN","Mongolia",2000,22.346,0.201,0.002,54.77,12,67,62,72
"MN","Mongolia",2001,20.816,0.199,0.002,51.47,13,67,62,78
"MN","Mongolia",2002,19.915,0.197,0.002,49.68,13,67,62,81
"MN","Mongolia",2003,19.651,0.194,0.002,49.45,13,68,63,80
"MN","Mongolia",2004,19.425,0.192,0.002,49.3,14,68,65,81
"MN","Mongolia",2005,20.346,0.19,0.002,52.07,13,69,65,79
"MN","Mongolia",2006,21.308,0.188,0.002,55,12,70,66,78
"MN","Mongolia",2007,22.167,0.187,0.002,57.76,12,71,67,77
"MN","Mongolia",2008,22.013,0.185,0.002,57.98,12,72,69,78
"MN","Mongolia",2009,22.151,0.184,0.002,59.07,10,71,70,75
"MN","Mongolia",2010,20.847,0.184,0.002,56.34,13,71,71,80
"MN","Mongolia",2011,21.553,0.184,0.003,59.14,15,71,57,77
"MN","Mongolia",2012,22.386,0.184,0.003,62.51,13,72,57,72
"MN","Mongolia",2013,22.856,0.185,0.003,65.03,12,72,57,69
"MN","Mongolia",2014,23.281,0.185,0.003,67.58,11,72,57,68
"MN","Mongolia",2015,23.28,0.185,0.003,69.02,9,72,57,68
"MN","Mongolia",2016,23.492,0.186,0.003,71.17,9,72,58,68
"MN","Mongolia",2017,23.898,0.188,0.003,73.99,8,69,58,67
"MN","Mongolia",2018,23.979,0.19,0.003,75.87,8,68,58,67
"MN","Mongolia",2019,24.567,0.193,0.003,79.41,8,66,59,66
"MN","Mongolia",2020,23.185,0.194,0.003,76.38,8,65,62,64
"MN","Mongolia",2021,NA,0.195,0.003,NA,NA,65,62,NA
"MN","Mongolia",2022,NA,0.197,0.003,NA,NA,65,63,NA
"ME","Montenegro",1995,5.553,0.014,0,3.51,97,150,126,155
"ME","Montenegro",1996,5.94,0.014,0,3.76,90,150,128,155
"ME","Montenegro",1997,6.171,0.014,0,3.91,88,150,129,154
"ME","Montenegro",1998,6.31,0.013,0,4,85,151,129,154
"ME","Montenegro",1999,5.412,0.013,0,3.43,93,152,130,159
"ME","Montenegro",2000,5.811,0.013,0,3.68,86,152,130,155
"ME","Montenegro",2001,0.079,0.013,0,0.05,187,152,133,185
"ME","Montenegro",2002,0.237,0.012,0,0.15,186,153,135,182
"ME","Montenegro",2003,0.443,0.012,0,0.28,186,153,135,178
"ME","Montenegro",2004,0.458,0.012,0,0.29,186,153,135,178
"ME","Montenegro",2005,0.142,0.012,0,0.09,187,153,135,184
"ME","Montenegro",2006,0.221,0.012,0,0.14,187,153,135,183
"ME","Montenegro",2007,-0.111,0.011,0,-0.07,187,155,136,187
"ME","Montenegro",2008,0.586,0.011,0,0.37,187,155,136,176
"ME","Montenegro",2009,-1.125,0.011,0,-0.71,188,155,136,188
"ME","Montenegro",2010,0.016,0.011,0,0.01,187,155,135,187
"ME","Montenegro",2011,6.379,0.011,0,4.03,76,155,135,155
"ME","Montenegro",2012,5.987,0.01,0,3.79,82,158,136,157
"ME","Montenegro",2013,5.758,0.01,0,3.65,87,158,137,158
"ME","Montenegro",2014,5.597,0.01,0,3.55,91,158,138,158
"ME","Montenegro",2015,5.773,0.01,0,3.66,83,157,138,158
"ME","Montenegro",2016,5.432,0.01,0,3.44,95,157,138,161
"ME","Montenegro",2017,5.661,0.01,0,3.58,90,157,138,160
"ME","Montenegro",2018,5.986,0.01,0,3.78,83,158,139,160
"ME","Montenegro",2019,6.107,0.009,0,3.85,81,160,139,158
"ME","Montenegro",2020,6.025,0.009,0,3.79,78,160,140,159
"ME","Montenegro",2021,NA,0.009,0,NA,NA,160,142,NA
"ME","Montenegro",2022,NA,0.009,0,NA,NA,159,142,NA
"MA","Morocco",1995,1.422,0.152,0.002,37.82,164,81,60,85
"MA","Morocco",1996,1.426,0.152,0.002,38.49,165,80,60,83
"MA","Morocco",1997,1.475,0.153,0.002,40.4,165,80,60,85
"MA","Morocco",1998,1.486,0.153,0.002,41.3,165,79,61,85
"MA","Morocco",1999,1.543,0.154,0.002,43.48,165,78,61,82
"MA","Morocco",2000,1.56,0.154,0.002,44.55,163,80,62,81
"MA","Morocco",2001,1.675,0.155,0.002,48.47,164,80,62,81
"MA","Morocco",2002,1.706,0.156,0.002,49.99,163,80,62,80
"MA","Morocco",2003,1.685,0.156,0.002,49.97,163,80,63,78
"MA","Morocco",2004,1.818,0.157,0.002,54.6,160,80,65,75
"MA","Morocco",2005,1.892,0.158,0.002,57.58,159,78,65,74
"MA","Morocco",2006,1.931,0.159,0.002,59.54,159,78,66,75
"MA","Morocco",2007,1.93,0.159,0.002,60.28,159,78,67,76
"MA","Morocco",2008,1.984,0.16,0.002,62.77,156,78,69,74
"MA","Morocco",2009,1.96,0.161,0.002,62.81,157,78,70,73
"MA","Morocco",2010,2.04,0.161,0.002,66.22,156,78,71,72
"MA","Morocco",2011,2.257,0.162,0.002,74.25,145,78,73,65
"MA","Morocco",2012,2.281,0.163,0.002,76.06,145,78,74,64
"MA","Morocco",2013,2.265,0.164,0.002,76.55,144,78,74,64
"MA","Morocco",2014,2.27,0.165,0.002,77.74,146,78,76,64
"MA","Morocco",2015,2.304,0.166,0.002,79.92,143,77,76,64
"MA","Morocco",2016,2.227,0.168,0.002,78.2,148,77,77,64
"MA","Morocco",2017,2.322,0.169,0.003,82.48,147,76,58,64
"MA","Morocco",2018,2.334,0.17,0.003,83.85,148,76,58,64
"MA","Morocco",2019,2.496,0.171,0.003,90.6,145,75,59,61
"MA","Morocco",2020,2.347,0.172,0.003,86.1,144,75,62,61
"MA","Morocco",2021,NA,0.173,0.003,NA,NA,74,62,NA
"MA","Morocco",2022,NA,0.174,0.003,NA,NA,74,63,NA
"MZ","Mozambique",1995,5.552,0.182,0.002,86.59,98,69,60,53
"MZ","Mozambique",1996,4.441,0.182,0.002,71.41,109,69,60,62
"MZ","Mozambique",1997,4.186,0.182,0.002,69.16,113,69,60,64
"MZ","Mozambique",1998,4.268,0.182,0.002,72.22,112,69,61,65
"MZ","Mozambique",1999,4.099,0.181,0.002,71.06,113,69,61,64
"MZ","Mozambique",2000,3.877,0.181,0.002,68.88,116,70,62,66
"MZ","Mozambique",2001,4.778,0.182,0.002,87.05,97,71,62,57
"MZ","Mozambique",2002,4.668,0.182,0.002,87.26,98,71,62,57
"MZ","Mozambique",2003,4.821,0.183,0.002,92.5,97,71,63,55
"MZ","Mozambique",2004,4.648,0.183,0.002,91.53,107,71,65,56
"MZ","Mozambique",2005,4.784,0.184,0.002,96.69,102,71,65,56
"MZ","Mozambique",2006,4.603,0.185,0.002,95.45,103,71,66,57
"MZ","Mozambique",2007,4.535,0.186,0.002,96.51,105,72,67,55
"MZ","Mozambique",2008,4.66,0.187,0.002,101.79,102,70,69,56
"MZ","Mozambique",2009,4.286,0.187,0.002,96.17,108,70,70,57
"MZ","Mozambique",2010,4.549,0.187,0.003,104.96,106,70,56,54
"MZ","Mozambique",2011,3.962,0.187,0.003,94.15,112,70,57,58
"MZ","Mozambique",2012,4.041,0.188,0.003,98.95,110,70,57,56
"MZ","Mozambique",2013,3.979,0.188,0.003,100.48,111,70,57,55
"MZ","Mozambique",2014,3.84,0.189,0.003,99.99,114,68,57,54
"MZ","Mozambique",2015,3.665,0.189,0.003,98.39,117,69,57,55
"MZ","Mozambique",2016,3.947,0.19,0.003,109.32,115,68,58,54
"MZ","Mozambique",2017,3.77,0.191,0.003,107.7,119,67,58,54
"MZ","Mozambique",2018,3.772,0.192,0.003,110.99,119,66,58,53
"MZ","Mozambique",2019,3.5,0.192,0.003,105.99,122,67,59,56
"MZ","Mozambique",2020,3.33,0.193,0.003,103.81,120,66,62,54
"MZ","Mozambique",2021,NA,0.193,0.003,NA,NA,66,62,NA
"MZ","Mozambique",2022,NA,0.194,0.003,NA,NA,66,63,NA
"MM","Myanmar",1995,5.038,0.677,0.007,216.03,105,25,25,31
"MM","Myanmar",1996,4.875,0.674,0.007,211.71,105,25,25,32
"MM","Myanmar",1997,4.762,0.67,0.007,209.38,104,25,25,32
"MM","Myanmar",1998,4.845,0.667,0.007,215.7,104,25,25,32
"MM","Myanmar",1999,4.903,0.666,0.008,220.83,103,25,24,31
"MM","Myanmar",2000,4.781,0.665,0.008,217.72,102,25,24,31
"MM","Myanmar",2001,4.302,0.663,0.008,197.95,106,26,25,33
"MM","Myanmar",2002,4.232,0.662,0.008,196.69,106,26,25,33
"MM","Myanmar",2003,4.466,0.66,0.008,209.55,105,26,25,33
"MM","Myanmar",2004,4.735,0.659,0.008,224.13,103,26,25,31
"MM","Myanmar",2005,4.487,0.658,0.008,214.12,106,26,25,33
"MM","Myanmar",2006,4.543,0.659,0.008,218.45,104,26,26,33
"MM","Myanmar",2007,4.732,0.66,0.008,229.26,102,26,26,33
"MM","Myanmar",2008,4.405,0.661,0.009,214.63,108,26,24,34
"MM","Myanmar",2009,4.606,0.661,0.009,225.77,103,26,24,34
"MM","Myanmar",2010,4.681,0.661,0.009,231.22,101,26,25,34
"MM","Myanmar",2011,4.026,0.661,0.009,200.48,110,26,25,35
"MM","Myanmar",2012,4.173,0.659,0.009,209.55,109,27,25,35
"MM","Myanmar",2013,4.179,0.657,0.009,211.68,110,27,27,36
"MM","Myanmar",2014,4.305,0.656,0.009,219.88,109,28,27,35
"MM","Myanmar",2015,4.397,0.654,0.01,226.38,109,28,24,35
"MM","Myanmar",2016,4.215,0.654,0.01,218.75,111,28,24,37
"MM","Myanmar",2017,4.46,0.654,0.01,233.22,110,29,27,36
"MM","Myanmar",2018,4.494,0.651,0.01,236.7,108,30,27,36
"MM","Myanmar",2019,4.499,0.647,0.01,238.65,110,32,28,36
"MM","Myanmar",2020,4.617,0.645,0.01,246.64,107,32,29,35
"MM","Myanmar",2021,NA,0.641,0.01,NA,NA,32,31,NA
"MM","Myanmar",2022,NA,0.637,0.01,NA,NA,32,32,NA
NA,"Namibia",1995,12.489,0.027,0,20.05,36,141,126,111
NA,"Namibia",1996,12.072,0.027,0,19.92,37,141,128,116
NA,"Namibia",1997,11.67,0.027,0,19.76,38,141,129,116
NA,"Namibia",1998,11.792,0.027,0,20.47,38,141,129,116
NA,"Namibia",1999,11.534,0.027,0,20.51,37,141,130,115
NA,"Namibia",2000,11.72,0.027,0,21.32,39,141,130,114
NA,"Namibia",2001,11.479,0.028,0,21.31,40,141,133,111
NA,"Namibia",2002,10.548,0.028,0,19.92,45,141,135,116
NA,"Namibia",2003,10.739,0.028,0,20.57,43,141,135,119
NA,"Namibia",2004,10.854,0.028,0,21.05,45,141,135,120
NA,"Namibia",2005,11.03,0.028,0,21.65,43,140,135,118
NA,"Namibia",2006,11.548,0.029,0,22.94,39,140,135,118
NA,"Namibia",2007,11.081,0.029,0,22.29,43,139,136,120
NA,"Namibia",2008,10.243,0.029,0,20.88,50,140,136,122
NA,"Namibia",2009,11.509,0.03,0,23.8,36,140,136,120
NA,"Namibia",2010,11.051,0.03,0,23.2,41,140,135,121
NA,"Namibia",2011,13.216,0.03,0,28.18,29,140,135,108
NA,"Namibia",2012,13.716,0.031,0,29.73,28,140,136,108
NA,"Namibia",2013,10.392,0.031,0,22.91,41,140,137,117
NA,"Namibia",2014,9.88,0.031,0,22.16,45,140,138,116
NA,"Namibia",2015,9.734,0.031,0,22.22,43,139,138,116
NA,"Namibia",2016,9.848,0.031,0,22.88,46,139,138,120
NA,"Namibia",2017,9.702,0.031,0,22.94,47,139,138,121
NA,"Namibia",2018,9.22,0.031,0,22.18,52,139,139,121
NA,"Namibia",2019,8.726,0.031,0,21.35,52,139,139,122
NA,"Namibia",2020,9.69,0.031,0,24.12,38,140,140,120
NA,"Namibia",2021,NA,0.031,0.001,NA,NA,140,104,NA
NA,"Namibia",2022,NA,0.032,0.001,NA,NA,139,104,NA
"NR","Nauru",1995,10.642,0,0,0.11,44,179,126,182
"NR","Nauru",1996,10.608,0,0,0.11,45,179,128,182
"NR","Nauru",1997,10.591,0,0,0.11,46,180,129,182
"NR","Nauru",1998,9.615,0,0,0.1,50,180,129,182
"NR","Nauru",1999,9.611,0,0,0.1,49,180,130,182
"NR","Nauru",2000,8.654,0,0,0.09,55,180,130,182
"NR","Nauru",2001,8.666,0,0,0.09,53,180,133,183
"NR","Nauru",2002,7.711,0,0,0.08,61,180,135,185
"NR","Nauru",2003,6.753,0,0,0.07,76,180,135,185
"NR","Nauru",2004,6.759,0,0,0.07,75,180,135,185
"NR","Nauru",2005,6.772,0,0,0.07,74,180,135,186
"NR","Nauru",2006,4.846,0,0,0.05,99,181,135,186
"NR","Nauru",2007,4.86,0,0,0.05,99,181,136,185
"NR","Nauru",2008,4.87,0,0,0.05,100,181,136,186
"NR","Nauru",2009,4.876,0,0,0.05,99,181,136,185
"NR","Nauru",2010,4.872,0,0,0.05,99,181,135,185
"NR","Nauru",2011,4.853,0,0,0.05,102,181,135,185
"NR","Nauru",2012,4.778,0,0,0.05,103,181,136,185
"NR","Nauru",2013,4.665,0,0,0.05,105,182,137,185
"NR","Nauru",2014,5.472,0,0,0.06,93,182,138,185
"NR","Nauru",2015,5.354,0,0,0.06,94,181,138,185
"NR","Nauru",2016,5.234,0,0,0.06,101,181,138,187
"NR","Nauru",2017,5.125,0,0,0.06,101,181,138,187
"NR","Nauru",2018,5.021,0,0,0.06,103,181,139,187
"NR","Nauru",2019,4.936,0,0,0.06,104,181,139,187
"NR","Nauru",2020,4.052,0,0,0.05,112,181,140,187
"NR","Nauru",2021,NA,0,0,NA,NA,181,142,NA
"NR","Nauru",2022,NA,0,0,NA,NA,181,142,NA
"NP","Nepal",1995,1.007,0.143,0.002,22.47,178,82,60,106
"NP","Nepal",1996,0.987,0.143,0.002,22.48,178,82,60,105
"NP","Nepal",1997,0.984,0.142,0.002,22.88,177,83,60,105
"NP","Nepal",1998,0.992,0.142,0.002,23.51,177,84,61,108
"NP","Nepal",1999,1.029,0.142,0.002,24.84,176,85,61,106
"NP","Nepal",2000,1.023,0.141,0.002,25.12,175,85,62,105
"NP","Nepal",2001,0.912,0.141,0.002,22.76,178,85,62,108
"NP","Nepal",2002,0.863,0.141,0.002,21.87,179,85,62,111
"NP","Nepal",2003,0.902,0.14,0.002,23.17,178,85,63,109
"NP","Nepal",2004,0.893,0.14,0.002,23.22,178,85,65,115
"NP","Nepal",2005,0.911,0.139,0.002,23.94,178,85,65,115
"NP","Nepal",2006,0.884,0.138,0.002,23.43,179,85,66,115
"NP","Nepal",2007,0.88,0.138,0.002,23.5,179,85,67,118
"NP","Nepal",2008,0.927,0.137,0.002,24.93,178,85,69,115
"NP","Nepal",2009,0.993,0.137,0.002,26.83,177,85,70,111
"NP","Nepal",2010,1.035,0.136,0.002,28.11,177,86,71,110
"NP","Nepal",2011,1.323,0.136,0.002,36.07,171,86,73,94
"NP","Nepal",2012,1.376,0.135,0.002,37.6,171,86,74,93
"NP","Nepal",2013,1.398,0.135,0.002,38.29,169,85,74,92
"NP","Nepal",2014,1.445,0.134,0.002,39.68,168,85,76,92
"NP","Nepal",2015,1.4,0.134,0.002,38.66,168,85,76,92
"NP","Nepal",2016,1.619,0.133,0.002,45.1,167,86,77,91
"NP","Nepal",2017,1.636,0.133,0.002,46.12,167,85,78,91
"NP","Nepal",2018,1.692,0.133,0.002,48.24,166,85,79,89
"NP","Nepal",2019,1.679,0.132,0.002,48.4,167,86,80,88
"NP","Nepal",2020,1.652,0.132,0.002,48.48,168,86,80,88
"NP","Nepal",2021,NA,0.132,0.002,NA,NA,86,81,NA
"NP","Nepal",2022,NA,0.131,0.002,NA,NA,86,81,NA
"NL","Netherlands",1995,14.529,0.551,0.006,224.42,24,27,27,28
"NL","Netherlands",1996,15.142,0.551,0.006,235.29,22,28,27,27
"NL","Netherlands",1997,14.538,0.55,0.006,227.23,25,28,27,30
"NL","Netherlands",1998,14.466,0.549,0.006,227.44,24,29,27,30
"NL","Netherlands",1999,13.606,0.547,0.006,215.15,30,30,27,32
"NL","Netherlands",2000,13.407,0.545,0.006,213.16,28,31,28,32
"NL","Netherlands",2001,13.386,0.543,0.006,213.93,30,31,30,31
"NL","Netherlands",2002,13.306,0.541,0.006,213.66,29,31,31,31
"NL","Netherlands",2003,13.241,0.538,0.006,213.54,32,32,31,31
"NL","Netherlands",2004,13.29,0.536,0.007,215.24,33,32,27,34
"NL","Netherlands",2005,12.882,0.532,0.007,209.48,31,32,29,34
"NL","Netherlands",2006,12.546,0.528,0.007,204.83,33,33,29,35
"NL","Netherlands",2007,12.465,0.525,0.007,204.32,33,33,31,35
"NL","Netherlands",2008,12.25,0.521,0.007,201.64,33,35,31,36
"NL","Netherlands",2009,11.887,0.517,0.007,196.57,32,35,32,37
"NL","Netherlands",2010,12.47,0.514,0.007,207.22,32,35,33,37
"NL","Netherlands",2011,11.634,0.509,0.007,194.3,36,35,34,36
"NL","Netherlands",2012,11.479,0.505,0.007,192.68,37,35,35,37
"NL","Netherlands",2013,11.404,0.5,0.007,192.35,34,35,35,38
"NL","Netherlands",2014,10.921,0.496,0.007,185.15,36,35,35,41
"NL","Netherlands",2015,11.349,0.492,0.007,193.4,33,35,35,40
"NL","Netherlands",2016,11.346,0.488,0.007,194.3,38,35,35,41
"NL","Netherlands",2017,11.059,0.484,0.007,190.29,36,35,35,41
"NL","Netherlands",2018,10.669,0.48,0.007,184.43,38,35,35,42
"NL","Netherlands",2019,10.3,0.476,0.007,178.85,38,36,35,44
"NL","Netherlands",2020,9.323,0.472,0.007,162.55,41,36,36,44
"NL","Netherlands",2021,NA,0.468,0.008,NA,NA,36,35,NA
"NL","Netherlands",2022,NA,0.463,0.008,NA,NA,36,35,NA
"NZ","New Zealand",1995,13.324,0.432,0.005,48.95,31,37,32,76
"NZ","New Zealand",1996,13.236,0.427,0.005,49.35,31,38,33,76
"NZ","New Zealand",1997,13.737,0.422,0.005,51.87,29,38,33,74
"NZ","New Zealand",1998,13.173,0.417,0.005,50.19,31,40,34,77
"NZ","New Zealand",1999,13.682,0.414,0.005,52.45,29,40,34,76
"NZ","New Zealand",2000,13.649,0.41,0.005,52.62,24,40,35,76
"NZ","New Zealand",2001,15.012,0.405,0.005,58.39,22,40,35,71
"NZ","New Zealand",2002,15.081,0.4,0.005,59.55,22,40,37,71
"NZ","New Zealand",2003,15.441,0.395,0.005,62.07,24,41,37,72
"NZ","New Zealand",2004,15.056,0.389,0.005,61.45,23,43,37,72
"NZ","New Zealand",2005,15.21,0.384,0.005,62.86,23,43,37,72
"NZ","New Zealand",2006,15.074,0.379,0.005,63.01,24,43,37,71
"NZ","New Zealand",2007,14.661,0.374,0.005,61.89,25,45,37,75
"NZ","New Zealand",2008,14.518,0.369,0.005,61.85,26,46,39,76
"NZ","New Zealand",2009,13.707,0.365,0.005,58.98,27,46,40,76
"NZ","New Zealand",2010,13.602,0.36,0.005,59.12,27,46,40,78
"NZ","New Zealand",2011,14.767,0.355,0.005,64.7,24,46,40,72
"NZ","New Zealand",2012,15.228,0.35,0.005,67.16,25,46,43,69
"NZ","New Zealand",2013,15.007,0.346,0.005,66.79,25,47,45,68
"NZ","New Zealand",2014,14.933,0.342,0.005,67.41,25,47,45,69
"NZ","New Zealand",2015,14.549,0.337,0.005,66.79,23,47,46,69
"NZ","New Zealand",2016,15.317,0.333,0.005,71.5,23,47,46,67
"NZ","New Zealand",2017,15.406,0.329,0.005,73.12,24,47,47,68
"NZ","New Zealand",2018,14.986,0.325,0.005,72.51,24,47,47,68
"NZ","New Zealand",2019,14.9,0.321,0.005,73.89,23,48,47,69
"NZ","New Zealand",2020,14.001,0.318,0.005,70.86,22,48,47,69
"NZ","New Zealand",2021,NA,0.314,0.005,NA,NA,48,47,NA
"NZ","New Zealand",2022,NA,0.31,0.005,NA,NA,48,47,NA
"NI","Nicaragua",1995,6.148,0.135,0.001,29.03,87,84,84,95
"NI","Nicaragua",1996,6.032,0.136,0.001,29.03,88,85,84,97
"NI","Nicaragua",1997,6.101,0.137,0.001,29.87,89,85,85,95
"NI","Nicaragua",1998,6.196,0.137,0.002,30.82,87,86,61,95
"NI","Nicaragua",1999,6.214,0.139,0.002,31.38,84,86,61,97
"NI","Nicaragua",2000,6.236,0.14,0.002,31.95,81,86,62,96
"NI","Nicaragua",2001,6.942,0.141,0.002,36.05,72,85,62,90
"NI","Nicaragua",2002,6.94,0.142,0.002,36.5,72,84,62,89
"NI","Nicaragua",2003,7.084,0.142,0.002,37.71,71,84,63,91
"NI","Nicaragua",2004,6.895,0.142,0.002,37.14,74,84,65,94
"NI","Nicaragua",2005,6.902,0.142,0.002,37.65,73,84,65,92
"NI","Nicaragua",2006,6.834,0.142,0.002,37.79,74,84,66,90
"NI","Nicaragua",2007,6.768,0.142,0.002,37.95,74,84,67,92
"NI","Nicaragua",2008,6.653,0.142,0.002,37.84,75,83,69,93
"NI","Nicaragua",2009,6.566,0.142,0.002,37.89,73,83,70,93
"NI","Nicaragua",2010,6.537,0.141,0.002,38.28,72,83,71,93
"NI","Nicaragua",2011,4.503,0.14,0.002,26.76,107,84,73,111
"NI","Nicaragua",2012,4.497,0.14,0.002,27.12,107,84,74,112
"NI","Nicaragua",2013,4.478,0.139,0.002,27.4,106,84,74,110
"NI","Nicaragua",2014,4.568,0.138,0.002,28.36,107,84,76,111
"NI","Nicaragua",2015,4.647,0.137,0.002,29.27,106,84,76,111
"NI","Nicaragua",2016,5.976,0.137,0.002,38.18,84,84,77,98
"NI","Nicaragua",2017,5.85,0.136,0.002,37.91,85,84,78,103
"NI","Nicaragua",2018,5.761,0.136,0.002,37.86,86,84,79,102
"NI","Nicaragua",2019,5.732,0.135,0.002,38.2,88,84,80,100
"NI","Nicaragua",2020,5.647,0.134,0.002,38.15,83,85,80,99
"NI","Nicaragua",2021,NA,0.133,0.002,NA,NA,85,81,NA
"NI","Nicaragua",2022,NA,0.133,0.002,NA,NA,84,81,NA
"NE","Niger",1995,2.173,0.087,0.001,21.33,149,100,84,107
"NE","Niger",1996,2.178,0.088,0.001,22.11,148,100,84,107
"NE","Niger",1997,2.171,0.088,0.001,22.78,148,99,85,106
"NE","Niger",1998,2.184,0.088,0.001,23.71,150,99,87,107
"NE","Niger",1999,2.164,0.088,0.001,24.3,151,99,87,109
"NE","Niger",2000,2.135,0.087,0.001,24.82,150,99,88,106
"NE","Niger",2001,1.752,0.087,0.001,21.08,163,100,88,113
"NE","Niger",2002,1.756,0.087,0.001,21.87,159,100,88,111
"NE","Niger",2003,1.765,0.086,0.001,22.77,160,100,88,111
"NE","Niger",2004,1.768,0.086,0.001,23.63,162,101,90,114
"NE","Niger",2005,1.77,0.086,0.001,24.53,162,101,92,113
"NE","Niger",2006,1.772,0.087,0.001,25.46,162,101,92,111
"NE","Niger",2007,1.79,0.087,0.001,26.66,164,101,94,110
"NE","Niger",2008,1.804,0.088,0.001,27.88,164,101,94,108
"NE","Niger",2009,1.822,0.088,0.001,29.22,162,102,94,103
"NE","Niger",2010,1.762,0.089,0.001,29.33,164,102,96,105
"NE","Niger",2011,1.756,0.09,0.001,30.35,160,102,96,104
"NE","Niger",2012,1.804,0.091,0.001,32.39,159,102,97,100
"NE","Niger",2013,1.831,0.092,0.001,34.16,158,102,97,97
"NE","Niger",2014,1.852,0.093,0.001,35.87,158,102,97,94
"NE","Niger",2015,1.842,0.094,0.001,37.07,156,102,98,94
"NE","Niger",2016,1.853,0.095,0.001,38.77,162,102,98,96
"NE","Niger",2017,1.849,0.097,0.001,40.2,161,100,100,94
"NE","Niger",2018,1.863,0.098,0.002,42.06,160,100,79,94
"NE","Niger",2019,1.876,0.099,0.002,43.99,160,99,80,93
"NE","Niger",2020,1.892,0.1,0.002,46.04,158,99,80,91
"NE","Niger",2021,NA,0.102,0.002,NA,NA,98,81,NA
"NE","Niger",2022,NA,0.103,0.002,NA,NA,98,81,NA
"NG","Nigeria",1995,2.875,1.271,0.013,311.07,133,16,16,23
"NG","Nigeria",1996,3.057,1.288,0.014,339.18,131,16,15,22
"NG","Nigeria",1997,2.915,1.3,0.014,331.75,133,16,15,22
"NG","Nigeria",1998,2.692,1.31,0.015,314.12,139,15,15,24
"NG","Nigeria",1999,2.518,1.312,0.015,301.4,141,16,15,25
"NG","Nigeria",2000,2.551,1.32,0.015,313.38,142,16,15,25
"NG","Nigeria",2001,2.459,1.336,0.016,310.22,140,15,14,24
"NG","Nigeria",2002,2.257,1.345,0.016,292.48,148,14,14,24
"NG","Nigeria",2003,2.356,1.357,0.016,313.69,147,14,14,24
"NG","Nigeria",2004,2.31,1.366,0.017,315.85,151,14,14,24
"NG","Nigeria",2005,2.284,1.372,0.017,320.84,152,14,14,24
"NG","Nigeria",2006,2.14,1.373,0.017,308.87,154,14,14,26
"NG","Nigeria",2007,2.012,1.372,0.018,298.43,157,15,14,29
"NG","Nigeria",2008,1.988,1.367,0.018,302.96,155,15,14,30
"NG","Nigeria",2009,1.854,1.359,0.018,290.27,161,15,14,29
"NG","Nigeria",2010,1.975,1.352,0.018,317.84,157,15,15,28
"NG","Nigeria",2011,1.977,1.346,0.018,327.14,154,15,15,28
"NG","Nigeria",2012,1.942,1.337,0.019,330.24,154,15,14,28
"NG","Nigeria",2013,1.961,1.326,0.019,342.58,153,15,15,25
"NG","Nigeria",2014,1.964,1.313,0.019,352.27,152,15,15,25
"NG","Nigeria",2015,1.88,1.296,0.019,345.84,154,15,15,25
"NG","Nigeria",2016,1.874,1.273,0.019,353.59,160,15,15,26
"NG","Nigeria",2017,1.847,1.254,0.019,357.48,162,15,15,25
"NG","Nigeria",2018,1.85,1.238,0.019,366.96,161,15,15,25
"NG","Nigeria",2019,1.862,1.226,0.019,378.56,161,15,15,23
"NG","Nigeria",2020,1.773,1.208,0.019,369.38,165,15,15,23
"NG","Nigeria",2021,NA,1.19,0.019,NA,NA,15,15,NA
"NG","Nigeria",2022,NA,1.176,0.019,NA,NA,15,15,NA
"NO","Norway",1995,8.439,0.162,0.002,36.79,58,75,60,86
"NO","Norway",1996,8.429,0.164,0.002,36.93,60,75,60,86
"NO","Norway",1997,8.776,0.166,0.002,38.66,60,75,60,88
"NO","Norway",1998,9.01,0.168,0.002,39.93,55,73,61,87
"NO","Norway",1999,9.401,0.169,0.002,41.95,51,73,61,85
"NO","Norway",2000,8.103,0.171,0.002,36.39,62,72,62,91
"NO","Norway",2001,6.393,0.173,0.002,28.86,81,72,62,99
"NO","Norway",2002,6.258,0.174,0.002,28.4,82,72,62,102
"NO","Norway",2003,6.67,0.176,0.002,30.45,77,72,63,99
"NO","Norway",2004,6.7,0.177,0.002,30.77,77,72,65,100
"NO","Norway",2005,6.439,0.179,0.002,29.77,78,73,65,102
"NO","Norway",2006,6.458,0.18,0.002,30.1,79,73,66,103
"NO","Norway",2007,6.463,0.181,0.002,30.44,77,73,67,103
"NO","Norway",2008,6.109,0.181,0.002,29.13,83,73,69,105
"NO","Norway",2009,5.949,0.182,0.002,28.73,83,73,70,104
"NO","Norway",2010,6.409,0.182,0.002,31.34,77,72,71,102
"NO","Norway",2011,6.89,0.182,0.002,34.13,67,73,73,95
"NO","Norway",2012,6.732,0.181,0.003,33.79,66,73,57,95
"NO","Norway",2013,6.796,0.181,0.003,34.53,62,73,57,96
"NO","Norway",2014,6.736,0.18,0.003,34.61,62,74,57,96
"NO","Norway",2015,6.797,0.18,0.003,35.28,62,74,57,96
"NO","Norway",2016,6.632,0.179,0.003,34.73,71,73,58,109
"NO","Norway",2017,6.518,0.178,0.003,34.4,75,73,58,110
"NO","Norway",2018,6.355,0.177,0.003,33.76,80,73,58,110
"NO","Norway",2019,6.137,0.176,0.003,32.82,80,73,59,112
"NO","Norway",2020,5.824,0.174,0.003,31.33,80,74,62,110
"NO","Norway",2021,NA,0.173,0.003,NA,NA,74,62,NA
"NO","Norway",2022,NA,0.172,0.003,NA,NA,75,63,NA
"OM","Oman",1995,14.199,0.06,0.001,30.85,26,118,84,91
"OM","Oman",1996,14.376,0.063,0.001,31.77,26,118,84,90
"OM","Oman",1997,14.709,0.066,0.001,33.03,23,114,85,91
"OM","Oman",1998,14.142,0.068,0.001,32.24,27,114,87,93
"OM","Oman",1999,15.204,0.071,0.001,35.16,22,113,87,90
"OM","Oman",2000,16.82,0.074,0.001,39.43,18,110,88,86
"OM","Oman",2001,18.184,0.078,0.001,43.18,17,108,88,83
"OM","Oman",2002,18.655,0.081,0.001,44.84,15,106,88,82
"OM","Oman",2003,19.181,0.086,0.001,46.64,16,100,88,83
"OM","Oman",2004,18.596,0.089,0.001,45.91,17,100,90,83
"OM","Oman",2005,18.269,0.092,0.001,45.95,19,100,92,84
"OM","Oman",2006,21.174,0.095,0.001,54.22,13,100,92,79
"OM","Oman",2007,21.913,0.098,0.001,57.1,13,99,94,78
"OM","Oman",2008,21.395,0.1,0.001,56.72,13,99,94,79
"OM","Oman",2009,22.128,0.102,0.001,59.69,11,99,94,74
"OM","Oman",2010,22.214,0.104,0.001,64.02,12,98,96,75
"OM","Oman",2011,22.265,0.106,0.001,71.4,13,96,96,66
"OM","Oman",2012,22.508,0.109,0.002,79.58,12,96,74,63
"OM","Oman",2013,21.878,0.111,0.002,83.5,13,96,74,63
"OM","Oman",2014,21.72,0.114,0.002,87.08,13,95,76,62
"OM","Oman",2015,21.826,0.117,0.002,91.49,13,93,76,60
"OM","Oman",2016,21.566,0.119,0.002,94.85,14,91,77,57
"OM","Oman",2017,20.725,0.121,0.002,94.13,15,90,78,60
"OM","Oman",2018,21.577,0.123,0.002,99.28,13,90,79,58
"OM","Oman",2019,21.72,0.126,0.002,99.97,12,88,80,58
"OM","Oman",2020,20.931,0.127,0.002,95.1,13,87,80,57
"OM","Oman",2021,NA,0.129,0.002,NA,NA,87,81,NA
"OM","Oman",2022,NA,0.131,0.002,NA,NA,86,81,NA
"PK","Pakistan",1995,1.567,0.517,0.005,208.65,162,32,32,33
"PK","Pakistan",1996,1.572,0.526,0.006,215.79,162,31,27,31
"PK","Pakistan",1997,1.574,0.534,0.006,222.45,161,30,27,31
"PK","Pakistan",1998,1.555,0.543,0.006,226.25,162,30,27,31
"PK","Pakistan",1999,1.599,0.552,0.006,239.29,162,29,27,29
"PK","Pakistan",2000,1.565,0.561,0.006,241.64,162,29,28,29
"PK","Pakistan",2001,1.533,0.57,0.007,244.12,169,28,27,27
"PK","Pakistan",2002,1.534,0.579,0.007,250.5,169,28,27,27
"PK","Pakistan",2003,1.558,0.588,0.007,259.93,167,28,27,27
"PK","Pakistan",2004,1.625,0.597,0.007,277.38,165,28,27,28
"PK","Pakistan",2005,1.642,0.606,0.008,286.37,165,27,25,28
"PK","Pakistan",2006,1.717,0.614,0.008,305.72,164,27,26,27
"PK","Pakistan",2007,1.775,0.623,0.008,322.98,165,27,26,26
"PK","Pakistan",2008,1.745,0.632,0.008,324.37,165,27,27,25
"PK","Pakistan",2009,1.771,0.642,0.009,336.63,165,27,24,24
"PK","Pakistan",2010,1.698,0.65,0.009,330.24,166,27,25,24
"PK","Pakistan",2011,1.7,0.658,0.009,337.72,162,27,25,26
"PK","Pakistan",2012,1.691,0.666,0.009,341.87,162,26,25,25
"PK","Pakistan",2013,1.721,0.675,0.01,353.44,163,26,24,23
"PK","Pakistan",2014,1.761,0.683,0.01,366.77,162,25,24,23
"PK","Pakistan",2015,1.806,0.692,0.01,381.09,160,25,24,21
"PK","Pakistan",2016,1.907,0.702,0.01,407.2,158,24,24,22
"PK","Pakistan",2017,2.004,0.712,0.011,433.73,156,24,24,19
"PK","Pakistan",2018,1.952,0.722,0.011,429.02,158,25,24,20
"PK","Pakistan",2019,1.946,0.731,0.011,434.52,158,25,25,21
"PK","Pakistan",2020,1.952,0.742,0.012,443.6,155,25,24,20
"PK","Pakistan",2021,NA,0.753,0.012,NA,NA,25,24,NA
"PK","Pakistan",2022,NA,0.762,0.012,NA,NA,25,25,NA
"PW","Palau",1995,12.186,0.001,0,0.21,39,171,126,178
"PW","Palau",1996,11.825,0.001,0,0.21,38,171,128,179
"PW","Palau",1997,12.007,0.001,0,0.22,37,171,129,179
"PW","Palau",1998,11.659,0.001,0,0.22,39,171,129,179
"PW","Palau",1999,11.339,0.001,0,0.22,40,171,130,179
"PW","Palau",2000,11.649,0.001,0,0.23,40,171,130,178
"PW","Palau",2001,11.586,0.001,0,0.23,39,171,133,178
"PW","Palau",2002,11.572,0.001,0,0.23,40,171,135,179
"PW","Palau",2003,11.555,0.001,0,0.23,40,172,135,181
"PW","Palau",2004,12.044,0.001,0,0.24,37,172,135,181
"PW","Palau",2005,12.593,0.001,0,0.25,33,172,135,179
"PW","Palau",2006,12.726,0.001,0,0.25,32,172,135,180
"PW","Palau",2007,12.382,0.001,0,0.24,34,172,136,179
"PW","Palau",2008,12.029,0.001,0,0.23,34,172,136,181
"PW","Palau",2009,12.203,0.001,0,0.23,31,172,136,180
"PW","Palau",2010,12.929,0.001,0,0.24,30,172,135,179
"PW","Palau",2011,12.596,0.001,0,0.23,30,172,135,179
"PW","Palau",2012,13.909,0.001,0,0.25,27,172,136,179
"PW","Palau",2013,14.022,0.001,0,0.25,27,172,137,180
"PW","Palau",2014,13.467,0.001,0,0.24,28,172,138,180
"PW","Palau",2015,12.905,0,0,0.23,27,181,138,181
"PW","Palau",2016,13.453,0,0,0.24,28,181,138,182
"PW","Palau",2017,13.44,0,0,0.24,27,181,138,182
"PW","Palau",2018,13.418,0,0,0.24,28,181,139,182
"PW","Palau",2019,13.936,0,0,0.25,26,181,139,182
"PW","Palau",2020,11.112,0,0,0.2,32,181,140,183
"PW","Palau",2021,NA,0,0,NA,NA,181,142,NA
"PW","Palau",2022,NA,0,0,NA,NA,181,142,NA
"PA","Panama",1995,5.714,0.081,0.001,15.52,94,105,84,121
"PA","Panama",1996,5.596,0.081,0.001,15.51,94,104,84,122
"PA","Panama",1997,5.463,0.08,0.001,15.45,95,105,85,123
"PA","Panama",1998,5.729,0.081,0.001,16.53,94,104,87,123
"PA","Panama",1999,5.324,0.081,0.001,15.67,95,105,87,123
"PA","Panama",2000,5.254,0.081,0.001,15.77,97,105,88,124
"PA","Panama",2001,5.077,0.081,0.001,15.54,93,107,88,124
"PA","Panama",2002,4.748,0.08,0.001,14.82,97,108,88,125
"PA","Panama",2003,4.755,0.08,0.001,15.13,98,106,88,125
"PA","Panama",2004,4.659,0.079,0.001,15.11,106,108,90,126
"PA","Panama",2005,5.07,0.079,0.001,16.76,98,107,92,125
"PA","Panama",2006,5.133,0.078,0.001,17.29,97,107,92,126
"PA","Panama",2007,5.041,0.078,0.001,17.3,97,107,94,125
"PA","Panama",2008,4.981,0.077,0.001,17.41,98,109,94,125
"PA","Panama",2009,5.338,0.077,0.001,19,91,109,94,123
"PA","Panama",2010,5.414,0.077,0.001,19.62,89,112,96,124
"PA","Panama",2011,5.617,0.076,0.001,20.72,94,112,96,120
"PA","Panama",2012,5.705,0.076,0.001,21.42,91,112,97,118
"PA","Panama",2013,5.6,0.075,0.001,21.4,91,112,97,120
"PA","Panama",2014,5.614,0.075,0.001,21.83,90,111,97,117
"PA","Panama",2015,5.491,0.074,0.001,21.73,91,112,98,119
"PA","Panama",2016,5.449,0.074,0.001,21.94,94,113,98,123
"PA","Panama",2017,5.251,0.074,0.001,21.51,98,113,100,123
"PA","Panama",2018,5.169,0.073,0.001,21.53,101,113,101,122
"PA","Panama",2019,5.869,0.073,0.001,24.84,85,113,102,118
"PA","Panama",2020,4.997,0.072,0.001,21.46,96,113,103,121
"PA","Panama",2021,NA,0.072,0.001,NA,NA,113,104,NA
"PA","Panama",2022,NA,0.071,0.001,NA,NA,113,104,NA
"PG","Papua New Guinea",1995,7.774,0.05,0.001,35.89,65,125,84,87
"PG","Papua New Guinea",1996,7.39,0.051,0.001,35.37,71,125,84,87
"PG","Papua New Guinea",1997,10.056,0.052,0.001,49.88,50,124,85,76
"PG","Papua New Guinea",1998,7.039,0.054,0.001,36.17,77,122,87,89
"PG","Papua New Guinea",1999,6.953,0.055,0.001,37,77,122,87,88
"PG","Papua New Guinea",2000,6.902,0.055,0.001,38.02,76,123,88,87
"PG","Papua New Guinea",2001,6.63,0.056,0.001,37.78,78,122,88,88
"PG","Papua New Guinea",2002,6.539,0.057,0.001,38.53,78,122,88,87
"PG","Papua New Guinea",2003,6.321,0.057,0.001,38.5,81,122,88,89
"PG","Papua New Guinea",2004,6.304,0.058,0.001,39.67,83,122,90,87
"PG","Papua New Guinea",2005,5.873,0.059,0.001,38.17,86,122,92,90
"PG","Papua New Guinea",2006,5.693,0.06,0.001,38.19,90,121,92,89
"PG","Papua New Guinea",2007,5.508,0.062,0.001,38.12,91,120,94,91
"PG","Papua New Guinea",2008,5.279,0.063,0.001,37.68,93,120,94,94
"PG","Papua New Guinea",2009,5.146,0.064,0.001,37.87,95,119,94,94
"PG","Papua New Guinea",2010,4.994,0.064,0.001,37.87,98,120,96,96
"PG","Papua New Guinea",2011,5.883,0.065,0.001,45.93,88,118,96,83
"PG","Papua New Guinea",2012,5.806,0.065,0.001,46.6,88,118,97,84
"PG","Papua New Guinea",2013,5.797,0.065,0.001,47.8,85,118,97,85
"PG","Papua New Guinea",2014,5.832,0.066,0.001,49.36,81,117,97,81
"PG","Papua New Guinea",2015,6.005,0.066,0.001,52.14,78,117,98,78
"PG","Papua New Guinea",2016,5.811,0.067,0.001,51.71,86,117,98,83
"PG","Papua New Guinea",2017,5.681,0.067,0.001,51.78,88,117,100,82
"PG","Papua New Guinea",2018,5.669,0.068,0.001,52.89,89,117,101,82
"PG","Papua New Guinea",2019,5.581,0.068,0.001,53.26,91,117,102,84
"PG","Papua New Guinea",2020,5.298,0.068,0.001,51.65,91,117,103,86
"PG","Papua New Guinea",2021,NA,0.068,0.001,NA,NA,117,104,NA
"PG","Papua New Guinea",2022,NA,0.068,0.001,NA,NA,117,104,NA
"PY","Paraguay",1995,16.004,0.17,0.002,73.68,20,72,60,62
"PY","Paraguay",1996,15.6,0.173,0.002,73.5,20,72,60,61
"PY","Paraguay",1997,15.497,0.176,0.002,74.67,20,71,60,60
"PY","Paraguay",1998,15.193,0.178,0.002,74.8,21,71,61,60
"PY","Paraguay",1999,15.501,0.18,0.002,77.91,21,70,61,58
"PY","Paraguay",2000,14.3,0.181,0.002,73.27,23,70,62,61
"PY","Paraguay",2001,17.156,0.183,0.002,89.41,19,70,62,56
"PY","Paraguay",2002,16.985,0.184,0.002,89.79,18,70,62,55
"PY","Paraguay",2003,17.083,0.185,0.002,91.45,20,70,63,56
"PY","Paraguay",2004,16.472,0.186,0.002,89.22,21,70,65,57
"PY","Paraguay",2005,16.551,0.187,0.002,90.65,21,70,65,58
"PY","Paraguay",2006,16.393,0.189,0.002,90.73,21,69,66,59
"PY","Paraguay",2007,16.858,0.19,0.002,94.24,22,68,67,57
"PY","Paraguay",2008,16.304,0.191,0.002,92.04,23,69,69,59
"PY","Paraguay",2009,16.498,0.192,0.003,94.08,20,69,55,58
"PY","Paraguay",2010,16.742,0.194,0.003,96.58,21,68,56,58
"PY","Paraguay",2011,18.765,0.195,0.003,109.66,19,67,57,52
"PY","Paraguay",2012,18.719,0.196,0.003,110.88,20,65,57,52
"PY","Paraguay",2013,18.729,0.198,0.003,112.48,20,64,57,51
"PY","Paraguay",2014,18.765,0.199,0.003,114.29,18,63,57,50
"PY","Paraguay",2015,18.563,0.2,0.003,114.68,18,63,57,52
"PY","Paraguay",2016,14.927,0.201,0.003,93.54,25,64,58,59
"PY","Paraguay",2017,15.163,0.201,0.003,96.37,26,63,58,58
"PY","Paraguay",2018,14.669,0.202,0.003,94.52,25,63,58,59
"PY","Paraguay",2019,14.809,0.202,0.003,96.7,24,63,59,59
"PY","Paraguay",2020,14.699,0.202,0.003,97.29,21,63,62,56
"PY","Paraguay",2021,NA,0.202,0.003,NA,NA,63,62,NA
"PY","Paraguay",2022,NA,0.202,0.003,NA,NA,63,63,NA
"PE","Peru",1995,4.588,0.321,0.003,112.18,109,48,48,44
"PE","Peru",1996,4.652,0.322,0.003,115.86,106,48,48,43
"PE","Peru",1997,4.605,0.322,0.004,116.82,107,48,40,43
"PE","Peru",1998,4.557,0.323,0.004,117.66,108,48,41,43
"PE","Peru",1999,4.642,0.324,0.004,121.87,106,48,42,42
"PE","Peru",2000,4.595,0.325,0.004,122.48,105,48,42,42
"PE","Peru",2001,4.649,0.325,0.004,125.58,100,48,42,44
"PE","Peru",2002,4.665,0.324,0.004,127.52,99,49,44,44
"PE","Peru",2003,4.615,0.325,0.004,127.47,102,49,44,44
"PE","Peru",2004,4.712,0.325,0.004,131.45,104,49,46,43
"PE","Peru",2005,4.729,0.325,0.004,133.1,103,49,46,42
"PE","Peru",2006,4.666,0.325,0.004,132.43,102,49,46,42
"PE","Peru",2007,4.769,0.325,0.004,136.4,100,49,47,42
"PE","Peru",2008,4.904,0.325,0.004,141.26,99,48,47,43
"PE","Peru",2009,5.01,0.325,0.004,145.34,97,47,47,42
"PE","Peru",2010,5.129,0.325,0.004,149.92,94,47,47,43
"PE","Peru",2011,6.036,0.325,0.004,177.92,83,48,48,40
"PE","Peru",2012,5.991,0.325,0.005,178.24,79,48,43,40
"PE","Peru",2013,5.996,0.325,0.005,180.1,80,48,45,40
"PE","Peru",2014,6.055,0.325,0.005,183.8,75,48,45,42
"PE","Peru",2015,6.041,0.325,0.005,185.54,76,48,46,41
"PE","Peru",2016,6.076,0.325,0.005,189.17,79,48,46,42
"PE","Peru",2017,5.911,0.325,0.005,186.81,83,48,47,42
"PE","Peru",2018,5.806,0.324,0.005,186.99,85,48,47,41
"PE","Peru",2019,5.798,0.323,0.005,190.31,86,47,47,42
"PE","Peru",2020,5.398,0.322,0.005,179.78,88,47,47,43
"PE","Peru",2021,NA,0.321,0.005,NA,NA,47,47,NA
"PE","Peru",2022,NA,0.32,0.005,NA,NA,47,47,NA
"PH","Philippines",1995,1.792,0.76,0.008,124.12,155,23,23,41
"PH","Philippines",1996,1.869,0.756,0.008,132.63,153,23,23,40
"PH","Philippines",1997,1.936,0.751,0.008,140.75,153,23,23,39
"PH","Philippines",1998,1.801,0.746,0.008,134.19,156,23,23,40
"PH","Philippines",1999,1.833,0.741,0.008,139.78,157,24,24,37
"PH","Philippines",2000,1.809,0.737,0.008,141.03,158,24,24,37
"PH","Philippines",2001,1.76,0.733,0.009,140.13,161,24,23,39
"PH","Philippines",2002,1.746,0.73,0.009,141.92,162,24,24,38
"PH","Philippines",2003,1.749,0.728,0.009,145.05,162,24,24,38
"PH","Philippines",2004,1.756,0.724,0.009,148.53,163,24,24,39
"PH","Philippines",2005,1.734,0.721,0.009,149.62,163,24,24,40
"PH","Philippines",2006,1.629,0.719,0.009,143.16,165,24,24,41
"PH","Philippines",2007,1.667,0.717,0.009,149.34,166,24,24,41
"PH","Philippines",2008,1.67,0.715,0.009,152.41,166,24,24,41
"PH","Philippines",2009,1.671,0.713,0.009,155.3,166,24,24,40
"PH","Philippines",2010,1.7,0.711,0.01,160.85,165,24,24,41
"PH","Philippines",2011,1.687,0.709,0.01,162.54,163,24,24,42
"PH","Philippines",2012,1.71,0.706,0.01,167.62,161,24,24,42
"PH","Philippines",2013,1.791,0.704,0.01,178.57,162,24,24,41
"PH","Philippines",2014,1.838,0.701,0.01,186.22,159,24,24,40
"PH","Philippines",2015,1.894,0.698,0.01,195.1,153,24,24,39
"PH","Philippines",2016,1.971,0.696,0.01,206.68,157,25,24,39
"PH","Philippines",2017,2.097,0.694,0.011,223.81,153,26,24,38
"PH","Philippines",2018,2.122,0.693,0.011,230.34,153,26,24,39
"PH","Philippines",2019,2.155,0.691,0.011,237.84,152,26,25,37
"PH","Philippines",2020,2.028,0.689,0.011,227.52,152,27,26,37
"PH","Philippines",2021,NA,0.687,0.011,NA,NA,27,26,NA
"PH","Philippines",2022,NA,0.685,0.011,NA,NA,28,27,NA
"PL","Poland",1995,10.627,1.476,0.016,408.08,45,14,14,18
"PL","Poland",1996,11.006,1.456,0.016,422.66,44,14,14,17
"PL","Poland",1997,10.736,1.435,0.016,412.21,44,14,14,19
"PL","Poland",1998,9.988,1.412,0.016,383.34,48,14,14,19
"PL","Poland",1999,9.716,1.388,0.016,372.65,48,14,14,19
"PL","Poland",2000,9.323,1.364,0.016,358.97,51,14,14,20
"PL","Poland",2001,7.719,1.343,0.016,298.44,61,14,14,25
"PL","Poland",2002,7.554,1.319,0.016,291.95,63,16,14,25
"PL","Poland",2003,7.855,1.295,0.016,303.38,63,16,14,25
"PL","Poland",2004,7.966,1.272,0.016,307.46,62,17,16,25
"PL","Poland",2005,8.007,1.249,0.016,308.87,61,17,16,26
"PL","Poland",2006,8.385,1.227,0.015,323.23,60,17,17,24
"PL","Poland",2007,8.405,1.206,0.015,323.76,60,17,17,25
"PL","Poland",2008,8.243,1.185,0.015,317.55,62,17,17,26
"PL","Poland",2009,7.852,1.165,0.015,302.74,60,17,17,27
"PL","Poland",2010,8.321,1.148,0.015,321.18,57,17,17,27
"PL","Poland",2011,9.368,1.132,0.016,361.8,51,17,17,23
"PL","Poland",2012,9.186,1.116,0.016,354.82,52,17,17,23
"PL","Poland",2013,9.041,1.101,0.016,349.03,51,17,17,24
"PL","Poland",2014,8.704,1.085,0.016,335.81,51,17,17,26
"PL","Poland",2015,8.792,1.071,0.016,338.97,49,17,17,26
"PL","Poland",2016,8.927,1.057,0.016,343.96,52,17,17,27
"PL","Poland",2017,9.273,1.045,0.016,357.31,51,19,17,26
"PL","Poland",2018,9.229,1.034,0.016,355.52,51,19,18,27
"PL","Poland",2019,8.778,1.022,0.016,337.91,51,19,18,27
"PL","Poland",2020,8.351,1.012,0.016,320.92,53,19,19,26
"PL","Poland",2021,NA,1.004,0.016,NA,NA,19,19,NA
"PL","Poland",2022,NA,0.994,0.016,NA,NA,19,19,NA
"PT","Portugal",1995,6.769,0.114,0.001,68.04,79,92,84,64
"PT","Portugal",1996,6.587,0.116,0.001,66.45,81,92,84,66
"PT","Portugal",1997,6.789,0.117,0.001,68.78,81,92,85,65
"PT","Portugal",1998,7.267,0.118,0.001,73.97,72,91,87,62
"PT","Portugal",1999,7.884,0.12,0.001,80.68,65,90,87,57
"PT","Portugal",2000,7.786,0.121,0.001,80.2,65,90,88,57
"PT","Portugal",2001,7.578,0.122,0.001,78.6,62,90,88,60
"PT","Portugal",2002,7.979,0.124,0.001,83.23,59,88,88,58
"PT","Portugal",2003,7.512,0.124,0.001,78.68,67,88,88,62
"PT","Portugal",2004,7.659,0.125,0.002,80.43,64,88,65,62
"PT","Portugal",2005,7.946,0.126,0.002,83.62,62,88,65,61
"PT","Portugal",2006,7.442,0.126,0.002,78.47,66,88,66,64
"PT","Portugal",2007,7.295,0.126,0.002,77.08,66,88,67,65
"PT","Portugal",2008,7.072,0.126,0.002,74.83,67,88,69,65
"PT","Portugal",2009,6.991,0.126,0.002,74.04,64,89,70,64
"PT","Portugal",2010,6.483,0.126,0.002,68.64,75,88,71,70
"PT","Portugal",2011,6.28,0.125,0.002,66.35,81,88,73,71
"PT","Portugal",2012,6.145,0.125,0.002,64.66,77,88,74,70
"PT","Portugal",2013,6.017,0.124,0.002,62.97,78,89,74,70
"PT","Portugal",2014,6.011,0.123,0.002,62.56,78,90,76,70
"PT","Portugal",2015,6.433,0.123,0.002,66.68,70,90,76,70
"PT","Portugal",2016,6.463,0.122,0.002,66.78,75,90,77,72
"PT","Portugal",2017,6.959,0.121,0.002,71.73,70,90,78,71
"PT","Portugal",2018,6.501,0.121,0.002,66.89,77,91,79,74
"PT","Portugal",2019,6.01,0.12,0.002,61.84,82,91,80,77
"PT","Portugal",2020,5.439,0.119,0.002,56.01,85,91,80,79
"PT","Portugal",2021,NA,0.118,0.002,NA,NA,90,81,NA
"PT","Portugal",2022,NA,0.117,0.002,NA,NA,91,81,NA
"QA","Qatar",1995,48.958,0.062,0.001,25.22,2,117,84,100
"QA","Qatar",1996,52.619,0.064,0.001,27.85,2,116,84,98
"QA","Qatar",1997,63.422,0.068,0.001,34.92,1,113,85,89
"QA","Qatar",1998,62.65,0.072,0.001,36.4,1,111,87,88
"QA","Qatar",1999,64.421,0.076,0.001,39.51,1,109,87,86
"QA","Qatar",2000,62.559,0.081,0.001,40.41,1,105,88,85
"QA","Qatar",2001,59.042,0.086,0.001,40.08,1,101,88,86
"QA","Qatar",2002,61.792,0.09,0.001,44.07,1,98,88,83
"QA","Qatar",2003,64.018,0.096,0.001,47.92,1,97,88,82
"QA","Qatar",2004,66.649,0.101,0.001,51.85,1,97,90,79
"QA","Qatar",2005,63.107,0.106,0.001,53.56,1,96,92,77
"QA","Qatar",2006,59.336,0.112,0.001,60.23,1,93,92,74
"QA","Qatar",2007,55.378,0.118,0.002,68.22,1,93,67,71
"QA","Qatar",2008,51.126,0.125,0.002,73.84,1,89,69,66
"QA","Qatar",2009,47.197,0.132,0.002,76,1,86,70,63
"QA","Qatar",2010,50.598,0.14,0.002,86.7,1,84,71,61
"QA","Qatar",2011,54.147,0.15,0.002,97.69,1,81,73,56
"QA","Qatar",2012,55.97,0.161,0.002,106.66,1,79,74,54
"QA","Qatar",2013,53.417,0.172,0.002,108.73,1,76,74,53
"QA","Qatar",2014,51.263,0.182,0.003,113.52,1,73,57,52
"QA","Qatar",2015,48.286,0.192,0.003,116.59,1,66,57,51
"QA","Qatar",2016,45.862,0.202,0.003,119.02,2,62,58,51
"QA","Qatar",2017,44.045,0.21,0.003,119.44,2,62,58,51
"QA","Qatar",2018,43.08,0.217,0.003,119.19,2,60,58,51
"QA","Qatar",2019,43.284,0.224,0.003,121.51,2,59,59,51
"QA","Qatar",2020,43.331,0.23,0.004,119.61,2,58,51,50
"QA","Qatar",2021,NA,0.236,0.004,NA,NA,58,52,NA
"QA","Qatar",2022,NA,0.242,0.004,NA,NA,55,52,NA
"RO","Romania",1995,6.968,0.508,0.005,157,76,34,32,35
"RO","Romania",1996,7.167,0.502,0.005,160.67,74,34,33,35
"RO","Romania",1997,6.693,0.496,0.005,149.18,82,34,33,37
"RO","Romania",1998,6.01,0.49,0.005,133.19,89,34,34,41
"RO","Romania",1999,5.327,0.483,0.005,117.41,94,34,34,44
"RO","Romania",2000,5.539,0.476,0.005,121.41,92,35,35,43
"RO","Romania",2001,5.643,0.469,0.005,123,87,35,35,45
"RO","Romania",2002,5.546,0.462,0.005,120.1,88,37,37,46
"RO","Romania",2003,5.819,0.455,0.005,125,87,37,37,45
"RO","Romania",2004,5.794,0.448,0.005,123.34,87,37,37,46
"RO","Romania",2005,5.82,0.441,0.005,122.76,87,37,37,48
"RO","Romania",2006,6.043,0.434,0.005,126.35,85,37,37,44
"RO","Romania",2007,5.978,0.428,0.005,124,84,37,37,47
"RO","Romania",2008,5.923,0.422,0.006,122,84,38,36,49
"RO","Romania",2009,5.191,0.416,0.006,106.24,94,38,36,52
"RO","Romania",2010,5.083,0.41,0.006,103.37,96,39,36,56
"RO","Romania",2011,-8.627,0.405,0.006,-174.45,188,39,36,189
"RO","Romania",2012,-8.777,0.4,0.006,-176.75,188,41,36,189
"RO","Romania",2013,-9.269,0.396,0.006,-186,188,43,36,189
"RO","Romania",2014,-9.335,0.391,0.006,-186.66,188,43,37,189
"RO","Romania",2015,-9.262,0.387,0.006,-184.38,188,44,37,189
"RO","Romania",2016,3.856,0.383,0.006,76.35,119,45,37,65
"RO","Romania",2017,4.028,0.379,0.006,79.34,117,45,38,66
"RO","Romania",2018,4.108,0.375,0.006,80.54,115,45,39,65
"RO","Romania",2019,4.043,0.371,0.006,78.94,117,45,42,67
"RO","Romania",2020,3.747,0.368,0.006,72.84,116,45,43,67
"RO","Romania",2021,NA,0.364,0.006,NA,NA,45,43,NA
"RO","Romania",2022,NA,0.361,0.006,NA,NA,45,44,NA
"RU","Russia",1995,12.794,8.008,0.085,1900.65,34,2,2,3
"RU","Russia",1996,12.541,7.951,0.085,1858.96,34,2,2,3
"RU","Russia",1997,11.554,7.869,0.086,1709.36,39,2,2,5
"RU","Russia",1998,11.594,7.791,0.087,1712.17,40,3,3,4
"RU","Russia",1999,11.829,7.717,0.087,1742.9,35,3,3,4
"RU","Russia",2000,12.239,7.639,0.088,1797.28,34,3,3,4
"RU","Russia",2001,9.628,7.564,0.088,1407.98,49,3,3,5
"RU","Russia",2002,9.688,7.489,0.089,1410.52,50,3,3,6
"RU","Russia",2003,10.245,7.411,0.089,1484.98,48,3,3,5
"RU","Russia",2004,10.255,7.332,0.09,1480.39,49,3,3,5
"RU","Russia",2005,10.443,7.255,0.09,1501.7,47,3,3,5
"RU","Russia",2006,10.753,7.178,0.091,1541.34,46,3,3,6
"RU","Russia",2007,10.817,7.104,0.091,1548.17,46,3,3,5
"RU","Russia",2008,10.881,7.032,0.092,1556.86,43,3,3,5
"RU","Russia",2009,9.913,6.962,0.092,1419.12,49,3,3,6
"RU","Russia",2010,10.535,6.9,0.093,1509.01,47,3,3,5
"RU","Russia",2011,11.73,6.833,0.094,1681.7,34,3,3,4
"RU","Russia",2012,11.555,6.778,0.095,1659.67,36,3,3,5
"RU","Russia",2013,11.243,6.724,0.095,1618.57,37,3,3,4
"RU","Russia",2014,11.139,6.672,0.096,1607.17,33,3,3,5
"RU","Russia",2015,10.973,6.632,0.097,1587.48,35,3,3,5
"RU","Russia",2016,11.838,6.598,0.098,1717.74,34,3,3,4
"RU","Russia",2017,12.033,6.568,0.099,1750.27,33,3,3,4
"RU","Russia",2018,12.655,6.542,0.101,1843.24,31,3,3,4
"RU","Russia",2019,12.968,6.513,0.102,1889.93,30,3,3,5
"RU","Russia",2020,12.361,6.486,0.103,1799.98,27,3,3,4
"RU","Russia",2021,NA,6.459,0.104,NA,NA,3,3,NA
"RU","Russia",2022,NA,6.429,0.105,NA,NA,3,3,NA
"RW","Rwanda",1995,0.892,0.043,0,5.07,179,131,126,150
"RW","Rwanda",1996,0.785,0.043,0,5.27,180,131,128,151
"RW","Rwanda",1997,0.736,0.043,0,5.64,180,131,129,151
"RW","Rwanda",1998,0.713,0.042,0,5.64,181,132,129,151
"RW","Rwanda",1999,0.732,0.042,0,5.86,179,133,130,150
"RW","Rwanda",2000,0.703,0.041,0,5.7,180,134,130,151
"RW","Rwanda",2001,0.685,0.041,0,5.63,182,134,133,149
"RW","Rwanda",2002,0.7,0.04,0,5.86,182,135,135,147
"RW","Rwanda",2003,0.694,0.04,0,5.95,183,135,135,149
"RW","Rwanda",2004,0.689,0.039,0,6.06,182,135,135,148
"RW","Rwanda",2005,0.678,0.039,0,6.12,184,135,135,149
"RW","Rwanda",2006,0.69,0.038,0,6.4,182,136,135,148
"RW","Rwanda",2007,0.687,0.038,0,6.54,183,136,136,147
"RW","Rwanda",2008,0.69,0.037,0,6.75,183,136,136,148
"RW","Rwanda",2009,0.685,0.037,0,6.88,183,136,136,148
"RW","Rwanda",2010,0.695,0.036,0,7.16,185,136,135,148
"RW","Rwanda",2011,0.581,0.036,0,6.15,184,135,135,151
"RW","Rwanda",2012,0.582,0.035,0,6.31,184,136,136,151
"RW","Rwanda",2013,0.586,0.035,0,6.5,184,136,137,151
"RW","Rwanda",2014,0.571,0.035,0.001,6.49,184,136,97,151
"RW","Rwanda",2015,0.616,0.035,0.001,7.17,184,136,98,148
"RW","Rwanda",2016,0.586,0.034,0.001,6.99,187,136,98,151
"RW","Rwanda",2017,0.587,0.034,0.001,7.18,187,136,100,152
"RW","Rwanda",2018,0.588,0.034,0.001,7.37,187,136,101,152
"RW","Rwanda",2019,0.592,0.034,0.001,7.6,187,136,102,151
"RW","Rwanda",2020,0.577,0.034,0.001,7.59,186,137,103,149
"RW","Rwanda",2021,NA,0.034,0.001,NA,NA,137,104,NA
"RW","Rwanda",2022,NA,0.034,0.001,NA,NA,137,104,NA
"KN","Saint Kitts and Nevis",1995,4.932,0,0,0.21,107,179,126,178
"KN","Saint Kitts and Nevis",1996,5.102,0,0,0.22,100,179,128,178
"KN","Saint Kitts and Nevis",1997,5.265,0,0,0.23,101,180,129,178
"KN","Saint Kitts and Nevis",1998,5.423,0,0,0.24,96,180,129,176
"KN","Saint Kitts and Nevis",1999,5.574,0,0,0.25,90,180,130,176
"KN","Saint Kitts and Nevis",2000,5.935,0,0,0.27,85,180,130,175
"KN","Saint Kitts and Nevis",2001,6.085,0,0,0.28,83,180,133,175
"KN","Saint Kitts and Nevis",2002,6.265,0,0,0.29,81,180,135,175
"KN","Saint Kitts and Nevis",2003,6.242,0,0,0.29,83,180,135,176
"KN","Saint Kitts and Nevis",2004,6.652,0,0,0.31,78,180,135,176
"KN","Saint Kitts and Nevis",2005,6.203,0,0,0.29,82,180,135,177
"KN","Saint Kitts and Nevis",2006,6.397,0,0,0.3,80,181,135,177
"KN","Saint Kitts and Nevis",2007,6.803,0,0,0.32,72,181,136,177
"KN","Saint Kitts and Nevis",2008,6.783,0,0,0.32,72,181,136,177
"KN","Saint Kitts and Nevis",2009,6.975,0,0,0.33,66,181,136,177
"KN","Saint Kitts and Nevis",2010,6.958,0,0,0.33,65,181,135,176
"KN","Saint Kitts and Nevis",2011,7.142,0,0,0.34,64,181,135,175
"KN","Saint Kitts and Nevis",2012,6.701,0,0,0.32,67,181,136,176
"KN","Saint Kitts and Nevis",2013,6.696,0,0,0.32,64,182,137,176
"KN","Saint Kitts and Nevis",2014,6.692,0,0,0.32,63,182,138,178
"KN","Saint Kitts and Nevis",2015,6.902,0,0,0.33,59,181,138,177
"KN","Saint Kitts and Nevis",2016,7.111,0,0,0.34,65,181,138,179
"KN","Saint Kitts and Nevis",2017,7.111,0,0,0.34,67,181,138,179
"KN","Saint Kitts and Nevis",2018,7.324,0,0,0.35,66,181,139,179
"KN","Saint Kitts and Nevis",2019,7.332,0,0,0.35,64,181,139,179
"KN","Saint Kitts and Nevis",2020,6.923,0,0,0.33,65,181,140,178
"KN","Saint Kitts and Nevis",2021,NA,0,0,NA,NA,181,142,NA
"KN","Saint Kitts and Nevis",2022,NA,0,0,NA,NA,181,142,NA
"LC","Saint Lucia",1995,5.447,0.001,0,0.83,99,171,126,167
"LC","Saint Lucia",1996,4.936,0.001,0,0.76,103,171,128,167
"LC","Saint Lucia",1997,4.374,0.001,0,0.68,111,171,129,167
"LC","Saint Lucia",1998,4.016,0.001,0,0.63,116,171,129,167
"LC","Saint Lucia",1999,3.538,0.001,0,0.56,120,171,130,169
"LC","Saint Lucia",2000,3.009,0.001,0,0.48,128,171,130,172
"LC","Saint Lucia",2001,3.238,0.001,0,0.52,120,171,133,171
"LC","Saint Lucia",2002,3.152,0.001,0,0.51,122,171,135,171
"LC","Saint Lucia",2003,3.312,0.001,0,0.54,120,172,135,172
"LC","Saint Lucia",2004,3.409,0.001,0,0.56,119,172,135,171
"LC","Saint Lucia",2005,3.386,0.001,0,0.56,119,172,135,172
"LC","Saint Lucia",2006,3.484,0.001,0,0.58,119,172,135,172
"LC","Saint Lucia",2007,3.582,0.001,0,0.6,118,172,136,171
"LC","Saint Lucia",2008,3.559,0.001,0,0.6,118,172,136,171
"LC","Saint Lucia",2009,3.595,0.001,0,0.61,114,172,136,171
"LC","Saint Lucia",2010,3.978,0.001,0,0.68,111,172,135,170
"LC","Saint Lucia",2011,3.776,0.001,0,0.65,114,172,135,170
"LC","Saint Lucia",2012,3.87,0.001,0,0.67,113,172,136,169
"LC","Saint Lucia",2013,3.851,0.001,0,0.67,113,172,137,169
"LC","Saint Lucia",2014,3.89,0.001,0,0.68,112,172,138,169
"LC","Saint Lucia",2015,3.872,0.001,0,0.68,112,172,138,170
"LC","Saint Lucia",2016,3.911,0.001,0,0.69,117,172,138,172
"LC","Saint Lucia",2017,4.064,0.001,0,0.72,116,172,138,170
"LC","Saint Lucia",2018,4.047,0.001,0,0.72,117,172,139,172
"LC","Saint Lucia",2019,4.087,0.001,0,0.73,116,172,139,172
"LC","Saint Lucia",2020,3.905,0.001,0,0.7,114,172,140,172
"LC","Saint Lucia",2021,NA,0.001,0,NA,NA,172,142,NA
"LC","Saint Lucia",2022,NA,0.001,0,NA,NA,172,142,NA
"VC","Saint Vincent and the Grenadines",1995,1.401,0,0,0.16,166,179,126,180
"VC","Saint Vincent and the Grenadines",1996,1.487,0,0,0.17,163,179,128,180
"VC","Saint Vincent and the Grenadines",1997,1.487,0,0,0.17,164,180,129,180
"VC","Saint Vincent and the Grenadines",1998,1.752,0,0,0.2,157,180,129,180
"VC","Saint Vincent and the Grenadines",1999,1.842,0,0,0.21,155,180,130,180
"VC","Saint Vincent and the Grenadines",2000,1.669,0,0,0.19,160,180,130,180
"VC","Saint Vincent and the Grenadines",2001,2.376,0,0,0.27,145,180,133,176
"VC","Saint Vincent and the Grenadines",2002,2.468,0,0,0.28,141,180,135,176
"VC","Saint Vincent and the Grenadines",2003,2.564,0,0,0.29,140,180,135,176
"VC","Saint Vincent and the Grenadines",2004,2.753,0,0,0.31,133,180,135,176
"VC","Saint Vincent and the Grenadines",2005,2.766,0,0,0.31,133,180,135,176
"VC","Saint Vincent and the Grenadines",2006,2.782,0,0,0.31,135,181,135,176
"VC","Saint Vincent and the Grenadines",2007,2.977,0,0,0.33,130,181,136,176
"VC","Saint Vincent and the Grenadines",2008,2.81,0,0,0.31,136,181,136,178
"VC","Saint Vincent and the Grenadines",2009,3.368,0,0,0.37,118,181,136,176
"VC","Saint Vincent and the Grenadines",2010,2.927,0,0,0.32,133,181,135,177
"VC","Saint Vincent and the Grenadines",2011,2.851,0,0,0.31,135,181,135,177
"VC","Saint Vincent and the Grenadines",2012,2.96,0,0,0.32,133,181,136,176
"VC","Saint Vincent and the Grenadines",2013,2.885,0,0,0.31,133,182,137,177
"VC","Saint Vincent and the Grenadines",2014,3.273,0,0,0.35,123,182,138,177
"VC","Saint Vincent and the Grenadines",2015,3.099,0,0,0.33,130,181,138,177
"VC","Saint Vincent and the Grenadines",2016,3.208,0,0,0.34,132,181,138,179
"VC","Saint Vincent and the Grenadines",2017,2.936,0,0,0.31,136,181,138,180
"VC","Saint Vincent and the Grenadines",2018,3.134,0,0,0.33,131,181,139,180
"VC","Saint Vincent and the Grenadines",2019,3.049,0,0,0.32,133,181,139,180
"VC","Saint Vincent and the Grenadines",2020,2.867,0,0,0.3,133,181,140,180
"VC","Saint Vincent and the Grenadines",2021,NA,0,0,NA,NA,181,142,NA
"VC","Saint Vincent and the Grenadines",2022,NA,0,0,NA,NA,181,142,NA
"WS","Samoa",1995,2.858,0.002,0,0.5,134,168,126,169
"WS","Samoa",1996,2.942,0.002,0,0.52,133,168,128,169
"WS","Samoa",1997,2.912,0.002,0,0.52,134,168,129,169
"WS","Samoa",1998,2.993,0.002,0,0.54,132,169,129,169
"WS","Samoa",1999,2.963,0.002,0,0.54,132,170,130,171
"WS","Samoa",2000,2.934,0.002,0,0.54,132,170,130,171
"WS","Samoa",2001,3.072,0.002,0,0.57,121,170,133,169
"WS","Samoa",2002,3.108,0.002,0,0.58,123,170,135,169
"WS","Samoa",2003,3.094,0.002,0,0.58,123,170,135,169
"WS","Samoa",2004,3.137,0.002,0,0.59,121,170,135,169
"WS","Samoa",2005,3.128,0.002,0,0.59,122,170,135,170
"WS","Samoa",2006,3.115,0.002,0,0.59,123,170,135,171
"WS","Samoa",2007,3.15,0.002,0,0.6,125,170,136,171
"WS","Samoa",2008,3.024,0.002,0,0.58,127,170,136,172
"WS","Samoa",2009,3.054,0.002,0,0.59,127,170,136,173
"WS","Samoa",2010,3.236,0.002,0,0.63,124,170,135,172
"WS","Samoa",2011,3.31,0.002,0,0.65,125,170,135,170
"WS","Samoa",2012,3.281,0.002,0,0.65,124,170,136,170
"WS","Samoa",2013,3.251,0.002,0,0.65,125,170,137,170
"WS","Samoa",2014,3.321,0.002,0,0.67,121,170,138,170
"WS","Samoa",2015,3.487,0.002,0,0.71,119,170,138,168
"WS","Samoa",2016,3.405,0.002,0,0.7,124,170,138,171
"WS","Samoa",2017,3.371,0.002,0,0.7,123,170,138,172
"WS","Samoa",2018,3.386,0.002,0,0.71,125,170,139,173
"WS","Samoa",2019,3.256,0.002,0,0.69,125,170,139,174
"WS","Samoa",2020,3.024,0.002,0,0.65,130,170,140,174
"WS","Samoa",2021,NA,0.002,0,NA,NA,170,142,NA
"WS","Samoa",2022,NA,0.002,0,NA,NA,170,142,NA
"SM","San Marino",1995,NA,NA,NA,NA,NA,NA,NA,NA
"SM","San Marino",1996,NA,NA,NA,NA,NA,NA,NA,NA
"SM","San Marino",1997,NA,NA,NA,NA,NA,NA,NA,NA
"SM","San Marino",1998,NA,NA,NA,NA,NA,NA,NA,NA
"SM","San Marino",1999,NA,NA,NA,NA,NA,NA,NA,NA
"SM","San Marino",2000,NA,NA,NA,NA,NA,NA,NA,NA
"SM","San Marino",2001,NA,NA,NA,NA,NA,NA,NA,NA
"SM","San Marino",2002,NA,NA,NA,NA,NA,NA,NA,NA
"SM","San Marino",2003,NA,NA,NA,NA,NA,NA,NA,NA
"SM","San Marino",2004,NA,NA,NA,NA,NA,NA,NA,NA
"SM","San Marino",2005,NA,NA,NA,NA,NA,NA,NA,NA
"SM","San Marino",2006,NA,NA,NA,NA,NA,NA,NA,NA
"SM","San Marino",2007,NA,NA,NA,NA,NA,NA,NA,NA
"SM","San Marino",2008,NA,NA,NA,NA,NA,NA,NA,NA
"SM","San Marino",2009,NA,NA,NA,NA,NA,NA,NA,NA
"SM","San Marino",2010,NA,NA,NA,NA,NA,NA,NA,NA
"SM","San Marino",2011,NA,NA,NA,NA,NA,NA,NA,NA
"SM","San Marino",2012,NA,NA,NA,NA,NA,NA,NA,NA
"SM","San Marino",2013,NA,NA,NA,NA,NA,NA,NA,NA
"SM","San Marino",2014,NA,NA,NA,NA,NA,NA,NA,NA
"SM","San Marino",2015,NA,NA,NA,NA,NA,NA,NA,NA
"SM","San Marino",2016,NA,NA,NA,NA,NA,NA,NA,NA
"SM","San Marino",2017,NA,NA,NA,NA,NA,NA,NA,NA
"SM","San Marino",2018,NA,NA,NA,NA,NA,NA,NA,NA
"SM","San Marino",2019,NA,NA,NA,NA,NA,NA,NA,NA
"SM","San Marino",2020,NA,NA,NA,NA,NA,NA,NA,NA
"SM","San Marino",2021,NA,NA,NA,NA,NA,NA,NA,NA
"SM","San Marino",2022,NA,NA,NA,NA,NA,NA,NA,NA
"ST","Sao Tome and Principe",1995,0.526,0,0,0.07,184,179,126,183
"ST","Sao Tome and Principe",1996,0.517,0,0,0.07,184,179,128,183
"ST","Sao Tome and Principe",1997,0.508,0,0,0.07,185,180,129,183
"ST","Sao Tome and Principe",1998,0.572,0,0,0.08,185,180,129,183
"ST","Sao Tome and Principe",1999,0.564,0,0,0.08,185,180,130,183
"ST","Sao Tome and Principe",2000,0.557,0,0,0.08,184,180,130,183
"ST","Sao Tome and Principe",2001,0.547,0,0,0.08,185,180,133,184
"ST","Sao Tome and Principe",2002,0.601,0,0,0.09,185,180,135,184
"ST","Sao Tome and Principe",2003,0.65,0,0,0.1,185,180,135,184
"ST","Sao Tome and Principe",2004,0.634,0,0,0.1,185,180,135,184
"ST","Sao Tome and Principe",2005,0.68,0,0,0.11,183,180,135,183
"ST","Sao Tome and Principe",2006,0.664,0,0,0.11,184,181,135,184
"ST","Sao Tome and Principe",2007,0.648,0,0,0.11,184,181,136,183
"ST","Sao Tome and Principe",2008,0.69,0,0,0.12,183,181,136,184
"ST","Sao Tome and Principe",2009,0.73,0,0,0.13,182,181,136,183
"ST","Sao Tome and Principe",2010,0.769,0,0,0.14,182,181,135,183
"ST","Sao Tome and Principe",2011,1.827,0,0,0.34,158,181,135,175
"ST","Sao Tome and Principe",2012,1.895,0,0,0.36,156,181,136,175
"ST","Sao Tome and Principe",2013,1.91,0,0,0.37,154,182,137,175
"ST","Sao Tome and Principe",2014,1.873,0,0,0.37,157,182,138,175
"ST","Sao Tome and Principe",2015,1.839,0,0,0.37,157,181,138,176
"ST","Sao Tome and Principe",2016,1.857,0,0,0.38,161,181,138,178
"ST","Sao Tome and Principe",2017,1.826,0,0,0.38,164,181,138,178
"ST","Sao Tome and Principe",2018,1.845,0,0,0.39,162,181,139,178
"ST","Sao Tome and Principe",2019,1.817,0,0,0.39,164,181,139,178
"ST","Sao Tome and Principe",2020,1.829,0,0,0.4,161,181,140,177
"ST","Sao Tome and Principe",2021,NA,0,0,NA,NA,181,142,NA
"ST","Sao Tome and Principe",2022,NA,0,0,NA,NA,181,142,NA
"SA","Saudi Arabia",1995,15.152,0.425,0.004,286.2,21,38,38,24
"SA","Saudi Arabia",1996,15.54,0.434,0.005,301.64,21,37,33,24
"SA","Saudi Arabia",1997,15.438,0.44,0.005,307.8,21,37,33,24
"SA","Saudi Arabia",1998,15.825,0.447,0.005,323.98,19,36,34,23
"SA","Saudi Arabia",1999,15.625,0.452,0.005,328.28,20,36,34,23
"SA","Saudi Arabia",2000,15.998,0.46,0.005,344.72,19,36,35,21
"SA","Saudi Arabia",2001,15.782,0.467,0.005,348.57,21,36,35,23
"SA","Saudi Arabia",2002,16.198,0.478,0.006,366.46,19,35,31,21
"SA","Saudi Arabia",2003,16.739,0.491,0.006,387.52,21,34,31,21
"SA","Saudi Arabia",2004,17.111,0.506,0.006,404.87,20,33,33,21
"SA","Saudi Arabia",2005,17.425,0.523,0.006,425.13,20,33,33,20
"SA","Saudi Arabia",2006,17.636,0.538,0.007,447.64,20,32,29,19
"SA","Saudi Arabia",2007,17.711,0.552,0.007,467.56,21,31,31,18
"SA","Saudi Arabia",2008,18.49,0.567,0.007,507.31,18,31,31,16
"SA","Saudi Arabia",2009,18.253,0.582,0.008,519.92,17,31,28,15
"SA","Saudi Arabia",2010,19.205,0.598,0.008,564.85,17,31,28,15
"SA","Saudi Arabia",2011,19.782,0.611,0.008,596.45,17,30,29,15
"SA","Saudi Arabia",2012,20.537,0.627,0.009,632.99,17,28,25,14
"SA","Saudi Arabia",2013,20.618,0.641,0.009,649.1,15,28,27,13
"SA","Saudi Arabia",2014,21.562,0.657,0.009,692.68,15,27,27,11
"SA","Saudi Arabia",2015,22.174,0.676,0.01,726.21,12,27,24,11
"SA","Saudi Arabia",2016,21.975,0.695,0.01,734.31,13,26,24,11
"SA","Saudi Arabia",2017,21.293,0.712,0.011,728.09,14,24,24,11
"SA","Saudi Arabia",2018,20.443,0.729,0.011,715.86,15,24,24,11
"SA","Saudi Arabia",2019,20.115,0.746,0.012,720.67,15,24,24,11
"SA","Saudi Arabia",2020,19.796,0.76,0.012,712.59,14,24,24,10
"SA","Saudi Arabia",2021,NA,0.773,0.012,NA,NA,24,24,NA
"SA","Saudi Arabia",2022,NA,0.788,0.013,NA,NA,24,24,NA
"SN","Senegal",1995,2.243,0.055,0.001,19.36,147,120,84,115
"SN","Senegal",1996,2.367,0.055,0.001,20.93,144,120,84,111
"SN","Senegal",1997,2.365,0.055,0.001,21.41,145,120,85,110
"SN","Senegal",1998,2.442,0.055,0.001,22.62,145,121,87,110
"SN","Senegal",1999,2.617,0.056,0.001,24.81,140,121,87,107
"SN","Senegal",2000,2.554,0.056,0.001,24.78,141,121,88,107
"SN","Senegal",2001,2.406,0.056,0.001,23.91,143,122,88,106
"SN","Senegal",2002,2.295,0.056,0.001,23.37,147,123,88,108
"SN","Senegal",2003,2.174,0.056,0.001,22.68,150,123,88,112
"SN","Senegal",2004,2.32,0.056,0.001,24.82,150,123,90,109
"SN","Senegal",2005,2.329,0.056,0.001,25.56,151,124,92,109
"SN","Senegal",2006,2.306,0.056,0.001,25.97,151,124,92,110
"SN","Senegal",2007,2.26,0.056,0.001,26.13,154,125,94,113
"SN","Senegal",2008,2.279,0.057,0.001,27.06,153,125,94,111
"SN","Senegal",2009,2.257,0.057,0.001,27.53,152,125,94,109
"SN","Senegal",2010,2.279,0.058,0.001,28.56,149,123,96,109
"SN","Senegal",2011,2.145,0.058,0.001,27.62,150,123,96,110
"SN","Senegal",2012,2.056,0.058,0.001,27.21,153,124,97,111
"SN","Senegal",2013,2.087,0.058,0.001,28.38,151,123,97,109
"SN","Senegal",2014,2.077,0.058,0.001,29.01,149,123,97,110
"SN","Senegal",2015,2.072,0.058,0.001,29.75,148,123,98,110
"SN","Senegal",2016,2.164,0.058,0.001,31.92,151,123,98,111
"SN","Senegal",2017,2.116,0.058,0.001,32.08,152,123,100,111
"SN","Senegal",2018,2.082,0.058,0.001,32.42,154,123,101,112
"SN","Senegal",2019,2.216,0.058,0.001,35.46,149,123,102,106
"SN","Senegal",2020,2.112,0.058,0.001,34.71,150,122,103,106
"SN","Senegal",2021,NA,0.058,0.001,NA,NA,122,104,NA
"SN","Senegal",2022,NA,0.058,0.001,NA,NA,122,104,NA
"RS","Serbia",1995,7.62,0.156,0.002,60.83,67,77,60,67
"RS","Serbia",1996,8.563,0.155,0.002,68.45,57,78,60,64
"RS","Serbia",1997,9.177,0.154,0.002,73.39,58,78,60,61
"RS","Serbia",1998,9.16,0.153,0.002,73.15,54,79,61,64
"RS","Serbia",1999,6.995,0.152,0.002,55.68,76,80,61,70
"RS","Serbia",2000,7.273,0.151,0.002,57.71,70,81,62,70
"RS","Serbia",2001,3.456,0.15,0.002,27.36,117,82,62,101
"RS","Serbia",2002,3.889,0.149,0.002,30.74,109,82,62,98
"RS","Serbia",2003,4.284,0.148,0.002,33.79,108,82,63,97
"RS","Serbia",2004,4.975,0.147,0.002,39.12,96,83,65,89
"RS","Serbia",2005,4.012,0.145,0.002,31.42,113,83,65,99
"RS","Serbia",2006,4.314,0.144,0.002,33.63,107,83,66,99
"RS","Serbia",2007,4.198,0.143,0.002,32.57,111,83,67,100
"RS","Serbia",2008,3.927,0.141,0.002,30.33,112,84,69,102
"RS","Serbia",2009,3.625,0.14,0.002,27.87,113,84,70,107
"RS","Serbia",2010,3.58,0.138,0.002,27.4,114,85,71,111
"RS","Serbia",2011,8.461,0.137,0.002,64.48,56,85,73,73
"RS","Serbia",2012,7.855,0.136,0.002,59.63,56,85,74,74
"RS","Serbia",2013,7.976,0.134,0.002,60.35,58,86,74,72
"RS","Serbia",2014,6.941,0.133,0.002,52.36,59,86,76,78
"RS","Serbia",2015,7.804,0.132,0.002,58.68,57,87,76,75
"RS","Serbia",2016,8.393,0.131,0.002,62.89,55,88,77,76
"RS","Serbia",2017,8.476,0.13,0.002,63.27,54,88,78,77
"RS","Serbia",2018,8.282,0.129,0.002,61.57,56,87,79,78
"RS","Serbia",2019,8.388,0.128,0.002,62.08,55,87,80,76
"RS","Serbia",2020,8.536,0.127,0.002,62.81,50,87,80,75
"RS","Serbia",2021,NA,0.126,0.002,NA,NA,88,81,NA
"RS","Serbia",2022,NA,0.125,0.002,NA,NA,89,81,NA
"SC","Seychelles",1995,3.746,0,0,0.28,117,179,126,174
"SC","Seychelles",1996,4.102,0,0,0.31,113,179,128,174
"SC","Seychelles",1997,4.703,0,0,0.36,105,180,129,173
"SC","Seychelles",1998,4.892,0,0,0.38,103,180,129,173
"SC","Seychelles",1999,5.073,0,0,0.4,100,180,130,173
"SC","Seychelles",2000,4.746,0,0,0.38,103,180,130,173
"SC","Seychelles",2001,5.044,0,0,0.41,94,180,133,173
"SC","Seychelles",2002,5.337,0,0,0.44,91,180,135,173
"SC","Seychelles",2003,5.262,0,0,0.44,92,180,135,174
"SC","Seychelles",2004,5.665,0,0,0.48,89,180,135,174
"SC","Seychelles",2005,5.587,0,0,0.48,91,180,135,174
"SC","Seychelles",2006,5.625,0,0,0.49,92,181,135,174
"SC","Seychelles",2007,5.773,0,0,0.51,89,181,136,174
"SC","Seychelles",2008,5.8,0,0,0.52,86,181,136,174
"SC","Seychelles",2009,6.151,0,0,0.56,80,181,136,174
"SC","Seychelles",2010,6.059,0,0,0.56,83,181,135,174
"SC","Seychelles",2011,5.648,0,0,0.53,93,181,135,173
"SC","Seychelles",2012,5.77,0,0,0.55,89,181,136,173
"SC","Seychelles",2013,5.583,0.001,0,0.54,93,172,137,173
"SC","Seychelles",2014,6.019,0.001,0,0.59,76,172,138,172
"SC","Seychelles",2015,6.448,0.001,0,0.64,68,172,138,171
"SC","Seychelles",2016,7.063,0.001,0,0.71,67,172,138,170
"SC","Seychelles",2017,7.071,0.001,0,0.72,68,172,138,170
"SC","Seychelles",2018,7.37,0.001,0,0.76,65,172,139,170
"SC","Seychelles",2019,7.281,0.001,0,0.76,66,172,139,170
"SC","Seychelles",2020,7.295,0.001,0,0.77,61,172,140,170
"SC","Seychelles",2021,NA,0.001,0,NA,NA,172,142,NA
"SC","Seychelles",2022,NA,0.001,0,NA,NA,172,142,NA
"SL","Sierra Leone",1995,1.471,0.053,0.001,6.36,163,121,84,147
"SL","Sierra Leone",1996,1.41,0.053,0.001,6.13,166,121,84,148
"SL","Sierra Leone",1997,1.38,0.052,0.001,6.08,167,124,85,149
"SL","Sierra Leone",1998,1.389,0.052,0.001,6.18,169,124,87,149
"SL","Sierra Leone",1999,1.318,0.051,0.001,5.9,170,125,87,148
"SL","Sierra Leone",2000,1.3,0.051,0.001,5.96,170,125,88,150
"SL","Sierra Leone",2001,1.266,0.052,0.001,6.15,171,124,88,147
"SL","Sierra Leone",2002,1.265,0.053,0.001,6.5,171,124,88,144
"SL","Sierra Leone",2003,1.319,0.054,0.001,7.06,170,124,88,144
"SL","Sierra Leone",2004,1.339,0.055,0.001,7.41,170,124,90,144
"SL","Sierra Leone",2005,1.323,0.057,0.001,7.52,170,123,92,144
"SL","Sierra Leone",2006,1.466,0.058,0.001,8.52,169,123,92,141
"SL","Sierra Leone",2007,1.318,0.058,0.001,7.83,169,124,94,146
"SL","Sierra Leone",2008,1.243,0.058,0.001,7.57,172,124,94,146
"SL","Sierra Leone",2009,1.26,0.058,0.001,7.89,171,124,94,142
"SL","Sierra Leone",2010,1.227,0.058,0.001,7.9,173,123,96,143
"SL","Sierra Leone",2011,1.273,0.058,0.001,8.42,172,123,96,145
"SL","Sierra Leone",2012,1.357,0.059,0.001,9.21,172,123,97,142
"SL","Sierra Leone",2013,1.335,0.058,0.001,9.3,171,123,97,142
"SL","Sierra Leone",2014,1.363,0.058,0.001,9.73,171,123,97,141
"SL","Sierra Leone",2015,1.334,0.058,0.001,9.76,170,123,98,140
"SL","Sierra Leone",2016,1.306,0.058,0.001,9.79,174,123,98,141
"SL","Sierra Leone",2017,1.265,0.058,0.001,9.71,174,123,100,143
"SL","Sierra Leone",2018,1.295,0.058,0.001,10.18,173,123,101,141
"SL","Sierra Leone",2019,1.148,0.058,0.001,9.24,177,123,102,146
"SL","Sierra Leone",2020,1.131,0.058,0.001,9.31,177,122,103,144
"SL","Sierra Leone",2021,NA,0.057,0.001,NA,NA,126,104,NA
"SL","Sierra Leone",2022,NA,0.057,0.001,NA,NA,125,104,NA
"SG","Singapore",1995,13.519,0.052,0.001,47.91,30,124,84,77
"SG","Singapore",1996,13.5,0.053,0.001,49.3,29,121,84,77
"SG","Singapore",1997,13.136,0.055,0.001,49.4,32,120,85,78
"SG","Singapore",1998,12.606,0.057,0.001,48.74,34,120,87,78
"SG","Singapore",1999,12.593,0.059,0.001,49.95,33,120,87,77
"SG","Singapore",2000,13.521,0.06,0.001,54.81,26,119,88,71
"SG","Singapore",2001,13.28,0.062,0.001,54.73,31,119,88,74
"SG","Singapore",2002,12.924,0.063,0.001,53.98,33,118,88,75
"SG","Singapore",2003,12.027,0.064,0.001,50.83,36,118,88,77
"SG","Singapore",2004,12.245,0.066,0.001,52.29,36,118,90,78
"SG","Singapore",2005,11.409,0.066,0.001,49.57,39,118,92,81
"SG","Singapore",2006,11.144,0.067,0.001,50,42,117,92,82
"SG","Singapore",2007,10.997,0.068,0.001,51.28,44,116,94,81
"SG","Singapore",2008,10.661,0.069,0.001,51.58,45,116,94,83
"SG","Singapore",2009,10.406,0.07,0.001,52.14,44,116,94,78
"SG","Singapore",2010,10.826,0.07,0.001,55.9,44,116,96,81
"SG","Singapore",2011,11.16,0.071,0.001,58.94,39,115,96,78
"SG","Singapore",2012,10.879,0.072,0.001,58.54,39,115,97,76
"SG","Singapore",2013,10.851,0.073,0.001,59.44,38,115,97,73
"SG","Singapore",2014,10.881,0.074,0.001,60.61,37,113,97,72
"SG","Singapore",2015,11.032,0.075,0.001,62.33,34,111,98,72
"SG","Singapore",2016,10.975,0.075,0.001,62.69,39,111,98,77
"SG","Singapore",2017,11.41,0.076,0.001,65.77,35,111,100,75
"SG","Singapore",2018,11.069,0.077,0.001,64.36,36,111,101,76
"SG","Singapore",2019,11.087,0.077,0.001,65.04,35,111,102,74
"SG","Singapore",2020,10.88,0.078,0.001,64.3,35,110,103,73
"SG","Singapore",2021,NA,0.079,0.001,NA,NA,110,104,NA
"SG","Singapore",2022,NA,0.08,0.001,NA,NA,110,104,NA
"SK","Slovakia",1995,7.839,0.169,0.002,41.94,63,74,60,80
"SK","Slovakia",1996,7.829,0.168,0.002,41.95,66,74,60,81
"SK","Slovakia",1997,7.792,0.167,0.002,41.81,69,74,60,82
"SK","Slovakia",1998,7.57,0.166,0.002,40.66,68,75,61,86
"SK","Slovakia",1999,7.295,0.164,0.002,39.21,72,75,61,87
"SK","Slovakia",2000,6.805,0.163,0.002,36.59,78,75,62,89
"SK","Slovakia",2001,7.111,0.162,0.002,38.23,71,76,62,87
"SK","Slovakia",2002,7.029,0.161,0.002,37.78,70,78,62,88
"SK","Slovakia",2003,7.078,0.159,0.002,38.04,72,79,63,90
"SK","Slovakia",2004,6.949,0.158,0.002,37.35,73,79,65,93
"SK","Slovakia",2005,7.1,0.156,0.002,38.17,72,80,65,90
"SK","Slovakia",2006,7.018,0.155,0.002,37.74,72,81,66,91
"SK","Slovakia",2007,6.838,0.153,0.002,36.78,70,81,67,96
"SK","Slovakia",2008,6.84,0.152,0.002,36.81,70,81,69,95
"SK","Slovakia",2009,6.155,0.15,0.002,33.17,79,81,70,98
"SK","Slovakia",2010,6.43,0.149,0.002,34.7,76,81,71,98
"SK","Slovakia",2011,6.291,0.147,0.002,33.99,80,83,73,96
"SK","Slovakia",2012,5.847,0.146,0.002,31.63,87,83,74,102
"SK","Slovakia",2013,5.963,0.144,0.002,32.29,81,83,74,101
"SK","Slovakia",2014,5.471,0.143,0.002,29.65,94,83,76,108
"SK","Slovakia",2015,5.545,0.142,0.002,30.08,90,82,76,107
"SK","Slovakia",2016,6.899,0.14,0.002,37.47,69,82,77,103
"SK","Slovakia",2017,7.243,0.139,0.002,39.4,64,83,78,96
"SK","Slovakia",2018,7.133,0.138,0.002,38.85,67,83,79,98
"SK","Slovakia",2019,6.786,0.137,0.002,37.01,70,83,80,104
"SK","Slovakia",2020,6.405,0.135,0.002,34.95,70,83,80,105
"SK","Slovakia",2021,NA,0.134,0.002,NA,NA,84,81,NA
"SK","Slovakia",2022,NA,0.133,0.002,NA,NA,84,81,NA
"SI","Slovenia",1995,4.138,0.046,0,8.24,112,129,126,137
"SI","Slovenia",1996,4.541,0.046,0,9.04,107,128,128,136
"SI","Slovenia",1997,4.779,0.046,0.001,9.51,103,127,85,136
"SI","Slovenia",1998,4.652,0.046,0.001,9.25,105,127,87,138
"SI","Slovenia",1999,4.325,0.046,0.001,8.59,109,127,87,136
"SI","Slovenia",2000,4.228,0.046,0.001,8.39,111,127,88,139
"SI","Slovenia",2001,3.632,0.046,0.001,7.2,112,127,88,142
"SI","Slovenia",2002,3.67,0.045,0.001,7.28,113,128,88,143
"SI","Slovenia",2003,3.639,0.045,0.001,7.24,117,129,88,143
"SI","Slovenia",2004,3.726,0.045,0.001,7.44,115,130,90,143
"SI","Slovenia",2005,3.836,0.045,0.001,7.69,115,130,92,143
"SI","Slovenia",2006,3.988,0.045,0.001,8.03,116,130,92,142
"SI","Slovenia",2007,3.954,0.045,0.001,8,114,130,94,144
"SI","Slovenia",2008,4.41,0.045,0.001,8.97,106,130,94,141
"SI","Slovenia",2009,3.422,0.045,0.001,7,117,130,94,147
"SI","Slovenia",2010,3.543,0.044,0.001,7.29,115,131,96,147
"SI","Slovenia",2011,7.809,0.044,0.001,16.13,57,131,96,126
"SI","Slovenia",2012,7.5,0.044,0.001,15.52,58,131,97,127
"SI","Slovenia",2013,7.185,0.044,0.001,14.89,60,131,97,130
"SI","Slovenia",2014,6.453,0.043,0.001,13.39,69,131,97,130
"SI","Slovenia",2015,6.478,0.043,0.001,13.48,67,131,98,130
"SI","Slovenia",2016,8.263,0.043,0.001,17.27,56,131,98,128
"SI","Slovenia",2017,8.316,0.043,0.001,17.45,55,131,100,128
"SI","Slovenia",2018,8.224,0.042,0.001,17.32,58,131,101,128
"SI","Slovenia",2019,7.998,0.042,0.001,16.9,56,131,102,130
"SI","Slovenia",2020,7.39,0.042,0.001,15.65,59,131,103,128
"SI","Slovenia",2021,NA,0.042,0.001,NA,NA,131,104,NA
"SI","Slovenia",2022,NA,0.041,0.001,NA,NA,131,104,NA
"SB","Solomon Islands",1995,11.647,0.003,0,4.37,40,166,126,153
"SB","Solomon Islands",1996,11.371,0.003,0,4.39,40,166,128,152
"SB","Solomon Islands",1997,11.081,0.003,0,4.4,42,166,129,152
"SB","Solomon Islands",1998,10.829,0.003,0,4.42,45,166,129,152
"SB","Solomon Islands",1999,10.567,0.003,0,4.43,45,166,130,152
"SB","Solomon Islands",2000,10.349,0.003,0,4.45,46,166,130,152
"SB","Solomon Islands",2001,5.109,0.003,0,2.25,92,166,133,162
"SB","Solomon Islands",2002,5.036,0.003,0,2.27,95,166,135,163
"SB","Solomon Islands",2003,4.943,0.003,0,2.28,95,167,135,162
"SB","Solomon Islands",2004,4.896,0.003,0,2.31,98,167,135,162
"SB","Solomon Islands",2005,4.829,0.003,0,2.33,99,167,135,161
"SB","Solomon Islands",2006,4.763,0.003,0,2.35,101,167,135,161
"SB","Solomon Islands",2007,4.697,0.003,0,2.37,103,167,136,161
"SB","Solomon Islands",2008,4.632,0.003,0,2.39,104,167,136,161
"SB","Solomon Islands",2009,4.566,0.003,0,2.41,104,167,136,162
"SB","Solomon Islands",2010,4.497,0.003,0,2.43,107,167,135,162
"SB","Solomon Islands",2011,-30.809,0.003,0,-17.06,189,167,135,188
"SB","Solomon Islands",2012,-30.012,0.004,0,-17.04,189,166,136,188
"SB","Solomon Islands",2013,-29.174,0.004,0,-16.99,189,166,137,188
"SB","Solomon Islands",2014,-28.491,0.004,0,-17.02,189,166,138,188
"SB","Solomon Islands",2015,-27.813,0.004,0,-17.04,189,166,138,188
"SB","Solomon Islands",2016,73.57,0.004,0,46.21,1,166,138,90
"SB","Solomon Islands",2017,71.841,0.004,0,46.24,1,166,138,89
"SB","Solomon Islands",2018,70.185,0.004,0,46.27,1,166,139,91
"SB","Solomon Islands",2019,68.593,0.004,0,46.3,1,166,139,90
"SB","Solomon Islands",2020,66.913,0.004,0,46.25,1,166,140,90
"SB","Solomon Islands",2021,NA,0.004,0,NA,NA,166,142,NA
"SB","Solomon Islands",2022,NA,0.004,0,NA,NA,166,142,NA
"SO","Somalia",1995,5.773,0.094,0.001,41.63,93,97,84,81
"SO","Somalia",1996,5.631,0.095,0.001,42.08,93,97,84,80
"SO","Somalia",1997,5.491,0.095,0.001,42.47,94,97,85,81
"SO","Somalia",1998,5.251,0.095,0.001,42.31,101,97,87,83
"SO","Somalia",1999,5.055,0.095,0.001,42.38,101,97,87,84
"SO","Somalia",2000,4.879,0.095,0.001,42.55,101,97,88,83
"SO","Somalia",2001,4.75,0.096,0.001,43.09,99,97,88,84
"SO","Somalia",2002,4.621,0.096,0.001,43.49,101,97,88,85
"SO","Somalia",2003,4.48,0.096,0.001,43.72,104,97,88,85
"SO","Somalia",2004,4.351,0.097,0.001,44.02,110,98,90,85
"SO","Somalia",2005,4.248,0.097,0.001,44.46,110,99,92,85
"SO","Somalia",2006,4.005,0.097,0.001,43.19,115,99,92,87
"SO","Somalia",2007,3.786,0.096,0.001,42.09,116,100,94,88
"SO","Somalia",2008,3.679,0.096,0.001,42.11,116,100,94,89
"SO","Somalia",2009,3.592,0.096,0.001,42.14,115,100,94,89
"SO","Somalia",2010,3.521,0.095,0.001,42.34,116,100,96,89
"SO","Somalia",2011,3.479,0.095,0.001,42.5,118,100,96,88
"SO","Somalia",2012,3.44,0.096,0.001,42.79,120,100,97,89
"SO","Somalia",2013,3.339,0.096,0.001,42.92,121,100,97,89
"SO","Somalia",2014,3.235,0.096,0.001,43.05,125,100,97,89
"SO","Somalia",2015,3.132,0.096,0.001,43.11,129,101,98,89
"SO","Somalia",2016,3.018,0.096,0.001,43.14,135,100,98,93
"SO","Somalia",2017,2.892,0.095,0.001,42.98,138,101,100,93
"SO","Somalia",2018,2.788,0.095,0.001,42.97,137,101,101,93
"SO","Somalia",2019,2.72,0.095,0.001,43.47,140,102,102,94
"SO","Somalia",2020,2.638,0.095,0.002,43.62,138,102,80,92
"SO","Somalia",2021,NA,0.095,0.002,NA,NA,102,81,NA
"SO","Somalia",2022,NA,0.094,0.002,NA,NA,103,81,NA
"ZA","South Africa",1995,8.111,0.943,0.01,356.75,60,20,20,21
"ZA","South Africa",1996,8.242,0.953,0.01,368.08,61,20,20,21
"ZA","South Africa",1997,8.475,0.962,0.011,383.79,61,20,19,20
"ZA","South Africa",1998,8.559,0.971,0.011,392.44,58,20,20,18
"ZA","South Africa",1999,8.026,0.98,0.011,372.12,63,20,20,20
"ZA","South Africa",2000,8.028,0.987,0.011,375.8,63,20,20,19
"ZA","South Africa",2001,8.666,0.994,0.012,409.28,53,20,18,19
"ZA","South Africa",2002,8.907,0.999,0.012,424.51,52,19,18,19
"ZA","South Africa",2003,9.316,1.005,0.012,448.13,52,19,18,17
"ZA","South Africa",2004,9.813,1.011,0.012,476.47,50,18,18,16
"ZA","South Africa",2005,9.727,1.016,0.013,476.78,51,18,18,17
"ZA","South Africa",2006,9.686,1.021,0.013,479.36,51,18,18,17
"ZA","South Africa",2007,10.015,1.026,0.013,500.72,50,18,18,16
"ZA","South Africa",2008,10.556,1.032,0.013,533.78,47,18,18,14
"ZA","South Africa",2009,10.009,1.037,0.014,512.17,48,18,18,16
"ZA","South Africa",2010,10.335,1.04,0.014,535.19,48,18,18,16
"ZA","South Africa",2011,9.901,1.042,0.014,519.26,47,18,18,17
"ZA","South Africa",2012,10.148,1.044,0.015,539.32,43,18,18,18
"ZA","South Africa",2013,10.196,1.045,0.015,549.29,44,18,18,18
"ZA","South Africa",2014,10.261,1.047,0.015,561.56,40,18,18,16
"ZA","South Africa",2015,9.611,1.047,0.015,537.03,45,18,18,16
"ZA","South Africa",2016,9.53,1.048,0.016,537.69,49,18,17,16
"ZA","South Africa",2017,9.732,1.048,0.016,551.25,46,18,17,16
"ZA","South Africa",2018,9.684,1.046,0.016,555.29,44,18,18,16
"ZA","South Africa",2019,9.68,1.046,0.016,562.29,42,18,18,16
"ZA","South Africa",2020,8.646,1.045,0.017,508.38,47,18,18,16
"ZA","South Africa",2021,NA,1.043,0.017,NA,NA,18,18,NA
"ZA","South Africa",2022,NA,1.04,0.017,NA,NA,18,18,NA
"SS","South Sudan",1995,8.819,0.156,0.002,46.76,56,77,60,78
"SS","South Sudan",1996,9.419,0.157,0.002,51.19,54,77,60,74
"SS","South Sudan",1997,10.116,0.158,0.002,56.54,49,77,60,69
"SS","South Sudan",1998,10.91,0.159,0.002,62.18,43,77,61,68
"SS","South Sudan",1999,11.227,0.16,0.002,65.68,43,77,61,66
"SS","South Sudan",2000,11.053,0.161,0.002,67.58,43,77,62,67
"SS","South Sudan",2001,9.702,0.161,0.002,62.04,47,77,62,68
"SS","South Sudan",2002,9.855,0.162,0.002,65.89,47,77,62,68
"SS","South Sudan",2003,9.851,0.162,0.002,68.88,49,76,63,68
"SS","South Sudan",2004,9.752,0.163,0.002,71.36,51,77,65,68
"SS","South Sudan",2005,9.751,0.164,0.002,74.72,50,77,65,66
"SS","South Sudan",2006,9.164,0.164,0.002,73.58,52,77,66,67
"SS","South Sudan",2007,9.223,0.165,0.002,77.64,54,77,67,64
"SS","South Sudan",2008,8.916,0.166,0.002,78.67,55,76,69,64
"SS","South Sudan",2009,8.743,0.167,0.002,80.69,52,76,70,61
"SS","South Sudan",2010,8.229,0.167,0.002,79.94,58,76,71,62
"SS","South Sudan",2011,7.45,0.167,0.002,76.31,61,76,73,63
"SS","South Sudan",2012,5.699,0.167,0.002,60.99,92,76,74,73
"SS","South Sudan",2013,5.506,0.166,0.002,61.15,94,77,74,71
"SS","South Sudan",2014,5.564,0.166,0.002,62.39,92,77,76,71
"SS","South Sudan",2015,5.61,0.165,0.002,62.8,88,78,76,71
"SS","South Sudan",2016,6.014,0.165,0.002,66.55,81,78,77,73
"SS","South Sudan",2017,6.013,0.164,0.002,64.09,81,78,78,76
"SS","South Sudan",2018,6.655,0.163,0.003,69.18,74,78,58,72
"SS","South Sudan",2019,5.883,0.162,0.003,61.46,84,78,59,78
"SS","South Sudan",2020,6.657,0.161,0.003,70.61,69,78,62,70
"SS","South Sudan",2021,NA,0.161,0.003,NA,NA,77,62,NA
"SS","South Sudan",2022,NA,0.16,0.003,NA,NA,78,63,NA
"ES","Spain",1995,6.548,0.549,0.006,260.7,82,28,27,25
"ES","Spain",1996,6.353,0.554,0.006,254.09,87,27,27,26
"ES","Spain",1997,6.858,0.558,0.006,275.54,78,27,27,26
"ES","Spain",1998,7.061,0.563,0.006,284.99,76,27,27,25
"ES","Spain",1999,7.636,0.569,0.006,309.58,67,27,27,24
"ES","Spain",2000,8.024,0.575,0.007,326.9,64,27,27,24
"ES","Spain",2001,8.509,0.581,0.007,348.6,55,27,27,22
"ES","Spain",2002,8.807,0.587,0.007,365.3,53,27,27,22
"ES","Spain",2003,8.863,0.593,0.007,374.3,54,27,27,23
"ES","Spain",2004,9.088,0.599,0.007,390.41,54,27,27,22
"ES","Spain",2005,9.272,0.605,0.008,405.06,54,28,25,22
"ES","Spain",2006,8.983,0.61,0.008,399.06,55,28,26,22
"ES","Spain",2007,9.18,0.615,0.008,415.34,55,28,26,22
"ES","Spain",2008,8.311,0.618,0.008,382.03,60,28,27,22
"ES","Spain",2009,7.461,0.62,0.008,345.93,61,28,28,22
"ES","Spain",2010,7.107,0.621,0.008,331,64,28,28,23
"ES","Spain",2011,7.318,0.622,0.009,341.95,62,28,25,24
"ES","Spain",2012,7.176,0.622,0.009,335.52,61,29,25,26
"ES","Spain",2013,6.633,0.621,0.009,309.12,65,31,27,29
"ES","Spain",2014,6.625,0.619,0.009,307.85,65,32,27,28
"ES","Spain",2015,6.857,0.619,0.009,318.39,61,32,29,27
"ES","Spain",2016,6.516,0.618,0.009,302.82,74,33,32,30
"ES","Spain",2017,6.857,0.617,0.009,319.43,71,33,33,30
"ES","Spain",2018,6.687,0.616,0.009,312.92,73,33,33,30
"ES","Spain",2019,6.269,0.614,0.01,295.49,79,34,28,30
"ES","Spain",2020,5.414,0.612,0.01,256.41,87,34,29,33
"ES","Spain",2021,NA,0.609,0.01,NA,NA,34,31,NA
"ES","Spain",2022,NA,0.607,0.01,NA,NA,34,32,NA
"LK","Sri Lanka",1995,1.706,0.113,0.001,31.02,157,93,84,90
"LK","Sri Lanka",1996,1.689,0.112,0.001,30.95,157,93,84,92
"LK","Sri Lanka",1997,1.57,0.112,0.001,28.97,162,94,85,98
"LK","Sri Lanka",1998,1.427,0.111,0.001,26.48,167,94,87,103
"LK","Sri Lanka",1999,1.387,0.11,0.001,25.9,169,94,87,103
"LK","Sri Lanka",2000,1.339,0.109,0.001,25.14,168,94,88,104
"LK","Sri Lanka",2001,1.203,0.108,0.001,22.76,172,94,88,108
"LK","Sri Lanka",2002,1.236,0.107,0.001,23.62,172,95,88,107
"LK","Sri Lanka",2003,1.284,0.107,0.001,24.79,172,95,88,106
"LK","Sri Lanka",2004,1.279,0.106,0.001,24.92,171,96,90,108
"LK","Sri Lanka",2005,1.365,0.105,0.001,26.86,169,97,92,105
"LK","Sri Lanka",2006,1.274,0.105,0.001,25.31,170,97,92,112
"LK","Sri Lanka",2007,1.307,0.104,0.001,26.24,170,98,94,112
"LK","Sri Lanka",2008,1.306,0.104,0.001,26.5,170,98,94,113
"LK","Sri Lanka",2009,1.252,0.104,0.001,25.65,172,98,94,115
"LK","Sri Lanka",2010,1.303,0.103,0.001,26.93,171,99,96,113
"LK","Sri Lanka",2011,1.327,0.103,0.001,27.69,170,99,96,109
"LK","Sri Lanka",2012,1.407,0.103,0.001,29.57,168,98,97,109
"LK","Sri Lanka",2013,1.263,0.102,0.001,26.68,173,98,97,112
"LK","Sri Lanka",2014,1.381,0.101,0.001,29.33,169,98,97,109
"LK","Sri Lanka",2015,1.49,0.101,0.001,31.8,165,98,98,105
"LK","Sri Lanka",2016,1.706,0.1,0.001,36.55,165,98,98,104
"LK","Sri Lanka",2017,1.658,0.1,0.002,35.65,165,98,78,106
"LK","Sri Lanka",2018,1.626,0.099,0.002,35.09,168,99,79,107
"LK","Sri Lanka",2019,1.721,0.099,0.002,37.26,166,99,80,103
"LK","Sri Lanka",2020,1.699,0.099,0.002,36.9,167,100,80,101
"LK","Sri Lanka",2021,NA,0.098,0.002,NA,NA,100,81,NA
"LK","Sri Lanka",2022,NA,0.098,0.002,NA,NA,100,81,NA
"SD","Sudan",1995,3.543,0.205,0.002,82.52,122,65,60,55
"SD","Sudan",1996,3.655,0.209,0.002,87.22,120,65,60,55
"SD","Sudan",1997,3.881,0.212,0.002,94.9,117,63,60,51
"SD","Sudan",1998,4.062,0.216,0.002,101.68,115,62,61,48
"SD","Sudan",1999,4.129,0.219,0.002,105.85,112,61,61,47
"SD","Sudan",2000,4.043,0.223,0.003,106.32,114,59,51,48
"SD","Sudan",2001,3.536,0.227,0.003,95.28,115,58,52,53
"SD","Sudan",2002,3.642,0.231,0.003,100.42,115,58,52,52
"SD","Sudan",2003,3.652,0.235,0.003,102.94,116,58,52,52
"SD","Sudan",2004,3.674,0.24,0.003,105.93,117,57,52,53
"SD","Sudan",2005,3.754,0.244,0.003,110.89,117,57,53,52
"SD","Sudan",2006,3.626,0.248,0.003,109.98,118,56,53,52
"SD","Sudan",2007,3.703,0.251,0.003,115.5,117,56,54,52
"SD","Sudan",2008,3.61,0.256,0.003,115.75,117,56,54,52
"SD","Sudan",2009,3.565,0.26,0.003,117.45,116,55,55,49
"SD","Sudan",2010,3.42,0.263,0.004,115.38,118,55,47,51
"SD","Sudan",2011,3.429,0.268,0.004,118.04,120,52,48,48
"SD","Sudan",2012,3.396,0.272,0.004,119.42,121,52,49,48
"SD","Sudan",2013,3.341,0.274,0.004,120.26,119,52,49,49
"SD","Sudan",2014,3.277,0.276,0.004,121.25,122,52,50,49
"SD","Sudan",2015,3.265,0.278,0.004,124.64,124,52,50,48
"SD","Sudan",2016,3.232,0.28,0.004,127.25,131,51,50,49
"SD","Sudan",2017,3.12,0.281,0.004,126.93,134,51,50,48
"SD","Sudan",2018,3.045,0.282,0.004,127.87,134,51,51,47
"SD","Sudan",2019,2.965,0.282,0.004,128.19,134,51,51,49
"SD","Sudan",2020,2.883,0.283,0.004,128.14,131,51,51,49
"SD","Sudan",2021,NA,0.283,0.005,NA,NA,51,47,NA
"SD","Sudan",2022,NA,0.283,0.005,NA,NA,51,47,NA
"SR","Suriname",1995,14.983,0.01,0,6.51,23,157,126,145
"SR","Suriname",1996,14.915,0.01,0,6.62,23,157,128,145
"SR","Suriname",1997,14.573,0.01,0,6.6,24,157,129,145
"SR","Suriname",1998,14.423,0.01,0,6.66,25,158,129,147
"SR","Suriname",1999,14.22,0.01,0,6.69,25,158,130,147
"SR","Suriname",2000,12.526,0.01,0,6,33,158,130,149
"SR","Suriname",2001,13.131,0.01,0,6.4,34,158,133,144
"SR","Suriname",2002,11.782,0.01,0,5.84,38,158,135,148
"SR","Suriname",2003,12.029,0.01,0,6.06,35,158,135,148
"SR","Suriname",2004,12.515,0.01,0,6.39,34,158,135,147
"SR","Suriname",2005,12.804,0.01,0,6.61,32,158,135,148
"SR","Suriname",2006,12.528,0.01,0,6.54,34,159,135,147
"SR","Suriname",2007,12.217,0.01,0,6.45,35,158,136,149
"SR","Suriname",2008,12.417,0.01,0,6.63,31,158,136,149
"SR","Suriname",2009,12.5,0.01,0,6.75,29,158,136,150
"SR","Suriname",2010,13.002,0.01,0,7.1,28,159,135,149
"SR","Suriname",2011,21.081,0.01,0,11.64,16,159,135,137
"SR","Suriname",2012,21.698,0.01,0,12.11,14,158,136,135
"SR","Suriname",2013,21.225,0.01,0,11.97,14,158,137,134
"SR","Suriname",2014,21.714,0.01,0,12.37,14,158,138,132
"SR","Suriname",2015,21.652,0.01,0,12.46,14,157,138,133
"SR","Suriname",2016,23.836,0.01,0,13.86,8,157,138,132
"SR","Suriname",2017,22.721,0.01,0,13.35,12,157,138,133
"SR","Suriname",2018,21.896,0.01,0,13,12,158,139,135
"SR","Suriname",2019,22.622,0.01,0,13.58,9,158,139,136
"SR","Suriname",2020,22.304,0.01,0,13.54,11,158,140,132
"SR","Suriname",2021,NA,0.01,0,NA,NA,158,142,NA
"SR","Suriname",2022,NA,0.01,0,NA,NA,158,142,NA
"SJ","Svalbard and Jan Mayen",NA,NA,NA,NA,NA,NA,NA,NA,NA
"SZ","Eswatini",1995,3.157,0.012,0,3.01,129,152,126,159
"SZ","Eswatini",1996,2.876,0.012,0,2.8,134,153,128,161
"SZ","Eswatini",1997,2.806,0.012,0,2.78,136,153,129,160
"SZ","Eswatini",1998,2.845,0.011,0,2.86,134,157,129,160
"SZ","Eswatini",1999,2.818,0.011,0,2.87,136,157,130,160
"SZ","Eswatini",2000,2.581,0.011,0,2.66,140,157,130,160
"SZ","Eswatini",2001,2.429,0.011,0,2.53,142,157,133,160
"SZ","Eswatini",2002,2.417,0.011,0,2.54,144,157,135,160
"SZ","Eswatini",2003,2.408,0.011,0,2.55,145,156,135,160
"SZ","Eswatini",2004,2.383,0.011,0,2.54,147,156,135,160
"SZ","Eswatini",2005,2.388,0.011,0,2.56,148,156,135,160
"SZ","Eswatini",2006,2.301,0.011,0,2.48,152,156,135,160
"SZ","Eswatini",2007,2.518,0.01,0,2.73,148,158,136,160
"SZ","Eswatini",2008,2.431,0.01,0,2.65,146,158,136,160
"SZ","Eswatini",2009,2.375,0.01,0,2.6,148,158,136,161
"SZ","Eswatini",2010,2.264,0.01,0,2.49,150,159,135,161
"SZ","Eswatini",2011,2.225,0.01,0,2.46,146,159,135,161
"SZ","Eswatini",2012,2.213,0.01,0,2.46,146,158,136,162
"SZ","Eswatini",2013,2.361,0.01,0,2.64,143,158,137,161
"SZ","Eswatini",2014,2.371,0.009,0,2.67,141,161,138,162
"SZ","Eswatini",2015,2.363,0.009,0,2.68,141,161,138,160
"SZ","Eswatini",2016,2.433,0.009,0,2.78,143,161,138,163
"SZ","Eswatini",2017,2.414,0.009,0,2.78,144,161,138,163
"SZ","Eswatini",2018,2.413,0.009,0,2.8,146,161,139,163
"SZ","Eswatini",2019,2.531,0.009,0,2.96,143,160,139,163
"SZ","Eswatini",2020,2.439,0.008,0,2.88,143,161,140,163
"SZ","Eswatini",2021,NA,0.008,0,NA,NA,161,142,NA
"SZ","Eswatini",2022,NA,0.008,0,NA,NA,161,142,NA
"SE","Sweden",1995,9,0.294,0.003,78.83,52,52,48,57
"SE","Sweden",1996,9.61,0.292,0.003,84.43,53,53,48,56
"SE","Sweden",1997,8.883,0.29,0.003,78.24,59,53,49,57
"SE","Sweden",1998,8.957,0.289,0.003,79.08,57,53,49,56
"SE","Sweden",1999,8.795,0.287,0.003,77.83,57,53,51,59
"SE","Sweden",2000,8.335,0.286,0.003,73.94,59,53,51,59
"SE","Sweden",2001,6.657,0.284,0.003,59.23,76,53,52,70
"SE","Sweden",2002,6.79,0.282,0.003,60.61,75,53,52,70
"SE","Sweden",2003,6.883,0.281,0.003,61.68,75,53,52,73
"SE","Sweden",2004,6.705,0.28,0.003,60.37,76,53,52,73
"SE","Sweden",2005,6.268,0.278,0.003,56.74,80,53,53,75
"SE","Sweden",2006,6.068,0.276,0.003,55.25,84,53,53,76
"SE","Sweden",2007,5.817,0.274,0.004,53.31,87,53,47,79
"SE","Sweden",2008,5.653,0.272,0.004,52.17,89,53,47,82
"SE","Sweden",2009,5.202,0.27,0.004,48.39,93,53,47,84
"SE","Sweden",2010,5.774,0.268,0.004,54.17,87,53,47,82
"SE","Sweden",2011,4.138,0.266,0.004,39.18,109,54,48,92
"SE","Sweden",2012,3.81,0.263,0.004,36.41,114,55,49,94
"SE","Sweden",2013,3.589,0.261,0.004,34.63,115,54,49,95
"SE","Sweden",2014,3.431,0.258,0.004,33.44,120,54,50,99
"SE","Sweden",2015,3.392,0.256,0.004,33.41,122,54,50,100
"SE","Sweden",2016,3.869,0.254,0.004,38.51,118,54,50,97
"SE","Sweden",2017,3.801,0.251,0.004,38.23,118,54,50,99
"SE","Sweden",2018,3.551,0.249,0.004,36.09,121,55,51,105
"SE","Sweden",2019,3.452,0.247,0.004,35.44,123,55,51,107
"SE","Sweden",2020,3.293,0.244,0.004,34.14,121,56,51,108
"SE","Sweden",2021,NA,0.242,0.004,NA,NA,56,52,NA
"SE","Sweden",2022,NA,0.239,0.004,NA,NA,57,52,NA
"CH","Switzerland",1995,7.354,0.124,0.001,51.76,69,89,84,74
"CH","Switzerland",1996,7.409,0.124,0.001,52.38,70,89,84,71
"CH","Switzerland",1997,7.185,0.124,0.001,50.92,74,89,85,75
"CH","Switzerland",1998,7.383,0.124,0.001,52.48,69,89,87,74
"CH","Switzerland",1999,7.366,0.123,0.001,52.61,71,89,87,75
"CH","Switzerland",2000,7.221,0.123,0.001,51.86,72,89,88,77
"CH","Switzerland",2001,7.284,0.123,0.001,52.62,69,89,88,76
"CH","Switzerland",2002,7.002,0.122,0.001,50.95,71,90,88,78
"CH","Switzerland",2003,7.117,0.122,0.001,52.17,70,90,88,75
"CH","Switzerland",2004,7.134,0.121,0.001,52.66,71,90,90,77
"CH","Switzerland",2005,7.186,0.121,0.002,53.38,71,90,65,78
"CH","Switzerland",2006,7.102,0.12,0.002,53.09,71,91,66,81
"CH","Switzerland",2007,6.785,0.12,0.002,51.17,73,91,67,82
"CH","Switzerland",2008,6.911,0.119,0.002,52.79,69,92,69,81
"CH","Switzerland",2009,6.639,0.119,0.002,51.35,71,92,70,81
"CH","Switzerland",2010,6.765,0.118,0.002,52.92,70,93,71,83
"CH","Switzerland",2011,6.189,0.117,0.002,48.96,82,94,73,82
"CH","Switzerland",2012,6.286,0.116,0.002,50.26,76,94,74,81
"CH","Switzerland",2013,6.341,0.116,0.002,51.29,71,94,74,81
"CH","Switzerland",2014,5.799,0.115,0.002,47.48,84,94,76,86
"CH","Switzerland",2015,5.639,0.114,0.002,46.7,87,95,76,86
"CH","Switzerland",2016,5.635,0.114,0.002,47.18,91,96,77,89
"CH","Switzerland",2017,5.466,0.113,0.002,46.2,94,96,78,90
"CH","Switzerland",2018,5.28,0.112,0.002,44.96,97,96,79,92
"CH","Switzerland",2019,5.217,0.112,0.002,44.74,100,96,80,92
"CH","Switzerland",2020,4.891,0.111,0.002,42.25,98,96,80,96
"CH","Switzerland",2021,NA,0.111,0.002,NA,NA,94,81,NA
"CH","Switzerland",2022,NA,0.11,0.002,NA,NA,94,81,NA
"SY","Syria",1995,6.693,0.127,0.001,95.8,80,88,84,50
"SY","Syria",1996,6.64,0.131,0.001,97.66,79,87,84,48
"SY","Syria",1997,6.443,0.136,0.001,97.31,83,86,85,49
"SY","Syria",1998,6.479,0.14,0.002,100.43,82,85,61,50
"SY","Syria",1999,6.281,0.144,0.002,99.88,83,84,61,50
"SY","Syria",2000,6.105,0.149,0.002,99.56,82,82,62,51
"SY","Syria",2001,5.943,0.151,0.002,99.41,84,81,62,51
"SY","Syria",2002,5.905,0.152,0.002,101.35,85,81,62,51
"SY","Syria",2003,5.721,0.154,0.002,100.75,88,81,63,53
"SY","Syria",2004,5.166,0.155,0.002,93.43,93,81,65,55
"SY","Syria",2005,5.563,0.156,0.002,103.38,92,80,65,53
"SY","Syria",2006,5.424,0.157,0.002,105.4,93,79,66,53
"SY","Syria",2007,5.226,0.158,0.002,108.19,95,79,67,54
"SY","Syria",2008,5.065,0.159,0.002,108.76,97,79,69,53
"SY","Syria",2009,4.778,0.158,0.002,104.29,101,79,70,53
"SY","Syria",2010,4.644,0.158,0.002,103.73,102,79,71,55
"SY","Syria",2011,4.336,0.156,0.002,98.57,108,79,73,55
"SY","Syria",2012,3.28,0.153,0.002,74.14,125,80,74,65
"SY","Syria",2013,2.399,0.149,0.002,51.56,142,81,74,80
"SY","Syria",2014,2.272,0.145,0.002,45.61,145,82,76,88
"SY","Syria",2015,2.282,0.141,0.002,43.83,145,83,76,88
"SY","Syria",2016,2.295,0.137,0.002,43.53,145,84,77,92
"SY","Syria",2017,2.408,0.132,0.002,45.71,145,86,78,92
"SY","Syria",2018,2.433,0.128,0.002,47.04,145,88,79,90
"SY","Syria",2019,2.369,0.125,0.002,47.61,147,89,80,89
"SY","Syria",2020,2.268,0.121,0.002,47.12,145,90,80,89
"SY","Syria",2021,NA,0.118,0.002,NA,NA,90,81,NA
"SY","Syria",2022,NA,0.116,0.002,NA,NA,92,81,NA
"TJ","Tajikistan",1995,1.352,0.047,0,8,169,126,126,138
"TJ","Tajikistan",1996,1.218,0.047,0.001,7.35,172,126,84,140
"TJ","Tajikistan",1997,1.241,0.046,0.001,7.59,172,127,85,141
"TJ","Tajikistan",1998,1.22,0.045,0.001,7.51,172,128,87,142
"TJ","Tajikistan",1999,1.134,0.045,0.001,7.02,172,128,87,144
"TJ","Tajikistan",2000,1.06,0.044,0.001,6.65,174,128,88,146
"TJ","Tajikistan",2001,0.981,0.043,0.001,6.29,176,132,88,145
"TJ","Tajikistan",2002,0.966,0.043,0.001,6.32,177,132,88,145
"TJ","Tajikistan",2003,0.97,0.042,0.001,6.47,177,133,88,145
"TJ","Tajikistan",2004,1.032,0.041,0.001,7.02,175,133,90,145
"TJ","Tajikistan",2005,1.023,0.041,0.001,7.09,176,133,92,146
"TJ","Tajikistan",2006,1.074,0.04,0.001,7.58,175,133,92,146
"TJ","Tajikistan",2007,1.153,0.04,0.001,8.29,173,133,94,143
"TJ","Tajikistan",2008,1.184,0.039,0.001,8.67,173,133,94,142
"TJ","Tajikistan",2009,1.118,0.039,0.001,8.35,176,134,94,141
"TJ","Tajikistan",2010,1.107,0.039,0.001,8.44,176,134,96,141
"TJ","Tajikistan",2011,1.112,0.039,0.001,8.66,177,134,96,143
"TJ","Tajikistan",2012,1.189,0.038,0.001,9.46,175,134,97,141
"TJ","Tajikistan",2013,1.214,0.038,0.001,9.88,175,134,97,140
"TJ","Tajikistan",2014,1.372,0.038,0.001,11.42,170,134,97,136
"TJ","Tajikistan",2015,1.41,0.038,0.001,12.02,167,135,98,136
"TJ","Tajikistan",2016,1.501,0.039,0.001,13.1,170,133,98,134
"TJ","Tajikistan",2017,1.623,0.039,0.001,14.49,169,134,100,132
"TJ","Tajikistan",2018,1.741,0.039,0.001,15.89,165,134,101,130
"TJ","Tajikistan",2019,1.852,0.04,0.001,17.29,162,133,102,129
"TJ","Tajikistan",2020,1.84,0.04,0.001,17.56,160,133,103,126
"TJ","Tajikistan",2021,NA,0.04,0.001,NA,NA,133,104,NA
"TJ","Tajikistan",2022,NA,0.041,0.001,NA,NA,131,104,NA
"TZ","Tanzania",1995,3.398,0.357,0.004,103.85,124,43,38,47
"TZ","Tanzania",1996,3.097,0.358,0.004,96.44,129,44,40,50
"TZ","Tanzania",1997,3.023,0.358,0.004,96.1,130,44,40,50
"TZ","Tanzania",1998,3.075,0.36,0.004,100.32,131,44,41,51
"TZ","Tanzania",1999,2.998,0.361,0.004,100.44,129,44,42,49
"TZ","Tanzania",2000,2.84,0.362,0.004,97.86,133,44,42,52
"TZ","Tanzania",2001,2.917,0.363,0.004,103.29,127,44,42,50
"TZ","Tanzania",2002,3,0.365,0.004,109.06,126,45,44,49
"TZ","Tanzania",2003,3.159,0.368,0.004,117.94,121,45,44,48
"TZ","Tanzania",2004,3.057,0.371,0.005,117.27,124,44,37,49
"TZ","Tanzania",2005,3.13,0.373,0.005,123.43,121,44,37,46
"TZ","Tanzania",2006,2.906,0.376,0.005,117.89,129,44,37,50
"TZ","Tanzania",2007,2.872,0.38,0.005,119.8,136,43,37,49
"TZ","Tanzania",2008,2.857,0.384,0.005,122.49,135,43,39,47
"TZ","Tanzania",2009,2.836,0.388,0.005,124.68,134,43,40,47
"TZ","Tanzania",2010,2.828,0.393,0.005,127.57,135,42,40,47
"TZ","Tanzania",2011,2.786,0.399,0.005,129.3,136,41,40,46
"TZ","Tanzania",2012,2.799,0.403,0.006,133.74,136,39,36,45
"TZ","Tanzania",2013,2.752,0.407,0.006,135.54,136,39,36,45
"TZ","Tanzania",2014,2.672,0.41,0.006,135.79,136,39,37,45
"TZ","Tanzania",2015,2.702,0.413,0.006,141.96,136,39,37,45
"TZ","Tanzania",2016,2.818,0.416,0.006,153.33,138,39,37,45
"TZ","Tanzania",2017,2.72,0.418,0.006,153.04,141,39,38,45
"TZ","Tanzania",2018,2.614,0.42,0.006,151.84,143,39,39,45
"TZ","Tanzania",2019,2.622,0.422,0.007,156.97,142,40,35,45
"TZ","Tanzania",2020,2.574,0.424,0.007,158.82,141,39,36,45
"TZ","Tanzania",2021,NA,0.426,0.007,NA,NA,39,37,NA
"TZ","Tanzania",2022,NA,0.427,0.007,NA,NA,39,38,NA
"TH","Thailand",1995,4.169,0.889,0.009,247.72,111,22,22,26
"TH","Thailand",1996,4.454,0.888,0.01,268.19,108,22,20,25
"TH","Thailand",1997,4.556,0.887,0.01,277.84,109,22,21,25
"TH","Thailand",1998,4.19,0.884,0.01,258.7,113,22,21,27
"TH","Thailand",1999,4.323,0.882,0.01,269.96,110,22,21,26
"TH","Thailand",2000,4.283,0.88,0.01,270.14,110,22,22,26
"TH","Thailand",2001,3.712,0.878,0.01,236.24,110,22,22,28
"TH","Thailand",2002,3.883,0.876,0.01,249.35,110,22,22,28
"TH","Thailand",2003,4.01,0.874,0.011,259.74,111,22,21,28
"TH","Thailand",2004,4.327,0.873,0.011,282.61,111,22,22,27
"TH","Thailand",2005,4.401,0.872,0.011,289.7,109,22,22,27
"TH","Thailand",2006,4.42,0.872,0.011,293.1,106,23,22,28
"TH","Thailand",2007,4.643,0.873,0.011,310.28,104,23,23,28
"TH","Thailand",2008,4.625,0.876,0.011,311.37,105,23,23,29
"TH","Thailand",2009,4.544,0.879,0.012,308.14,105,23,22,26
"TH","Thailand",2010,4.837,0.883,0.012,330.2,100,23,22,25
"TH","Thailand",2011,5.274,0.886,0.012,362.41,98,23,22,22
"TH","Thailand",2012,5.588,0.889,0.012,386.48,94,23,23,22
"TH","Thailand",2013,5.687,0.892,0.013,395.7,90,23,20,21
"TH","Thailand",2014,5.62,0.893,0.013,393.21,89,23,21,20
"TH","Thailand",2015,5.641,0.893,0.013,396.51,86,22,22,20
"TH","Thailand",2016,5.984,0.894,0.013,422.51,83,22,22,20
"TH","Thailand",2017,6.075,0.893,0.014,430.74,79,22,20,20
"TH","Thailand",2018,6.084,0.892,0.014,432.77,82,22,20,19
"TH","Thailand",2019,6.303,0.89,0.014,449.47,78,22,20,19
"TH","Thailand",2020,6.316,0.888,0.014,451.42,72,22,20,19
"TH","Thailand",2021,NA,0.886,0.014,NA,NA,22,20,NA
"TH","Thailand",2022,NA,0.884,0.014,NA,NA,20,20,NA
"TL","East Timor",1995,1.367,0.009,0,1.12,168,158,126,165
"TL","East Timor",1996,1.371,0.009,0,1.14,168,158,128,165
"TL","East Timor",1997,1.364,0.009,0,1.15,169,159,129,165
"TL","East Timor",1998,1.356,0.009,0,1.16,170,159,129,166
"TL","East Timor",1999,1.212,0.009,0,1.05,171,159,130,166
"TL","East Timor",2000,1.275,0.01,0,1.12,171,158,130,165
"TL","East Timor",2001,2.441,0.01,0,2.18,141,158,133,163
"TL","East Timor",2002,3.573,0.01,0,3.25,117,158,135,158
"TL","East Timor",2003,4.413,0.01,0,4.09,106,158,135,154
"TL","East Timor",2004,5.148,0.01,0,4.87,94,158,135,151
"TL","East Timor",2005,6.025,0.01,0,5.84,85,158,135,151
"TL","East Timor",2006,6.244,0.011,0,6.21,82,156,135,149
"TL","East Timor",2007,6.376,0.011,0,6.5,79,155,136,148
"TL","East Timor",2008,6.596,0.012,0,6.88,76,153,136,147
"TL","East Timor",2009,6.757,0.012,0,7.2,70,153,136,146
"TL","East Timor",2010,6.89,0.012,0,7.5,67,152,135,146
"TL","East Timor",2011,6.64,0.013,0,7.39,73,152,135,148
"TL","East Timor",2012,6.487,0.013,0,7.38,71,152,136,148
"TL","East Timor",2013,6.25,0.013,0,7.26,75,152,137,148
"TL","East Timor",2014,6.111,0.013,0,7.24,72,152,138,147
"TL","East Timor",2015,5.954,0.014,0,7.18,79,152,138,147
"TL","East Timor",2016,5.716,0.014,0,7,89,152,138,150
"TL","East Timor",2017,5.494,0.014,0,6.83,93,152,138,153
"TL","East Timor",2018,5.199,0.014,0,6.56,99,152,139,156
"TL","East Timor",2019,5.115,0.014,0,6.55,103,152,139,156
"TL","East Timor",2020,4.623,0.014,0,6.01,106,152,140,156
"TL","East Timor",2021,NA,0.014,0,NA,NA,152,142,NA
"TL","East Timor",2022,NA,0.014,0,NA,NA,152,142,NA
"TG","Togo",1995,1.376,0.025,0,5.89,167,144,126,149
"TG","Togo",1996,1.46,0.025,0,6.49,164,144,128,146
"TG","Togo",1997,1.361,0.026,0,6.25,170,142,129,148
"TG","Togo",1998,1.525,0.026,0,7.21,164,142,129,143
"TG","Togo",1999,1.565,0.026,0,7.62,164,143,130,142
"TG","Togo",2000,1.422,0.027,0,7.12,165,141,130,144
"TG","Togo",2001,0.987,0.027,0,5.08,175,142,133,150
"TG","Togo",2002,1.045,0.027,0,5.52,174,142,135,150
"TG","Togo",2003,1.131,0.027,0,6.13,173,142,135,147
"TG","Togo",2004,1.053,0.027,0,5.86,173,142,135,149
"TG","Togo",2005,1.184,0.027,0,6.76,173,142,135,147
"TG","Togo",2006,1.052,0.027,0,6.18,176,143,135,150
"TG","Togo",2007,0.969,0.027,0,5.86,177,144,136,151
"TG","Togo",2008,0.995,0.027,0,6.19,177,143,136,150
"TG","Togo",2009,1.2,0.028,0,7.68,173,142,136,144
"TG","Togo",2010,1.143,0.028,0,7.51,175,141,135,145
"TG","Togo",2011,1.184,0.028,0,7.99,176,141,135,147
"TG","Togo",2012,1.089,0.028,0,7.54,178,142,136,147
"TG","Togo",2013,1.046,0.028,0,7.43,178,142,137,146
"TG","Togo",2014,0.984,0.028,0,7.17,179,142,138,148
"TG","Togo",2015,1.06,0.029,0,7.92,177,142,138,145
"TG","Togo",2016,1.069,0.029,0,8.19,178,142,138,148
"TG","Togo",2017,1.023,0.029,0,8.03,178,143,138,149
"TG","Togo",2018,1.043,0.029,0,8.39,178,143,139,149
"TG","Togo",2019,1.064,0.029,0,8.77,178,143,139,148
"TG","Togo",2020,1.094,0.029,0,9.24,178,143,140,145
"TG","Togo",2021,NA,0.029,0,NA,NA,143,142,NA
"TG","Togo",2022,NA,0.029,0,NA,NA,143,142,NA
"TO","Tonga",1995,2.6,0.001,0,0.26,137,171,126,175
"TO","Tonga",1996,2.395,0.001,0,0.24,143,171,128,175
"TO","Tonga",1997,2.384,0.001,0,0.24,144,171,129,176
"TO","Tonga",1998,2.368,0.001,0,0.24,147,171,129,176
"TO","Tonga",1999,2.451,0.001,0,0.25,146,171,130,176
"TO","Tonga",2000,2.241,0.001,0,0.23,147,171,130,178
"TO","Tonga",2001,2.228,0.001,0,0.23,147,171,133,178
"TO","Tonga",2002,2.215,0.001,0,0.23,150,171,135,179
"TO","Tonga",2003,2.49,0.001,0,0.26,143,172,135,180
"TO","Tonga",2004,2.38,0.001,0,0.25,148,172,135,180
"TO","Tonga",2005,2.366,0.001,0,0.25,150,172,135,179
"TO","Tonga",2006,2.542,0.001,0,0.27,144,172,135,178
"TO","Tonga",2007,2.438,0.001,0,0.26,150,172,136,178
"TO","Tonga",2008,2.431,0.001,0,0.26,146,172,136,179
"TO","Tonga",2009,2.613,0.001,0,0.28,143,172,136,178
"TO","Tonga",2010,2.421,0.001,0,0.26,146,172,135,178
"TO","Tonga",2011,2.323,0.001,0,0.25,142,172,135,178
"TO","Tonga",2012,2.325,0.001,0,0.25,143,172,136,179
"TO","Tonga",2013,2.428,0.001,0,0.26,140,172,137,179
"TO","Tonga",2014,2.438,0.001,0,0.26,139,172,138,179
"TO","Tonga",2015,2.355,0.001,0,0.25,142,172,138,179
"TO","Tonga",2016,2.554,0.001,0,0.27,142,172,138,181
"TO","Tonga",2017,2.656,0.001,0,0.28,143,172,138,181
"TO","Tonga",2018,2.662,0.001,0,0.28,142,172,139,181
"TO","Tonga",2019,2.953,0.001,0,0.31,136,172,139,181
"TO","Tonga",2020,2.565,0.001,0,0.27,142,172,140,181
"TO","Tonga",2021,NA,0.001,0,NA,NA,172,142,NA
"TO","Tonga",2022,NA,0.001,0,NA,NA,172,142,NA
"TT","Trinidad and Tobago",1995,9.581,0.053,0.001,12.53,50,121,84,126
"TT","Trinidad and Tobago",1996,10.339,0.053,0.001,13.58,47,121,84,125
"TT","Trinidad and Tobago",1997,10.628,0.054,0.001,14.01,45,122,85,126
"TT","Trinidad and Tobago",1998,10.895,0.054,0.001,14.41,44,122,87,124
"TT","Trinidad and Tobago",1999,11.228,0.055,0.001,14.9,42,122,87,124
"TT","Trinidad and Tobago",2000,11.92,0.056,0.001,15.88,37,121,88,123
"TT","Trinidad and Tobago",2001,13.193,0.057,0.001,17.66,32,121,88,122
"TT","Trinidad and Tobago",2002,14.443,0.059,0.001,19.44,23,121,88,117
"TT","Trinidad and Tobago",2003,17.317,0.061,0.001,23.44,18,120,88,108
"TT","Trinidad and Tobago",2004,17.999,0.063,0.001,24.5,19,119,90,111
"TT","Trinidad and Tobago",2005,19.502,0.065,0.001,26.7,16,119,92,107
"TT","Trinidad and Tobago",2006,22.056,0.068,0.001,30.37,11,116,92,102
"TT","Trinidad and Tobago",2007,22.407,0.071,0.001,31.03,11,114,94,102
"TT","Trinidad and Tobago",2008,22.027,0.074,0.001,30.68,11,113,94,101
"TT","Trinidad and Tobago",2009,21.31,0.077,0.001,29.86,13,109,94,101
"TT","Trinidad and Tobago",2010,23.08,0.08,0.001,32.55,10,108,96,101
"TT","Trinidad and Tobago",2011,23.556,0.082,0.001,33.45,11,106,96,97
"TT","Trinidad and Tobago",2012,23.029,0.085,0.001,32.94,11,104,97,97
"TT","Trinidad and Tobago",2013,23.53,0.087,0.001,33.9,10,104,97,98
"TT","Trinidad and Tobago",2014,23.362,0.089,0.001,33.89,10,103,97,98
"TT","Trinidad and Tobago",2015,22.566,0.091,0.001,32.95,11,103,98,102
"TT","Trinidad and Tobago",2016,19.927,0.092,0.001,29.28,16,103,98,113
"TT","Trinidad and Tobago",2017,19.938,0.094,0.001,29.48,16,103,100,113
"TT","Trinidad and Tobago",2018,19.492,0.095,0.001,29.33,16,101,101,113
"TT","Trinidad and Tobago",2019,19.106,0.096,0.002,29.04,17,101,80,114
"TT","Trinidad and Tobago",2020,17.528,0.097,0.002,26.61,18,101,80,116
"TT","Trinidad and Tobago",2021,NA,0.097,0.002,NA,NA,101,81,NA
"TT","Trinidad and Tobago",2022,NA,0.097,0.002,NA,NA,101,81,NA
"TN","Tunisia",1995,2.532,0.066,0.001,23.53,140,113,84,103
"TN","Tunisia",1996,2.64,0.066,0.001,24.9,138,114,84,101
"TN","Tunisia",1997,2.66,0.066,0.001,25.42,137,114,85,101
"TN","Tunisia",1998,2.776,0.067,0.001,26.86,137,115,87,102
"TN","Tunisia",1999,2.897,0.067,0.001,28.36,134,115,87,99
"TN","Tunisia",2000,3.004,0.068,0.001,29.72,129,115,88,99
"TN","Tunisia",2001,3.022,0.068,0.001,30.21,123,117,88,98
"TN","Tunisia",2002,3.013,0.069,0.001,30.41,125,116,88,99
"TN","Tunisia",2003,2.964,0.069,0.001,30.21,126,115,88,101
"TN","Tunisia",2004,3.065,0.069,0.001,31.55,123,115,90,99
"TN","Tunisia",2005,3.106,0.07,0.001,32.27,124,114,92,97
"TN","Tunisia",2006,3.187,0.07,0.001,33.41,121,114,92,100
"TN","Tunisia",2007,3.307,0.071,0.001,34.99,121,114,94,99
"TN","Tunisia",2008,3.321,0.071,0.001,35.47,120,115,94,99
"TN","Tunisia",2009,3.318,0.072,0.001,35.78,120,114,94,97
"TN","Tunisia",2010,3.511,0.073,0.001,38.25,117,114,96,94
"TN","Tunisia",2011,3.8,0.073,0.001,41.92,113,114,96,90
"TN","Tunisia",2012,3.983,0.074,0.001,44.51,111,113,97,87
"TN","Tunisia",2013,3.873,0.074,0.001,43.77,112,113,97,88
"TN","Tunisia",2014,4.052,0.074,0.001,46.31,110,113,97,87
"TN","Tunisia",2015,4.046,0.074,0.001,46.76,111,112,98,85
"TN","Tunisia",2016,3.238,0.075,0.001,37.84,130,111,98,100
"TN","Tunisia",2017,3.231,0.075,0.001,38.16,129,112,100,100
"TN","Tunisia",2018,3.241,0.075,0.001,38.68,128,112,101,100
"TN","Tunisia",2019,3.222,0.075,0.001,38.82,126,112,102,99
"TN","Tunisia",2020,3.051,0.075,0.001,37.1,128,112,103,100
"TN","Tunisia",2021,NA,0.075,0.001,NA,NA,112,104,NA
"TN","Tunisia",2022,NA,0.075,0.001,NA,NA,112,104,NA
"TR","Turkey",1995,3.615,0.454,0.005,214.4,118,36,32,32
"TR","Turkey",1996,3.85,0.458,0.005,232.11,116,35,33,30
"TR","Turkey",1997,3.935,0.463,0.005,241.1,115,35,33,28
"TR","Turkey",1998,3.893,0.469,0.005,242.32,117,35,34,28
"TR","Turkey",1999,3.833,0.474,0.005,242.2,116,35,34,28
"TR","Turkey",2000,4.151,0.481,0.006,266.14,112,34,28,27
"TR","Turkey",2001,3.354,0.486,0.006,218.22,119,34,30,30
"TR","Turkey",2002,3.463,0.491,0.006,228.49,118,33,31,29
"TR","Turkey",2003,3.589,0.496,0.006,239.99,118,33,31,29
"TR","Turkey",2004,3.629,0.5,0.006,246,118,34,33,29
"TR","Turkey",2005,3.762,0.505,0.006,258.46,116,34,33,29
"TR","Turkey",2006,4.133,0.511,0.006,287.68,112,35,34,29
"TR","Turkey",2007,4.503,0.517,0.007,317.29,106,35,31,27
"TR","Turkey",2008,4.409,0.524,0.007,314.44,107,34,31,27
"TR","Turkey",2009,4.402,0.531,0.007,317.97,106,34,32,25
"TR","Turkey",2010,4.484,0.538,0.007,328.18,108,34,33,26
"TR","Turkey",2011,4.507,0.546,0.007,334.29,106,34,34,27
"TR","Turkey",2012,4.647,0.555,0.008,349.84,105,34,32,24
"TR","Turkey",2013,4.449,0.564,0.008,340.7,107,34,33,26
"TR","Turkey",2014,4.686,0.574,0.008,366.06,106,34,34,24
"TR","Turkey",2015,4.698,0.584,0.009,374.19,105,34,29,23
"TR","Turkey",2016,5.334,0.595,0.009,432.16,98,34,32,18
"TR","Turkey",2017,5.78,0.606,0.009,474.47,87,34,33,18
"TR","Turkey",2018,5.735,0.615,0.009,474.88,88,34,33,17
"TR","Turkey",2019,5.544,0.624,0.01,462.83,92,33,28,17
"TR","Turkey",2020,5.662,0.633,0.01,476.34,82,33,29,17
"TR","Turkey",2021,NA,0.642,0.01,NA,NA,31,31,NA
"TR","Turkey",2022,NA,0.652,0.011,NA,NA,31,27,NA
"TM","Turkmenistan",1995,21.348,0.214,0.002,90.23,15,64,60,52
"TM","Turkmenistan",1996,20.288,0.213,0.002,87.26,15,64,60,54
"TM","Turkmenistan",1997,16.459,0.21,0.002,71.82,18,65,60,62
"TM","Turkmenistan",1998,16.622,0.207,0.002,73.66,18,65,61,63
"TM","Turkmenistan",1999,20.535,0.206,0.002,92.43,13,65,61,52
"TM","Turkmenistan",2000,25.784,0.206,0.002,117.81,8,65,62,44
"TM","Turkmenistan",2001,25.848,0.205,0.002,119.81,8,65,62,46
"TM","Turkmenistan",2002,27.268,0.205,0.002,128.13,8,65,62,43
"TM","Turkmenistan",2003,30.326,0.206,0.002,144.32,6,63,63,39
"TM","Turkmenistan",2004,31.607,0.206,0.003,152.34,6,63,52,38
"TM","Turkmenistan",2005,32.144,0.207,0.003,157.05,5,63,53,38
"TM","Turkmenistan",2006,31.746,0.207,0.003,157.27,5,62,53,39
"TM","Turkmenistan",2007,33.969,0.207,0.003,170.69,4,62,54,39
"TM","Turkmenistan",2008,34.927,0.207,0.003,178.13,3,62,54,39
"TM","Turkmenistan",2009,26.171,0.205,0.003,135.59,7,62,55,44
"TM","Turkmenistan",2010,28.719,0.204,0.003,151.29,6,63,56,42
"TM","Turkmenistan",2011,34.036,0.203,0.003,182.46,4,63,57,38
"TM","Turkmenistan",2012,34.939,0.205,0.003,190.72,3,62,57,38
"TM","Turkmenistan",2013,35.895,0.206,0.003,199.58,3,62,57,37
"TM","Turkmenistan",2014,34.848,0.21,0.003,197.35,3,61,57,37
"TM","Turkmenistan",2015,35.284,0.213,0.003,203.46,3,60,57,38
"TM","Turkmenistan",2016,33.78,0.216,0.003,198.24,4,60,58,40
"TM","Turkmenistan",2017,32.98,0.219,0.003,196.84,4,59,58,40
"TM","Turkmenistan",2018,32.897,0.222,0.003,199.52,4,59,58,40
"TM","Turkmenistan",2019,35.108,0.225,0.004,216.21,4,58,51,40
"TM","Turkmenistan",2020,31.052,0.226,0.004,194.09,5,59,51,41
"TM","Turkmenistan",2021,NA,0.228,0.004,NA,NA,59,52,NA
"TM","Turkmenistan",2022,NA,0.229,0.004,NA,NA,59,52,NA
"TV","Tuvalu",1995,2.082,0,0,0.02,150,179,126,185
"TV","Tuvalu",1996,2.077,0,0,0.02,151,179,128,185
"TV","Tuvalu",1997,2.072,0,0,0.02,149,180,129,185
"TV","Tuvalu",1998,2.071,0,0,0.02,152,180,129,185
"TV","Tuvalu",1999,2.07,0,0,0.02,152,180,130,185
"TV","Tuvalu",2000,2.07,0,0,0.02,152,180,130,185
"TV","Tuvalu",2001,2.075,0,0,0.02,151,180,133,187
"TV","Tuvalu",2002,2.077,0,0,0.02,153,180,135,187
"TV","Tuvalu",2003,2.063,0,0,0.02,154,180,135,187
"TV","Tuvalu",2004,2.038,0,0,0.02,157,180,135,187
"TV","Tuvalu",2005,2.013,0,0,0.02,156,180,135,187
"TV","Tuvalu",2006,1.989,0,0,0.02,156,181,135,187
"TV","Tuvalu",2007,2.95,0,0,0.03,133,181,136,186
"TV","Tuvalu",2008,1.943,0,0,0.02,158,181,136,187
"TV","Tuvalu",2009,1.918,0,0,0.02,160,181,136,186
"TV","Tuvalu",2010,1.892,0,0,0.02,160,181,135,186
"TV","Tuvalu",2011,1.866,0,0,0.02,156,181,135,186
"TV","Tuvalu",2012,1.839,0,0,0.02,158,181,136,186
"TV","Tuvalu",2013,1.828,0,0,0.02,159,182,137,186
"TV","Tuvalu",2014,1.831,0,0,0.02,160,182,138,186
"TV","Tuvalu",2015,1.836,0,0,0.02,158,181,138,186
"TV","Tuvalu",2016,1.839,0,0,0.02,163,181,138,188
"TV","Tuvalu",2017,1.843,0,0,0.02,163,181,138,188
"TV","Tuvalu",2018,1.838,0,0,0.02,163,181,139,188
"TV","Tuvalu",2019,1.821,0,0,0.02,163,181,139,188
"TV","Tuvalu",2020,1.803,0,0,0.02,163,181,140,188
"TV","Tuvalu",2021,NA,0,0,NA,NA,181,142,NA
"TV","Tuvalu",2022,NA,0,0,NA,NA,181,142,NA
"UG","Uganda",1995,1.404,0.17,0.002,29.04,165,72,60,94
"UG","Uganda",1996,1.402,0.169,0.002,29.79,167,73,60,95
"UG","Uganda",1997,1.424,0.169,0.002,31.15,166,73,60,94
"UG","Uganda",1998,1.445,0.168,0.002,32.57,166,73,61,92
"UG","Uganda",1999,1.391,0.168,0.002,32.38,168,74,61,94
"UG","Uganda",2000,1.339,0.168,0.002,32.16,168,73,62,95
"UG","Uganda",2001,1.283,0.168,0.002,31.78,170,73,62,96
"UG","Uganda",2002,1.273,0.168,0.002,32.53,170,73,62,95
"UG","Uganda",2003,1.3,0.169,0.002,34.25,171,74,63,95
"UG","Uganda",2004,1.259,0.169,0.002,34.19,172,74,65,97
"UG","Uganda",2005,1.295,0.169,0.002,36.18,171,74,65,96
"UG","Uganda",2006,1.207,0.169,0.002,34.72,172,75,66,97
"UG","Uganda",2007,1.262,0.169,0.002,37.39,171,75,67,95
"UG","Uganda",2008,1.428,0.17,0.002,43.58,169,75,69,88
"UG","Uganda",2009,1.397,0.171,0.002,43.89,170,75,70,87
"UG","Uganda",2010,1.403,0.172,0.002,45.36,170,75,71,86
"UG","Uganda",2011,1.37,0.173,0.002,45.61,169,75,73,84
"UG","Uganda",2012,1.378,0.173,0.002,47.22,170,75,74,82
"UG","Uganda",2013,1.336,0.174,0.002,47.11,170,74,74,86
"UG","Uganda",2014,1.325,0.174,0.003,48.13,173,75,57,82
"UG","Uganda",2015,1.329,0.175,0.003,49.79,171,75,57,80
"UG","Uganda",2016,1.287,0.175,0.003,49.86,175,75,58,86
"UG","Uganda",2017,1.262,0.176,0.003,50.63,175,74,58,85
"UG","Uganda",2018,1.25,0.176,0.003,51.89,175,74,58,83
"UG","Uganda",2019,1.225,0.176,0.003,52.61,175,73,59,85
"UG","Uganda",2020,1.207,0.177,0.003,53.61,175,73,62,82
"UG","Uganda",2021,NA,0.177,0.003,NA,NA,73,62,NA
"UG","Uganda",2022,NA,0.178,0.003,NA,NA,73,63,NA
"UA","Ukraine",1995,8.977,1.929,0.02,458.38,53,11,11,15
"UA","Ukraine",1996,7.855,1.91,0.021,397.59,65,11,10,20
"UA","Ukraine",1997,7.45,1.889,0.021,373.75,71,11,11,21
"UA","Ukraine",1998,6.953,1.868,0.021,345.88,79,11,11,21
"UA","Ukraine",1999,6.876,1.847,0.021,339.11,80,11,11,22
"UA","Ukraine",2000,6.713,1.824,0.021,328.12,80,11,11,23
"UA","Ukraine",2001,7.304,1.802,0.021,353.63,68,11,11,21
"UA","Ukraine",2002,7.466,1.781,0.021,358.18,66,11,11,23
"UA","Ukraine",2003,8.044,1.759,0.021,382.92,59,11,11,22
"UA","Ukraine",2004,7.548,1.737,0.021,356.73,66,11,11,23
"UA","Ukraine",2005,7.326,1.715,0.021,343.66,69,11,11,23
"UA","Ukraine",2006,7.533,1.692,0.021,350.99,65,11,11,23
"UA","Ukraine",2007,7.775,1.671,0.021,360.1,63,11,11,23
"UA","Ukraine",2008,7.577,1.65,0.022,349.01,63,12,11,24
"UA","Ukraine",2009,6.413,1.628,0.022,294.12,77,12,11,28
"UA","Ukraine",2010,6.867,1.603,0.022,313.69,68,12,11,29
"UA","Ukraine",2011,7.467,1.581,0.022,339.86,60,12,12,25
"UA","Ukraine",2012,7.326,1.559,0.022,332.64,60,12,12,27
"UA","Ukraine",2013,7.241,1.539,0.022,328.07,59,12,12,27
"UA","Ukraine",2014,6.512,1.519,0.022,293.99,67,12,12,29
"UA","Ukraine",2015,5.44,1.497,0.022,244.69,92,12,12,33
"UA","Ukraine",2016,5.764,1.479,0.022,258.4,87,12,12,35
"UA","Ukraine",2017,5.203,1.46,0.022,232.34,99,12,12,37
"UA","Ukraine",2018,5.488,1.442,0.022,243.94,93,12,12,35
"UA","Ukraine",2019,5.272,1.424,0.022,233.09,98,12,12,38
"UA","Ukraine",2020,5.111,1.408,0.022,224.44,94,13,12,38
"UA","Ukraine",2021,NA,1.392,0.022,NA,NA,13,13,NA
"UA","Ukraine",2022,NA,1.373,0.022,NA,NA,13,13,NA
"AE","United Arab Emirates",1995,42.276,0.133,0.001,102.9,3,86,84,49
"AE","United Arab Emirates",1996,41.714,0.138,0.001,107.32,3,84,84,46
"AE","United Arab Emirates",1997,40.293,0.142,0.002,110.65,3,83,60,45
"AE","United Arab Emirates",1998,38.615,0.146,0.002,112.8,3,82,61,45
"AE","United Arab Emirates",1999,36.839,0.15,0.002,114.11,2,81,61,45
"AE","United Arab Emirates",2000,35.019,0.155,0.002,114.7,4,78,62,46
"AE","United Arab Emirates",2001,37.236,0.16,0.002,128.62,2,78,62,42
"AE","United Arab Emirates",2002,35.889,0.164,0.002,130.41,4,75,62,41
"AE","United Arab Emirates",2003,36.369,0.17,0.002,138.69,4,73,63,41
"AE","United Arab Emirates",2004,36.764,0.175,0.002,146.81,3,73,65,40
"AE","United Arab Emirates",2005,36.468,0.18,0.002,156.12,3,72,65,39
"AE","United Arab Emirates",2006,33.372,0.185,0.002,163.49,4,71,66,38
"AE","United Arab Emirates",2007,29.682,0.19,0.002,174.31,7,68,67,37
"AE","United Arab Emirates",2008,28.639,0.196,0.003,200.15,9,66,54,37
"AE","United Arab Emirates",2009,25.02,0.201,0.003,199.98,9,65,55,36
"AE","United Arab Emirates",2010,24.481,0.206,0.003,207.64,9,61,56,36
"AE","United Arab Emirates",2011,25.08,0.212,0.003,215.07,8,60,57,34
"AE","United Arab Emirates",2012,26.13,0.218,0.003,226.42,7,59,57,33
"AE","United Arab Emirates",2013,27.237,0.224,0.003,238.37,5,58,57,33
"AE","United Arab Emirates",2014,27.273,0.229,0.003,240.98,5,58,57,33
"AE","United Arab Emirates",2015,28.376,0.235,0.003,253.03,5,57,57,32
"AE","United Arab Emirates",2016,28.951,0.241,0.004,260.39,6,57,50,34
"AE","United Arab Emirates",2017,27.705,0.246,0.004,251.24,6,57,50,35
"AE","United Arab Emirates",2018,25.64,0.251,0.004,234.35,7,54,51,37
"AE","United Arab Emirates",2019,26.995,0.256,0.004,248.67,6,54,51,35
"AE","United Arab Emirates",2020,26.911,0.26,0.004,249.93,7,53,51,34
"AE","United Arab Emirates",2021,NA,0.265,0.004,NA,NA,52,52,NA
"AE","United Arab Emirates",2022,NA,0.271,0.004,NA,NA,52,52,NA
"GB","United Kingdom",1995,12.5,3.44,0.036,724.11,35,7,7,9
"GB","United Kingdom",1996,12.842,3.407,0.037,745.84,32,7,7,9
"GB","United Kingdom",1997,12.456,3.372,0.037,725.57,34,7,7,9
"GB","United Kingdom",1998,12.379,3.34,0.037,723.42,36,8,8,9
"GB","United Kingdom",1999,11.933,3.307,0.037,699.68,34,8,8,10
"GB","United Kingdom",2000,11.925,3.273,0.037,701.79,36,8,8,10
"GB","United Kingdom",2001,12.047,3.239,0.038,711.88,36,8,8,10
"GB","United Kingdom",2002,11.686,3.204,0.038,693.65,39,8,8,10
"GB","United Kingdom",2003,11.775,3.167,0.038,702.4,39,8,8,10
"GB","United Kingdom",2004,11.618,3.134,0.038,697.02,42,8,8,10
"GB","United Kingdom",2005,11.44,3.097,0.038,690.82,38,8,8,10
"GB","United Kingdom",2006,11.3,3.058,0.039,687.09,41,8,8,10
"GB","United Kingdom",2007,10.964,3.018,0.039,671.69,45,8,8,11
"GB","United Kingdom",2008,10.545,2.978,0.039,651.07,48,8,8,11
"GB","United Kingdom",2009,9.556,2.939,0.039,594.77,50,8,8,12
"GB","United Kingdom",2010,9.678,2.898,0.039,607.41,50,8,8,12
"GB","United Kingdom",2011,8.937,2.854,0.039,565.57,53,8,8,16
"GB","United Kingdom",2012,9.175,2.812,0.039,585.43,53,8,8,16
"GB","United Kingdom",2013,8.83,2.771,0.039,567.81,52,8,8,16
"GB","United Kingdom",2014,8.155,2.73,0.039,528.21,53,8,8,18
"GB","United Kingdom",2015,7.865,2.689,0.039,512.98,56,8,8,18
"GB","United Kingdom",2016,7.509,2.651,0.039,493,63,8,8,17
"GB","United Kingdom",2017,7.214,2.612,0.04,476.57,65,8,8,17
"GB","United Kingdom",2018,7.05,2.575,0.04,468.34,68,8,8,18
"GB","United Kingdom",2019,6.771,2.538,0.04,452.15,71,8,8,18
"GB","United Kingdom",2020,6.131,2.504,0.04,411.12,76,8,8,21
"GB","United Kingdom",2021,NA,2.47,0.04,NA,NA,8,8,NA
"GB","United Kingdom",2022,NA,2.436,0.04,NA,NA,8,8,NA
"US","United States",1995,21.689,20.313,0.215,5761.9,14,1,1,1
"US","United States",1996,22.058,20.22,0.217,5933.25,12,1,1,1
"US","United States",1997,22.737,20.125,0.22,6193.38,11,1,1,1
"US","United States",1998,22.626,20.05,0.223,6241.11,11,1,1,1
"US","United States",1999,22.36,19.977,0.225,6242.51,10,1,1,1
"US","United States",2000,22.683,19.904,0.228,6405.57,11,1,1,1
"US","United States",2001,22.308,19.819,0.231,6368.37,10,1,1,1
"US","United States",2002,21.556,19.731,0.233,6215.68,11,1,1,1
"US","United States",2003,21.572,19.635,0.236,6279.82,11,1,1,1
"US","United States",2004,21.645,19.535,0.239,6362.59,11,1,1,1
"US","United States",2005,21.5,19.436,0.241,6382.16,11,1,1,2
"US","United States",2006,20.995,19.327,0.244,6293.17,14,1,1,2
"US","United States",2007,21.132,19.225,0.247,6397.65,14,1,1,2
"US","United States",2008,20.319,19.116,0.249,6211.3,14,1,1,2
"US","United States",2009,18.778,18.995,0.252,5793.39,16,1,1,2
"US","United States",2010,19.485,18.869,0.254,6063.3,15,1,1,2
"US","United States",2011,18.63,18.728,0.257,5847.39,20,1,1,2
"US","United States",2012,17.776,18.575,0.259,5628.8,23,1,1,2
"US","United States",2013,18.065,18.434,0.261,5769.63,22,1,1,2
"US","United States",2014,18.062,18.295,0.264,5816.48,21,1,1,2
"US","United States",2015,17.575,18.156,0.266,5705.12,19,1,1,2
"US","United States",2016,17.674,18.023,0.268,5783,20,1,1,2
"US","United States",2017,17.371,17.89,0.271,5728.79,20,1,1,2
"US","United States",2018,17.871,17.764,0.273,5935.52,18,1,1,2
"US","United States",2019,17.407,17.639,0.276,5819.48,19,1,1,2
"US","United States",2020,15.744,17.514,0.278,5289.13,19,1,1,2
"US","United States",2021,NA,17.392,0.28,NA,NA,1,1,NA
"US","United States",2022,NA,17.272,0.282,NA,NA,1,1,NA
"UY","Uruguay",1995,6.013,0.177,0.002,19.29,89,70,60,116
"UY","Uruguay",1996,6.391,0.175,0.002,20.62,84,70,60,113
"UY","Uruguay",1997,6.265,0.173,0.002,20.33,87,72,60,114
"UY","Uruguay",1998,6.105,0.171,0.002,19.92,88,72,61,118
"UY","Uruguay",1999,6.398,0.17,0.002,20.98,82,72,61,113
"UY","Uruguay",2000,5.805,0.167,0.002,19.11,87,74,62,119
"UY","Uruguay",2001,6.656,0.165,0.002,21.97,77,74,62,110
"UY","Uruguay",2002,6.741,0.163,0.002,22.29,76,76,62,109
"UY","Uruguay",2003,7,0.161,0.002,23.17,73,78,63,109
"UY","Uruguay",2004,7.568,0.16,0.002,25.08,65,78,65,107
"UY","Uruguay",2005,7.611,0.158,0.002,25.25,65,78,65,111
"UY","Uruguay",2006,8.241,0.157,0.002,27.38,61,79,66,107
"UY","Uruguay",2007,7.913,0.156,0.002,26.34,62,80,67,111
"UY","Uruguay",2008,8.669,0.155,0.002,28.92,57,80,69,106
"UY","Uruguay",2009,8.513,0.154,0.002,28.47,55,80,70,105
"UY","Uruguay",2010,7.779,0.154,0.002,26.08,60,80,71,117
"UY","Uruguay",2011,9.135,0.153,0.002,30.71,52,80,73,102
"UY","Uruguay",2012,9.365,0.152,0.002,31.57,49,81,74,104
"UY","Uruguay",2013,9.044,0.15,0.002,30.58,50,80,74,106
"UY","Uruguay",2014,8.869,0.149,0.002,30.08,49,80,76,106
"UY","Uruguay",2015,8.804,0.148,0.002,29.96,48,81,76,108
"UY","Uruguay",2016,10.361,0.148,0.002,35.37,42,81,77,107
"UY","Uruguay",2017,10.113,0.147,0.002,34.61,43,81,78,109
"UY","Uruguay",2018,10.073,0.146,0.002,34.52,40,81,79,108
"UY","Uruguay",2019,10.165,0.145,0.002,34.85,39,82,80,109
"UY","Uruguay",2020,9.997,0.144,0.002,34.28,37,82,80,107
"UY","Uruguay",2021,NA,0.143,0.002,NA,NA,82,81,NA
"UY","Uruguay",2022,NA,0.143,0.002,NA,NA,82,81,NA
"UZ","Uzbekistan",1995,6.43,0.345,0.004,148.06,85,46,38,36
"UZ","Uzbekistan",1996,6.365,0.348,0.004,149.37,86,46,40,36
"UZ","Uzbekistan",1997,6.435,0.35,0.004,153.64,84,46,40,35
"UZ","Uzbekistan",1998,7.034,0.353,0.004,170.62,78,46,41,35
"UZ","Uzbekistan",1999,6.948,0.356,0.004,170.93,78,45,42,34
"UZ","Uzbekistan",2000,7.133,0.358,0.004,177.8,74,45,42,34
"UZ","Uzbekistan",2001,6.71,0.361,0.004,169.41,75,45,42,34
"UZ","Uzbekistan",2002,6.869,0.366,0.004,175.7,74,44,44,35
"UZ","Uzbekistan",2003,6.487,0.369,0.004,168.06,78,44,44,37
"UZ","Uzbekistan",2004,6.553,0.371,0.005,171.91,79,44,37,37
"UZ","Uzbekistan",2005,6.206,0.373,0.005,164.92,81,44,37,37
"UZ","Uzbekistan",2006,6.53,0.376,0.005,175.84,76,44,37,37
"UZ","Uzbekistan",2007,6.259,0.378,0.005,170.94,80,44,37,38
"UZ","Uzbekistan",2008,6.496,0.381,0.005,180.12,77,44,39,38
"UZ","Uzbekistan",2009,5.934,0.382,0.005,167.15,84,44,40,39
"UZ","Uzbekistan",2010,6.23,0.384,0.005,178.26,80,44,40,38
"UZ","Uzbekistan",2011,6.526,0.385,0.005,189.62,74,44,40,37
"UZ","Uzbekistan",2012,5.904,0.387,0.005,174.19,86,44,43,41
"UZ","Uzbekistan",2013,5.768,0.389,0.006,172.83,86,44,36,42
"UZ","Uzbekistan",2014,5.417,0.39,0.006,164.93,96,44,37,43
"UZ","Uzbekistan",2015,5.168,0.39,0.006,159.95,95,43,37,44
"UZ","Uzbekistan",2016,5.363,0.391,0.006,168.7,97,44,37,44
"UZ","Uzbekistan",2017,5.447,0.392,0.006,174.02,95,44,38,44
"UZ","Uzbekistan",2018,5.592,0.393,0.006,181.47,91,44,39,43
"UZ","Uzbekistan",2019,5.666,0.394,0.006,186.84,89,44,42,43
"UZ","Uzbekistan",2020,5.493,0.395,0.006,184.15,84,44,43,42
"UZ","Uzbekistan",2021,NA,0.396,0.006,NA,NA,44,43,NA
"UZ","Uzbekistan",2022,NA,0.396,0.006,NA,NA,44,44,NA
"VU","Vanuatu",1995,3.282,0.005,0,0.56,126,164,126,168
"VU","Vanuatu",1996,3.32,0.005,0,0.58,124,164,128,168
"VU","Vanuatu",1997,3.242,0.005,0,0.58,126,164,129,168
"VU","Vanuatu",1998,3.168,0.005,0,0.58,128,164,129,168
"VU","Vanuatu",1999,3.148,0.005,0,0.59,128,164,130,167
"VU","Vanuatu",2000,2.967,0.005,0,0.57,130,164,130,169
"VU","Vanuatu",2001,2.791,0.005,0,0.55,129,164,133,170
"VU","Vanuatu",2002,2.721,0.005,0,0.55,135,164,135,170
"VU","Vanuatu",2003,2.75,0.006,0,0.57,134,162,135,170
"VU","Vanuatu",2004,2.589,0.006,0,0.55,140,162,135,172
"VU","Vanuatu",2005,2.619,0.006,0,0.57,139,162,135,171
"VU","Vanuatu",2006,2.557,0.006,0,0.57,143,162,135,173
"VU","Vanuatu",2007,3.022,0.006,0,0.69,128,162,136,169
"VU","Vanuatu",2008,2.992,0.006,0,0.7,131,163,136,169
"VU","Vanuatu",2009,2.879,0.005,0,0.69,132,164,136,169
"VU","Vanuatu",2010,2.892,0.005,0,0.71,134,164,135,169
"VU","Vanuatu",2011,2.905,0.005,0,0.73,134,164,135,168
"VU","Vanuatu",2012,2.837,0.005,0,0.73,135,164,136,168
"VU","Vanuatu",2013,2.732,0.005,0,0.72,137,164,137,168
"VU","Vanuatu",2014,2.89,0.005,0,0.78,135,164,138,168
"VU","Vanuatu",2015,2.568,0.005,0,0.71,138,164,138,168
"VU","Vanuatu",2016,2.26,0.005,0,0.64,147,164,138,174
"VU","Vanuatu",2017,2.239,0.005,0,0.65,148,164,138,174
"VU","Vanuatu",2018,2.287,0.005,0,0.68,149,165,139,175
"VU","Vanuatu",2019,2.102,0.005,0,0.64,155,165,139,176
"VU","Vanuatu",2020,1.893,0.005,0,0.59,157,165,140,175
"VU","Vanuatu",2021,NA,0.005,0,NA,NA,165,142,NA
"VU","Vanuatu",2022,NA,0.005,0,NA,NA,165,142,NA
"VE","Venezuela",1995,22.3,0.642,0.007,492.99,12,26,25,12
"VE","Venezuela",1996,23.079,0.645,0.007,520.94,10,26,25,12
"VE","Venezuela",1997,23.464,0.648,0.007,540.55,9,26,25,12
"VE","Venezuela",1998,23.051,0.654,0.007,541.78,10,26,25,13
"VE","Venezuela",1999,21.653,0.658,0.007,518.95,12,26,26,13
"VE","Venezuela",2000,21.921,0.663,0.008,535.48,13,26,24,13
"VE","Venezuela",2001,19.42,0.666,0.008,483.18,14,25,25,13
"VE","Venezuela",2002,18.394,0.67,0.008,465.94,16,25,25,15
"VE","Venezuela",2003,17.49,0.672,0.008,450.92,17,25,25,16
"VE","Venezuela",2004,18.088,0.674,0.008,474.38,18,25,25,17
"VE","Venezuela",2005,18.548,0.676,0.008,494.65,18,25,25,15
"VE","Venezuela",2006,18.185,0.678,0.009,492.85,19,25,24,16
"VE","Venezuela",2007,17.741,0.679,0.009,488.33,20,25,24,17
"VE","Venezuela",2008,18.056,0.681,0.009,504.37,19,25,24,17
"VE","Venezuela",2009,17.399,0.681,0.009,492.87,18,25,24,17
"VE","Venezuela",2010,17.302,0.682,0.009,496.84,19,25,25,17
"VE","Venezuela",2011,17.679,0.681,0.009,514.4,22,25,25,18
"VE","Venezuela",2012,18.654,0.68,0.009,549.73,21,25,25,17
"VE","Venezuela",2013,18.516,0.681,0.01,552.48,21,25,24,17
"VE","Venezuela",2014,18.14,0.68,0.01,547.72,20,26,24,17
"VE","Venezuela",2015,17.163,0.678,0.01,523.98,21,26,24,17
"VE","Venezuela",2016,14.016,0.675,0.01,430.86,26,27,24,19
"VE","Venezuela",2017,12.898,0.67,0.01,394.21,29,27,27,22
"VE","Venezuela",2018,11.835,0.663,0.01,352.99,33,28,27,28
"VE","Venezuela",2019,10.419,0.655,0.01,301.85,37,30,28,29
"VE","Venezuela",2020,8.341,0.646,0.01,237.63,54,31,29,36
"VE","Venezuela",2021,NA,0.637,0.01,NA,NA,33,31,NA
"VE","Venezuela",2022,NA,0.629,0.01,NA,NA,33,32,NA
"VN","Vietnam",1995,0.335,0.543,0.006,24.73,185,29,27,101
"VN","Vietnam",1996,0.433,0.545,0.006,32.45,185,29,27,89
"VN","Vietnam",1997,0.526,0.547,0.006,40.02,184,29,27,86
"VN","Vietnam",1998,0.668,0.55,0.006,51.5,183,28,27,75
"VN","Vietnam",1999,0.711,0.556,0.006,55.58,181,28,27,71
"VN","Vietnam",2000,0.799,0.562,0.006,63.11,179,28,28,69
"VN","Vietnam",2001,1.972,0.567,0.007,157.44,156,29,27,36
"VN","Vietnam",2002,2.149,0.571,0.007,173.32,151,29,27,36
"VN","Vietnam",2003,2.192,0.575,0.007,178.59,149,29,27,35
"VN","Vietnam",2004,2.409,0.581,0.007,198.32,146,29,27,35
"VN","Vietnam",2005,2.495,0.586,0.007,207.44,143,29,29,35
"VN","Vietnam",2006,2.515,0.59,0.007,211.11,146,29,29,34
"VN","Vietnam",2007,2.655,0.596,0.008,225.07,143,29,26,34
"VN","Vietnam",2008,2.74,0.6,0.008,234.52,139,29,27,32
"VN","Vietnam",2009,2.971,0.607,0.008,256.94,129,29,28,32
"VN","Vietnam",2010,3.152,0.613,0.008,275.5,127,29,28,32
"VN","Vietnam",2011,2.702,0.618,0.008,238.68,139,29,29,31
"VN","Vietnam",2012,2.691,0.621,0.009,240.34,139,30,25,31
"VN","Vietnam",2013,2.825,0.625,0.009,254.97,134,29,27,31
"VN","Vietnam",2014,2.95,0.633,0.009,269.15,132,29,27,31
"VN","Vietnam",2015,3.155,0.64,0.009,290.84,126,30,29,29
"VN","Vietnam",2016,3.449,0.646,0.01,321.21,122,30,24,29
"VN","Vietnam",2017,3.5,0.652,0.01,329.08,121,30,27,29
"VN","Vietnam",2018,4.074,0.659,0.01,386.71,116,29,27,22
"VN","Vietnam",2019,4.614,0.667,0.01,441.96,108,28,28,20
"VN","Vietnam",2020,4.74,0.676,0.011,458.14,103,28,26,18
"VN","Vietnam",2021,NA,0.684,0.011,NA,NA,28,26,NA
"VN","Vietnam",2022,NA,0.691,0.011,NA,NA,27,27,NA
"EH","Western Sahara",NA,NA,NA,NA,NA,NA,NA,NA,NA
"YE","Yemen",1995,1.6,0.034,0,25.77,160,136,126,99
"YE","Yemen",1996,1.59,0.036,0,26.42,160,135,128,100
"YE","Yemen",1997,1.643,0.037,0,28.11,159,135,129,99
"YE","Yemen",1998,1.666,0.039,0,29.33,159,134,129,98
"YE","Yemen",1999,1.764,0.041,0,31.96,159,134,130,96
"YE","Yemen",2000,1.863,0.043,0,34.7,156,132,130,93
"YE","Yemen",2001,1.878,0.045,0.001,35.96,157,128,88,91
"YE","Yemen",2002,1.833,0.046,0.001,36.04,158,127,88,90
"YE","Yemen",2003,1.964,0.049,0.001,39.65,158,126,88,86
"YE","Yemen",2004,1.938,0.051,0.001,40.19,158,125,90,86
"YE","Yemen",2005,1.994,0.053,0.001,42.52,157,125,92,86
"YE","Yemen",2006,2.001,0.056,0.001,43.96,155,124,92,86
"YE","Yemen",2007,1.984,0.059,0.001,44.93,158,122,94,86
"YE","Yemen",2008,1.922,0.061,0.001,44.83,159,121,94,87
"YE","Yemen",2009,1.983,0.063,0.001,47.66,156,120,94,85
"YE","Yemen",2010,1.944,0.066,0.001,48.1,158,117,96,85
"YE","Yemen",2011,1.732,0.068,0.001,44.13,161,117,96,86
"YE","Yemen",2012,1.546,0.069,0.001,40.55,166,116,97,91
"YE","Yemen",2013,1.814,0.071,0.001,48.95,160,116,97,82
"YE","Yemen",2014,1.717,0.072,0.001,47.64,163,116,97,85
"YE","Yemen",2015,0.978,0.072,0.001,27.9,180,116,98,113
"YE","Yemen",2016,0.773,0.072,0.001,22.62,182,115,98,121
"YE","Yemen",2017,0.768,0.072,0.001,23.06,185,115,100,120
"YE","Yemen",2018,0.813,0.072,0.001,25.02,185,114,101,118
"YE","Yemen",2019,0.822,0.072,0.001,25.93,184,114,102,117
"YE","Yemen",2020,0.755,0.071,0.001,24.39,183,114,103,117
"YE","Yemen",2021,NA,0.071,0.001,NA,NA,114,104,NA
"YE","Yemen",2022,NA,0.071,0.001,NA,NA,113,104,NA
"ZM","Zambia",1995,7.008,0.228,0.002,60.86,75,60,60,66
"ZM","Zambia",1996,5.481,0.228,0.002,48.79,96,60,60,78
"ZM","Zambia",1997,5.396,0.226,0.002,49.28,98,60,60,79
"ZM","Zambia",1998,5.391,0.226,0.003,50.53,98,60,49,76
"ZM","Zambia",1999,5.079,0.225,0.003,48.87,99,59,51,78
"ZM","Zambia",2000,4.592,0.223,0.003,45.42,106,59,51,79
"ZM","Zambia",2001,5.248,0.223,0.003,53.49,91,60,52,75
"ZM","Zambia",2002,5.416,0.222,0.003,56.91,90,60,52,73
"ZM","Zambia",2003,5.848,0.222,0.003,63.38,86,60,52,71
"ZM","Zambia",2004,5.725,0.221,0.003,64.05,88,59,52,69
"ZM","Zambia",2005,5.786,0.222,0.003,66.91,88,59,53,68
"ZM","Zambia",2006,5.154,0.221,0.003,61.7,96,59,53,73
"ZM","Zambia",2007,5.212,0.221,0.003,64.64,96,59,54,74
"ZM","Zambia",2008,5.25,0.221,0.003,67.48,95,59,54,71
"ZM","Zambia",2009,4.77,0.221,0.003,63.53,102,58,55,72
"ZM","Zambia",2010,5.112,0.221,0.003,70.5,95,58,56,68
"ZM","Zambia",2011,5.928,0.22,0.003,84.57,86,58,57,62
"ZM","Zambia",2012,5.989,0.22,0.003,88.3,81,58,57,61
"ZM","Zambia",2013,5.875,0.219,0.003,89.5,82,59,57,61
"ZM","Zambia",2014,5.727,0.219,0.003,90.13,87,59,57,61
"ZM","Zambia",2015,5.923,0.218,0.003,96.24,80,59,57,57
"ZM","Zambia",2016,5.654,0.218,0.003,94.8,90,59,58,58
"ZM","Zambia",2017,5.498,0.218,0.003,95.11,92,60,58,59
"ZM","Zambia",2018,5.262,0.217,0.003,93.86,98,60,58,60
"ZM","Zambia",2019,5.122,0.216,0.003,94.15,102,62,59,60
"ZM","Zambia",2020,4.818,0.216,0.003,91.19,102,62,62,59
"ZM","Zambia",2021,NA,0.215,0.003,NA,NA,62,62,NA
"ZM","Zambia",2022,NA,0.215,0.004,NA,NA,62,52,NA
"ZW","Zimbabwe",1995,3.608,0.117,0.001,39.67,120,91,84,84
"ZW","Zimbabwe",1996,3.731,0.118,0.001,41.71,119,90,84,82
"ZW","Zimbabwe",1997,3.593,0.118,0.001,40.83,121,90,85,84
"ZW","Zimbabwe",1998,3.647,0.119,0.001,42.12,119,90,87,84
"ZW","Zimbabwe",1999,3.795,0.12,0.001,44.46,118,90,87,81
"ZW","Zimbabwe",2000,3.503,0.12,0.001,41.46,120,91,88,84
"ZW","Zimbabwe",2001,3.552,0.121,0.001,42.31,114,91,88,85
"ZW","Zimbabwe",2002,3.313,0.121,0.001,39.71,120,91,88,86
"ZW","Zimbabwe",2003,3.095,0.121,0.001,37.38,122,91,88,92
"ZW","Zimbabwe",2004,3.079,0.121,0.001,37.44,122,90,90,92
"ZW","Zimbabwe",2005,3.126,0.121,0.002,38.21,123,90,65,89
"ZW","Zimbabwe",2006,3.014,0.121,0.002,37.16,126,90,66,93
"ZW","Zimbabwe",2007,3.03,0.121,0.002,37.73,127,90,67,93
"ZW","Zimbabwe",2008,2.861,0.12,0.002,35.91,134,91,69,98
"ZW","Zimbabwe",2009,2.885,0.12,0.002,36.58,131,91,70,96
"ZW","Zimbabwe",2010,3.072,0.12,0.002,39.45,129,91,71,92
"ZW","Zimbabwe",2011,3.234,0.119,0.002,42.13,127,91,73,89
"ZW","Zimbabwe",2012,3.183,0.118,0.002,42.23,128,93,74,90
"ZW","Zimbabwe",2013,3.112,0.118,0.002,42.19,129,93,74,90
"ZW","Zimbabwe",2014,2.911,0.117,0.002,40.34,134,93,76,91
"ZW","Zimbabwe",2015,2.957,0.116,0.002,41.86,133,94,76,90
"ZW","Zimbabwe",2016,7.979,0.115,0.002,115.32,61,94,77,52
"ZW","Zimbabwe",2017,7.796,0.115,0.002,115,62,94,78,52
"ZW","Zimbabwe",2018,7.757,0.114,0.002,116.76,63,94,79,52
"ZW","Zimbabwe",2019,7.557,0.113,0.002,116.03,62,94,80,52
"ZW","Zimbabwe",2020,7.224,0.112,0.002,113.2,62,94,80,53
"ZW","Zimbabwe",2021,NA,0.11,0.002,NA,NA,96,81,NA
"ZW","Zimbabwe",2022,NA,0.11,0.002,NA,NA,94,81,NA
"GL","Greenland",1995,15.029,0.217,0.002,78.68,22,62,60,59
"GL","Greenland",1996,17.544,0.217,0.002,92.21,19,62,60,52
"GL","Greenland",1997,15.64,0.216,0.002,82.54,19,62,60,55
"GL","Greenland",1998,14.822,0.215,0.002,78.54,23,63,61,57
"GL","Greenland",1999,14.243,0.215,0.002,75.77,24,63,61,61
"GL","Greenland",2000,13.495,0.213,0.002,72.07,27,62,62,63
"GL","Greenland",2001,13.696,0.212,0.002,73.42,28,62,62,65
"GL","Greenland",2002,13.529,0.211,0.002,72.77,28,62,62,66
"GL","Greenland",2003,14.506,0.21,0.003,78.28,28,62,52,63
"GL","Greenland",2004,13.315,0.209,0.003,72.11,32,62,52,67
"GL","Greenland",2005,12.586,0.208,0.003,68.42,34,62,53,67
"GL","Greenland",2006,13.938,0.207,0.003,76.07,29,62,53,65
"GL","Greenland",2007,12.988,0.205,0.003,71.17,31,63,54,68
"GL","Greenland",2008,12.288,0.204,0.003,67.62,32,63,54,70
"GL","Greenland",2009,11.704,0.203,0.003,64.68,33,63,55,71
"GL","Greenland",2010,11.699,0.201,0.003,64.94,38,65,56,73
"GL","Greenland",2011,10.314,0.199,0.003,57.51,42,64,57,79
"GL","Greenland",2012,9.354,0.197,0.003,52.39,50,64,57,80
"GL","Greenland",2013,9.562,0.196,0.003,53.79,48,65,57,78
"GL","Greenland",2014,8.776,0.194,0.003,49.59,50,66,57,79
"GL","Greenland",2015,8.378,0.192,0.003,47.57,51,66,57,84
"GL","Greenland",2016,9.114,0.19,0.003,52.01,51,68,58,82
"GL","Greenland",2017,8.67,0.188,0.003,49.74,53,69,58,88
"GL","Greenland",2018,8.528,0.186,0.003,49.18,53,70,58,88
"GL","Greenland",2019,7.873,0.184,0.003,45.63,58,70,59,91
"GL","Greenland",2020,7.414,0.183,0.003,43.19,57,70,62,95
"GL","Greenland",2021,NA,0.181,0.003,NA,NA,71,62,NA
"GL","Greenland",2022,NA,0.179,0.003,NA,NA,71,63,NA
"SJ","Svalbard and Jan Mayen",1995,8.439,0.162,0.002,36.79,58,75,60,86
"SJ","Svalbard and Jan Mayen",1996,8.429,0.164,0.002,36.93,60,75,60,86
"SJ","Svalbard and Jan Mayen",1997,8.776,0.166,0.002,38.66,60,75,60,88
"SJ","Svalbard and Jan Mayen",1998,9.01,0.168,0.002,39.93,55,73,61,87
"SJ","Svalbard and Jan Mayen",1999,9.401,0.169,0.002,41.95,51,73,61,85
"SJ","Svalbard and Jan Mayen",2000,8.103,0.171,0.002,36.39,62,72,62,91
"SJ","Svalbard and Jan Mayen",2001,6.393,0.173,0.002,28.86,81,72,62,99
"SJ","Svalbard and Jan Mayen",2002,6.258,0.174,0.002,28.4,82,72,62,102
"SJ","Svalbard and Jan Mayen",2003,6.67,0.176,0.002,30.45,77,72,63,99
"SJ","Svalbard and Jan Mayen",2004,6.7,0.177,0.002,30.77,77,72,65,100
"SJ","Svalbard and Jan Mayen",2005,6.439,0.179,0.002,29.77,78,73,65,102
"SJ","Svalbard and Jan Mayen",2006,6.458,0.18,0.002,30.1,79,73,66,103
"SJ","Svalbard and Jan Mayen",2007,6.463,0.181,0.002,30.44,77,73,67,103
"SJ","Svalbard and Jan Mayen",2008,6.109,0.181,0.002,29.13,83,73,69,105
"SJ","Svalbard and Jan Mayen",2009,5.949,0.182,0.002,28.73,83,73,70,104
"SJ","Svalbard and Jan Mayen",2010,6.409,0.182,0.002,31.34,77,72,71,102
"SJ","Svalbard and Jan Mayen",2011,6.89,0.182,0.002,34.13,67,73,73,95
"SJ","Svalbard and Jan Mayen",2012,6.732,0.181,0.003,33.79,66,73,57,95
"SJ","Svalbard and Jan Mayen",2013,6.796,0.181,0.003,34.53,62,73,57,96
"SJ","Svalbard and Jan Mayen",2014,6.736,0.18,0.003,34.61,62,74,57,96
"SJ","Svalbard and Jan Mayen",2015,6.797,0.18,0.003,35.28,62,74,57,96
"SJ","Svalbard and Jan Mayen",2016,6.632,0.179,0.003,34.73,71,73,58,109
"SJ","Svalbard and Jan Mayen",2017,6.518,0.178,0.003,34.4,75,73,58,110
"SJ","Svalbard and Jan Mayen",2018,6.355,0.177,0.003,33.76,80,73,58,110
"SJ","Svalbard and Jan Mayen",2019,6.137,0.176,0.003,32.82,80,73,59,112
"SJ","Svalbard and Jan Mayen",2020,5.824,0.174,0.003,31.33,80,74,62,110
"SJ","Svalbard and Jan Mayen",2021,NA,0.173,0.003,NA,NA,74,62,NA
"SJ","Svalbard and Jan Mayen",2022,NA,0.172,0.003,NA,NA,75,63,NA
"EH","Western Sahara",1995,NA,NA,NA,NA,NA,NA,NA,NA
"EH","Western Sahara",1996,NA,NA,NA,NA,NA,NA,NA,NA
"EH","Western Sahara",1997,NA,NA,NA,NA,NA,NA,NA,NA
"EH","Western Sahara",1998,NA,NA,NA,NA,NA,NA,NA,NA
"EH","Western Sahara",1999,NA,NA,NA,NA,NA,NA,NA,NA
"EH","Western Sahara",2000,NA,NA,NA,NA,NA,NA,NA,NA
"EH","Western Sahara",2001,NA,NA,NA,NA,NA,NA,NA,NA
"EH","Western Sahara",2002,NA,NA,NA,NA,NA,NA,NA,NA
"EH","Western Sahara",2003,NA,NA,NA,NA,NA,NA,NA,NA
"EH","Western Sahara",2004,NA,NA,NA,NA,NA,NA,NA,NA
"EH","Western Sahara",2005,NA,NA,NA,NA,NA,NA,NA,NA
"EH","Western Sahara",2006,NA,NA,NA,NA,NA,NA,NA,NA
"EH","Western Sahara",2007,NA,NA,NA,NA,NA,NA,NA,NA
"EH","Western Sahara",2008,NA,NA,NA,NA,NA,NA,NA,NA
"EH","Western Sahara",2009,NA,NA,NA,NA,NA,NA,NA,NA
"EH","Western Sahara",2010,NA,NA,NA,NA,NA,NA,NA,NA
"EH","Western Sahara",2011,NA,NA,NA,NA,NA,NA,NA,NA
"EH","Western Sahara",2012,NA,NA,NA,NA,NA,NA,NA,NA
"EH","Western Sahara",2013,NA,NA,NA,NA,NA,NA,NA,NA
"EH","Western Sahara",2014,NA,NA,NA,NA,NA,NA,NA,NA
"EH","Western Sahara",2015,NA,NA,NA,NA,NA,NA,NA,NA
"EH","Western Sahara",2016,NA,NA,NA,NA,NA,NA,NA,NA
"EH","Western Sahara",2017,NA,NA,NA,NA,NA,NA,NA,NA
"EH","Western Sahara",2018,NA,NA,NA,NA,NA,NA,NA,NA
"EH","Western Sahara",2019,NA,NA,NA,NA,NA,NA,NA,NA
"EH","Western Sahara",2020,NA,NA,NA,NA,NA,NA,NA,NA
"EH","Western Sahara",2021,NA,NA,NA,NA,NA,NA,NA,NA
"EH","Western Sahara",2022,NA,NA,NA,NA,NA,NA,NA,NA
"EH","Western Sahara",NA,NA,NA,NA,NA,NA,NA,NA,NA
"CZ","Czech Republic",1995,NA,NA,NA,NA,NA,NA,NA,NA
"CZ","Czech Republic",1996,NA,NA,NA,NA,NA,NA,NA,NA
"CZ","Czech Republic",1997,NA,NA,NA,NA,NA,NA,NA,NA
"CZ","Czech Republic",1998,NA,NA,NA,NA,NA,NA,NA,NA
"CZ","Czech Republic",1999,NA,NA,NA,NA,NA,NA,NA,NA
"CZ","Czech Republic",2000,NA,NA,NA,NA,NA,NA,NA,NA
"CZ","Czech Republic",2001,NA,NA,NA,NA,NA,NA,NA,NA
"CZ","Czech Republic",2002,NA,NA,NA,NA,NA,NA,NA,NA
"CZ","Czech Republic",2003,NA,NA,NA,NA,NA,NA,NA,NA
"CZ","Czech Republic",2004,NA,NA,NA,NA,NA,NA,NA,NA
"CZ","Czech Republic",2005,NA,NA,NA,NA,NA,NA,NA,NA
"CZ","Czech Republic",2006,NA,NA,NA,NA,NA,NA,NA,NA
"CZ","Czech Republic",2007,NA,NA,NA,NA,NA,NA,NA,NA
"CZ","Czech Republic",2008,NA,NA,NA,NA,NA,NA,NA,NA
"CZ","Czech Republic",2009,NA,NA,NA,NA,NA,NA,NA,NA
"CZ","Czech Republic",2010,NA,NA,NA,NA,NA,NA,NA,NA
"CZ","Czech Republic",2011,NA,NA,NA,NA,NA,NA,NA,NA
"CZ","Czech Republic",2012,NA,NA,NA,NA,NA,NA,NA,NA
"CZ","Czech Republic",2013,NA,NA,NA,NA,NA,NA,NA,NA
"CZ","Czech Republic",2014,NA,NA,NA,NA,NA,NA,NA,NA
"CZ","Czech Republic",2015,NA,NA,NA,NA,NA,NA,NA,NA
"CZ","Czech Republic",2016,NA,NA,NA,NA,NA,NA,NA,NA
"CZ","Czech Republic",2017,NA,NA,NA,NA,NA,NA,NA,NA
"CZ","Czech Republic",2018,NA,NA,NA,NA,NA,NA,NA,NA
"CZ","Czech Republic",2019,NA,NA,NA,NA,NA,NA,NA,NA
"CZ","Czech Republic",2020,NA,NA,NA,NA,NA,NA,NA,NA
"CZ","Czech Republic",2021,NA,NA,NA,NA,NA,NA,NA,NA
"CZ","Czech Republic",2022,NA,NA,NA,NA,NA,NA,NA,NA
"CZ","Czech Republic",NA,NA,NA,NA,NA,NA,NA,NA,NA
