ISO3,Name,readi_economic_1995,readi_economic_1996,readi_economic_1997,readi_economic_1998,readi_economic_1999,readi_economic_2000,readi_economic_2001,readi_economic_2002,readi_economic_2003,readi_economic_2004,readi_economic_2005,readi_economic_2006,readi_economic_2007,readi_economic_2008,readi_economic_2009,readi_economic_2010,readi_economic_2011,readi_economic_2012,readi_economic_2013,readi_economic_2014,readi_economic_2015,readi_economic_2016,readi_economic_2017,readi_economic_2018,readi_economic_2019,readi_economic_2020,readi_economic_2021,readi_economic_Rank_1995,readi_economic_Rank_1996,readi_economic_Rank_1997,readi_economic_Rank_1998,readi_economic_Rank_1999,readi_economic_Rank_2000,readi_economic_Rank_2001,readi_economic_Rank_2002,readi_economic_Rank_2003,readi_economic_Rank_2004,readi_economic_Rank_2005,readi_economic_Rank_2006,readi_economic_Rank_2007,readi_economic_Rank_2008,readi_economic_Rank_2009,readi_economic_Rank_2010,readi_economic_Rank_2011,readi_economic_Rank_2012,readi_economic_Rank_2013,readi_economic_Rank_2014,readi_economic_Rank_2015,readi_economic_Rank_2016,readi_economic_Rank_2017,readi_economic_Rank_2018,readi_economic_Rank_2019,readi_economic_Rank_2020,readi_economic_Rank_2021,readi_governance_1995,readi_governance_1996,readi_governance_1997,readi_governance_1998,readi_governance_1999,readi_governance_2000,readi_governance_2001,readi_governance_2002,readi_governance_2003,readi_governance_2004,readi_governance_2005,readi_governance_2006,readi_governance_2007,readi_governance_2008,readi_governance_2009,readi_governance_2010,readi_governance_2011,readi_governance_2012,readi_governance_2013,readi_governance_2014,readi_governance_2015,readi_governance_2016,readi_governance_2017,readi_governance_2018,readi_governance_2019,readi_governance_2020,readi_governance_2021,readi_governance_Rank_1995,readi_governance_Rank_1996,readi_governance_Rank_1997,readi_governance_Rank_1998,readi_governance_Rank_1999,readi_governance_Rank_2000,readi_governance_Rank_2001,readi_governance_Rank_2002,readi_governance_Rank_2003,readi_governance_Rank_2004,readi_governance_Rank_2005,readi_governance_Rank_2006,readi_governance_Rank_2007,readi_governance_Rank_2008,readi_governance_Rank_2009,readi_governance_Rank_2010,readi_governance_Rank_2011,readi_governance_Rank_2012,readi_governance_Rank_2013,readi_governance_Rank_2014,readi_governance_Rank_2015,readi_governance_Rank_2016,readi_governance_Rank_2017,readi_governance_Rank_2018,readi_governance_Rank_2019,readi_governance_Rank_2020,readi_governance_Rank_2021,readi_readiness_1995,readi_readiness_1996,readi_readiness_1997,readi_readiness_1998,readi_readiness_1999,readi_readiness_2000,readi_readiness_2001,readi_readiness_2002,readi_readiness_2003,readi_readiness_2004,readi_readiness_2005,readi_readiness_2006,readi_readiness_2007,readi_readiness_2008,readi_readiness_2009,readi_readiness_2010,readi_readiness_2011,readi_readiness_2012,readi_readiness_2013,readi_readiness_2014,readi_readiness_2015,readi_readiness_2016,readi_readiness_2017,readi_readiness_2018,readi_readiness_2019,readi_readiness_2020,readi_readiness_2021,readi_readiness_Rank_1995,readi_readiness_Rank_1996,readi_readiness_Rank_1997,readi_readiness_Rank_1998,readi_readiness_Rank_1999,readi_readiness_Rank_2000,readi_readiness_Rank_2001,readi_readiness_Rank_2002,readi_readiness_Rank_2003,readi_readiness_Rank_2004,readi_readiness_Rank_2005,readi_readiness_Rank_2006,readi_readiness_Rank_2007,readi_readiness_Rank_2008,readi_readiness_Rank_2009,readi_readiness_Rank_2010,readi_readiness_Rank_2011,readi_readiness_Rank_2012,readi_readiness_Rank_2013,readi_readiness_Rank_2014,readi_readiness_Rank_2015,readi_readiness_Rank_2016,readi_readiness_Rank_2017,readi_readiness_Rank_2018,readi_readiness_Rank_2019,readi_readiness_Rank_2020,readi_readiness_Rank_2021,readi_social_1995,readi_social_1996,readi_social_1997,readi_social_1998,readi_social_1999,readi_social_2000,readi_social_2001,readi_social_2002,readi_social_2003,readi_social_2004,readi_social_2005,readi_social_2006,readi_social_2007,readi_social_2008,readi_social_2009,readi_social_2010,readi_social_2011,readi_social_2012,readi_social_2013,readi_social_2014,readi_social_2015,readi_social_2016,readi_social_2017,readi_social_2018,readi_social_2019,readi_social_2020,readi_social_2021,readi_social_Rank_1995,readi_social_Rank_1996,readi_social_Rank_1997,readi_social_Rank_1998,readi_social_Rank_1999,readi_social_Rank_2000,readi_social_Rank_2001,readi_social_Rank_2002,readi_social_Rank_2003,readi_social_Rank_2004,readi_social_Rank_2005,readi_social_Rank_2006,readi_social_Rank_2007,readi_social_Rank_2008,readi_social_Rank_2009,readi_social_Rank_2010,readi_social_Rank_2011,readi_social_Rank_2012,readi_social_Rank_2013,readi_social_Rank_2014,readi_social_Rank_2015,readi_social_Rank_2016,readi_social_Rank_2017,readi_social_Rank_2018,readi_social_Rank_2019,readi_social_Rank_2020,readi_social_Rank_2021,,,,,,,,,,,,,,,,,,,,,,,,,,,,,,,,,,,,,,,,,,,,,,,,,,,,,,,,,,,,,,,,,,,,,,,,,,,,,,,,,,,,,,,,,,,,,,,,,,,,,,,,,,,,,,,,,,,,,,,,,,,,,,,,,,,,,,,,,,,,,,,,,,,,,,,,,,,,,,,,,,,,,,,,,,,,,,,,,,,,,,,,,,,,,,,,,,,,,,,,,,,,,,,,,,,,,,,,,,,,,,,,,,,,,,,,,,,,,,,,,,,,,,,,,,,,,,,,,,,,,,,,,,,,,,,,,,,,,,,,,,,,,,,,,,,,,,,,,,,,,,,,,,,,,,,,,,,,,,,,,,,,,,,,,,,,,,,,,,,,,,,,,,,,,,,,,,,,,,,,,,,,,,,,,,,,,,,,,,
AF,Afghanistan,0.496497408,0.496497408,0.496497408,0.496497408,0.496497408,0.496497408,0.496497408,0.496497408,0.496497408,0.496497408,0.336072614,0.249236581,0.244378168,0.233300987,0.223551772,0.213381494,0.177526407,0.175064811,0.178627647,0.201494577,0.20023139,0.261155888,0.23874241,0.210239721,0.224048916,0.213706063,0.213706063,20,20,20,20,20,20,20,20,20,20,155,166,167,170,172,169,176,179,179,175,177,171,180,185,184,185,185,0.132618817,0.132618817,0.137714221,0.142809624,0.138254404,0.133699184,0.152263057,0.170826931,0.181366665,0.167750134,0.166997745,0.147643156,0.130028941,0.117235679,0.121755044,0.129718566,0.13206076,0.175743917,0.172591805,0.19377972,0.190643677,0.158643804,0.1496268,0.15825988,0.166566874,0.141879808,0.169529203,190,190,191,191,191,192,191,191,190,189,190,190,191,191,191,191,191,191,190,184,186,188,188,187,187,187,187,0.309233694,0.309232875,0.310930611,0.312628389,0.311109285,0.309590782,0.315778798,0.321983128,0.325616117,0.321285451,0.268544025,0.234395609,0.228242139,0.222134631,0.222304415,0.221380317,0.211801249,0.227235923,0.228998892,0.245496862,0.244925419,0.255800963,0.24628762,0.240847535,0.248754975,0.237433403,0.246442145,142,142,139,137,140,143,139,133,131,133,173,179,181,184,185,181,184,181,181,179,178,179,179,181,179,183,180,0.298584857,0.298582399,0.298580203,0.298578136,0.298576044,0.298575753,0.298575928,0.298625044,0.298984278,0.299608811,0.302561717,0.30630709,0.310319306,0.315867226,0.32160643,0.32104089,0.325816579,0.33089904,0.335777223,0.341216287,0.34390119,0.347603198,0.350493651,0.354043003,0.355649134,0.356714339,0.35609117,50,49,50,51,53,55,57,58,57,59,58,62,67,66,67,71,72,71,73,73,74,76,77,78,79,80,82,,,,,,,,,,,,,,,,,,,,,,,,,,,,,,,,,,,,,,,,,,,,,,,,,,,,,,,,,,,,,,,,,,,,,,,,,,,,,,,,,,,,,,,,,,,,,,,,,,,,,,,,,,,,,,,,,,,,,,,,,,,,,,,,,,,,,,,,,,,,,,,,,,,,,,,,,,,,,,,,,,,,,,,,,,,,,,,,,,,,,,,,,,,,,,,,,,,,,,,,,,,,,,,,,,,,,,,,,,,,,,,,,,,,,,,,,,,,,,,,,,,,,,,,,,,,,,,,,,,,,,,,,,,,,,,,,,,,,,,,,,,,,,,,,,,,,,,,,,,,,,,,,,,,,,,,,,,,,,,,,,,,,,,,,,,,,,,,,,,,,,,,,,,,,,,,,,,,,,,,,,,,,,,,,,,,,,,,,,
AL,Albania,0.393304718,0.393304718,0.393304718,0.393304718,0.393304718,0.393304718,0.393304718,0.393304718,0.393304718,0.393304718,0.373028942,0.302776291,0.296687081,0.299569739,0.333772966,0.317545867,0.318258434,0.324703928,0.33853421,0.366324332,0.392592151,0.371377082,0.376041158,0.385142585,0.368236657,0.362694693,0.362694693,117,117,117,117,117,117,117,117,117,117,125,142,146,142,126,133,133,128,127,118,107,119,122,118,124,126,126,0.379199657,0.379199657,0.366712896,0.354226136,0.356635693,0.359045251,0.3734802,0.387915148,0.380313493,0.398481641,0.376343984,0.392984396,0.421986076,0.443420387,0.456567711,0.455988069,0.441998965,0.437612806,0.450077873,0.487928184,0.481821659,0.485972135,0.484250475,0.481746722,0.470083589,0.46874582,0.471892854,142,142,145,150,147,145,138,134,135,126,137,131,121,102,98,98,104,107,102,88,91,87,89,88,95,97,94,0.333298627,0.333790315,0.330375476,0.326482709,0.327744091,0.328781561,0.334774387,0.340991717,0.339063298,0.347190062,0.335914099,0.3232309,0.336123349,0.349297305,0.369820381,0.371243537,0.370480718,0.377449077,0.390160915,0.413643881,0.41974476,0.413795977,0.414696111,0.416754745,0.409915153,0.408106924,0.410559121,124,124,125,127,126,124,120,117,119,117,120,123,118,112,101,100,101,100,98,87,84,88,89,90,96,97,95,0.227391507,0.228866569,0.231108813,0.231917274,0.233291861,0.233994713,0.237538243,0.241755284,0.243571683,0.249783826,0.25836937,0.273932011,0.28969689,0.30490179,0.319120465,0.340196674,0.351184755,0.370030497,0.381870663,0.386679127,0.384820471,0.384038714,0.3837967,0.383374928,0.391425211,0.392880259,0.397089817,78,78,76,75,76,79,81,80,83,83,80,78,78,76,70,65,63,62,61,60,64,66,68,70,70,70,71,,,,,,,,,,,,,,,,,,,,,,,,,,,,,,,,,,,,,,,,,,,,,,,,,,,,,,,,,,,,,,,,,,,,,,,,,,,,,,,,,,,,,,,,,,,,,,,,,,,,,,,,,,,,,,,,,,,,,,,,,,,,,,,,,,,,,,,,,,,,,,,,,,,,,,,,,,,,,,,,,,,,,,,,,,,,,,,,,,,,,,,,,,,,,,,,,,,,,,,,,,,,,,,,,,,,,,,,,,,,,,,,,,,,,,,,,,,,,,,,,,,,,,,,,,,,,,,,,,,,,,,,,,,,,,,,,,,,,,,,,,,,,,,,,,,,,,,,,,,,,,,,,,,,,,,,,,,,,,,,,,,,,,,,,,,,,,,,,,,,,,,,,,,,,,,,,,,,,,,,,,,,,,,,,,,,,,,,,,
DZ,Algeria,0.4166251,0.4166251,0.4166251,0.4166251,0.4166251,0.4166251,0.4166251,0.4166251,0.4166251,0.4166251,0.377952134,0.293545307,0.29224973,0.29837133,0.293124245,0.264006157,0.251179947,0.246353923,0.256524201,0.264491998,0.269901031,0.285383173,0.329821457,0.324865875,0.33321273,0.323643175,0.323643175,96,96,96,96,96,96,96,96,96,96,120,149,149,146,150,151,156,157,158,155,157,162,139,140,138,142,142,0.288133022,0.288133022,0.277152396,0.266171769,0.276811143,0.287450516,0.303095219,0.318739922,0.332008219,0.351375415,0.381160136,0.358397139,0.353870767,0.349984931,0.327049589,0.321442348,0.309179078,0.309904653,0.332870584,0.311780993,0.313218831,0.312023137,0.32245909,0.32476399,0.311031403,0.323674988,0.331108251,169,169,172,175,175,170,161,157,157,148,136,140,146,146,156,159,164,163,155,163,165,167,163,162,165,160,159,0.300426043,0.301448228,0.298030475,0.294915752,0.298893349,0.303030218,0.30908047,0.31545385,0.320830036,0.329576695,0.330428593,0.297115614,0.297320102,0.30008893,0.292754309,0.281541233,0.274671102,0.274972343,0.287840852,0.285216629,0.291092497,0.30070327,0.323558503,0.324852923,0.325895758,0.328452762,0.333345093,152,151,154,159,152,152,148,141,136,128,127,138,143,142,150,155,162,159,150,155,151,153,137,139,139,138,138,0.196520007,0.19958656,0.200313928,0.201950388,0.203243805,0.205015038,0.20752109,0.210996527,0.213856787,0.220729569,0.232173511,0.239404396,0.24583981,0.25191053,0.258089094,0.259175194,0.263654281,0.268658454,0.274127771,0.279376896,0.29015763,0.304703498,0.318394962,0.324928903,0.333443141,0.338040124,0.345283854,106,102,104,102,104,109,110,110,113,111,104,103,105,108,105,106,110,112,106,109,102,98,88,90,87,87,85,,,,,,,,,,,,,,,,,,,,,,,,,,,,,,,,,,,,,,,,,,,,,,,,,,,,,,,,,,,,,,,,,,,,,,,,,,,,,,,,,,,,,,,,,,,,,,,,,,,,,,,,,,,,,,,,,,,,,,,,,,,,,,,,,,,,,,,,,,,,,,,,,,,,,,,,,,,,,,,,,,,,,,,,,,,,,,,,,,,,,,,,,,,,,,,,,,,,,,,,,,,,,,,,,,,,,,,,,,,,,,,,,,,,,,,,,,,,,,,,,,,,,,,,,,,,,,,,,,,,,,,,,,,,,,,,,,,,,,,,,,,,,,,,,,,,,,,,,,,,,,,,,,,,,,,,,,,,,,,,,,,,,,,,,,,,,,,,,,,,,,,,,,,,,,,,,,,,,,,,,,,,,,,,,,,,,,,,,,
AD,Andorra,NA,NA,NA,NA,NA,NA,NA,NA,NA,NA,NA,NA,NA,NA,NA,NA,NA,NA,NA,NA,NA,NA,NA,NA,NA,NA,NA,NA,NA,NA,NA,NA,NA,NA,NA,NA,NA,NA,NA,NA,NA,NA,NA,NA,NA,NA,NA,NA,NA,NA,NA,NA,NA,NA,NA,NA,NA,NA,NA,NA,NA,NA,NA,NA,NA,NA,NA,NA,NA,NA,NA,NA,NA,NA,NA,NA,NA,NA,NA,NA,NA,NA,NA,NA,NA,NA,NA,NA,NA,NA,NA,NA,NA,NA,NA,NA,NA,NA,NA,NA,NA,NA,NA,NA,NA,NA,NA,NA,0.161941177,0.16675303,0.172121462,0.182346526,0.189198066,0.195602545,0.199861389,0.20090105,0.217021455,0.239013104,0.261492071,0.287128957,0.327058248,0.334183018,0.354135538,0.365111377,0.370387539,0.375029509,0.37919761,0.383556043,0.391638024,0.397453324,0.402273365,0.404315963,0.46455616,0.474734065,0.478714965,192,192,192,192,191,191,191,192,192,184,177,149,123,123,112,102,102,102,101,100,98,100,97,97,69,66,65,0.161941177,0.16675303,0.172121462,0.182346526,0.189198066,0.195602545,0.199861389,0.20090105,0.217021455,0.239013104,0.261492071,0.287128957,0.327058248,0.334183018,0.354135538,0.365111377,0.370387539,0.375029509,0.37919761,0.383556043,0.391638024,0.397453324,0.402273365,0.404315963,0.46455616,0.474734065,0.478714965,140,134,134,127,120,118,117,119,110,94,78,71,59,60,60,59,60,60,62,62,60,62,62,63,48,48,48,,,,,,,,,,,,,,,,,,,,,,,,,,,,,,,,,,,,,,,,,,,,,,,,,,,,,,,,,,,,,,,,,,,,,,,,,,,,,,,,,,,,,,,,,,,,,,,,,,,,,,,,,,,,,,,,,,,,,,,,,,,,,,,,,,,,,,,,,,,,,,,,,,,,,,,,,,,,,,,,,,,,,,,,,,,,,,,,,,,,,,,,,,,,,,,,,,,,,,,,,,,,,,,,,,,,,,,,,,,,,,,,,,,,,,,,,,,,,,,,,,,,,,,,,,,,,,,,,,,,,,,,,,,,,,,,,,,,,,,,,,,,,,,,,,,,,,,,,,,,,,,,,,,,,,,,,,,,,,,,,,,,,,,,,,,,,,,,,,,,,,,,,,,,,,,,,,,,,,,,,,,,,,,,,,,,,,,,,,
AO,Angola,0.289057059,0.289057059,0.289057059,0.289057059,0.289057059,0.289057059,0.289057059,0.289057059,0.289057059,0.289057059,0.240121273,0.132440335,0.137992807,0.135179555,0.150504377,0.098052026,0.098052026,0.124259694,0.148949685,0.149615982,0.139843631,0.222871594,0.235753329,0.239751109,0.240090234,0.248301915,0.248301915,190,190,190,190,190,190,190,190,190,190,191,189,190,189,188,187,189,185,186,187,188,185,181,180,179,177,177,0.196201801,0.196201801,0.192118762,0.188035723,0.190212769,0.192389816,0.208022924,0.223656033,0.250445276,0.241814903,0.254690471,0.285972003,0.277551685,0.2891251,0.293684533,0.300824738,0.290115877,0.297430597,0.293515765,0.308629914,0.308112114,0.30808462,0.302502357,0.332524661,0.33533942,0.338692597,0.354339921,186,186,187,188,187,187,187,184,181,178,178,170,174,167,167,167,167,167,167,165,166,168,169,158,157,155,147,0.19012522,0.190124742,0.188772857,0.18741659,0.188133172,0.188902957,0.196836283,0.204792058,0.217556292,0.217170488,0.208599074,0.186462546,0.189416184,0.196155857,0.203821919,0.189617287,0.187695098,0.200360426,0.209144062,0.216233574,0.212648663,0.240550423,0.243468687,0.255121103,0.257971182,0.262798951,0.268117798,191,191,191,191,192,192,192,191,191,190,190,188,189,187,187,187,187,187,186,185,185,183,180,178,178,176,171,0.0851168,0.085115365,0.08514275,0.085156987,0.085129689,0.085261996,0.093428865,0.101663082,0.113166541,0.1206395,0.130985478,0.1409753,0.152704061,0.164162916,0.167276846,0.169975098,0.17491739,0.179390988,0.184966736,0.190454827,0.189990243,0.190695055,0.192150375,0.19308754,0.198483893,0.201402341,0.201711559,191,190,190,191,191,191,189,189,187,186,180,177,175,168,169,171,170,167,168,164,169,169,171,174,171,172,173,,,,,,,,,,,,,,,,,,,,,,,,,,,,,,,,,,,,,,,,,,,,,,,,,,,,,,,,,,,,,,,,,,,,,,,,,,,,,,,,,,,,,,,,,,,,,,,,,,,,,,,,,,,,,,,,,,,,,,,,,,,,,,,,,,,,,,,,,,,,,,,,,,,,,,,,,,,,,,,,,,,,,,,,,,,,,,,,,,,,,,,,,,,,,,,,,,,,,,,,,,,,,,,,,,,,,,,,,,,,,,,,,,,,,,,,,,,,,,,,,,,,,,,,,,,,,,,,,,,,,,,,,,,,,,,,,,,,,,,,,,,,,,,,,,,,,,,,,,,,,,,,,,,,,,,,,,,,,,,,,,,,,,,,,,,,,,,,,,,,,,,,,,,,,,,,,,,,,,,,,,,,,,,,,,,,,,,,,,
AG,Antigua and Barbuda,0.494942716,0.494942716,0.494942716,0.494942716,0.494942716,0.494942716,0.494942716,0.494942716,0.494942716,0.494942716,0.55609394,0.465792239,0.471201272,0.470294368,0.457079485,0.490084303,0.473371363,0.463848874,0.443637876,0.465047282,0.456885148,0.444415222,0.421256787,0.440560881,0.431453719,0.424139614,0.424139614,23,23,23,23,23,23,23,23,23,23,19,65,64,66,71,62,68,68,77,76,81,85,100,86,92,95,95,0.673600354,0.673600354,0.673960507,0.674320659,0.672362834,0.670405009,0.670466459,0.670527909,0.673304848,0.67055662,0.641904001,0.673276113,0.672777872,0.688471268,0.689094335,0.694563096,0.694034351,0.692728384,0.686111776,0.598595652,0.631928646,0.620950457,0.581907836,0.594527437,0.602552432,0.605578189,0.594608417,39,39,38,38,37,37,38,39,39,38,47,41,39,37,39,36,34,35,35,58,48,52,63,61,60,59,62,0.457085617,0.457599268,0.458403996,0.459186585,0.460440383,0.462581623,0.463399297,0.466572146,0.469920874,0.471001291,0.484572329,0.463432251,0.466548104,0.47396838,0.47654307,0.486904145,0.480471428,0.488904517,0.482663877,0.457081231,0.465653529,0.458647881,0.440076522,0.452767163,0.454455849,0.452971623,0.44926013,39,40,39,39,36,37,40,44,43,42,42,55,53,51,52,51,51,51,56,66,66,67,77,75,75,78,78,0.202713782,0.204254735,0.206308766,0.208296379,0.214015599,0.222397145,0.224788718,0.234245814,0.241515057,0.247504536,0.255719048,0.251228401,0.255665168,0.263139503,0.283455388,0.276065036,0.274008569,0.310136294,0.318241981,0.307600759,0.308146792,0.310577963,0.317064943,0.32321317,0.329361398,0.329197065,0.32903236,94,93,97,97,96,92,93,86,85,84,82,93,94,95,90,94,96,84,81,93,94,93,91,92,89,92,93,,,,,,,,,,,,,,,,,,,,,,,,,,,,,,,,,,,,,,,,,,,,,,,,,,,,,,,,,,,,,,,,,,,,,,,,,,,,,,,,,,,,,,,,,,,,,,,,,,,,,,,,,,,,,,,,,,,,,,,,,,,,,,,,,,,,,,,,,,,,,,,,,,,,,,,,,,,,,,,,,,,,,,,,,,,,,,,,,,,,,,,,,,,,,,,,,,,,,,,,,,,,,,,,,,,,,,,,,,,,,,,,,,,,,,,,,,,,,,,,,,,,,,,,,,,,,,,,,,,,,,,,,,,,,,,,,,,,,,,,,,,,,,,,,,,,,,,,,,,,,,,,,,,,,,,,,,,,,,,,,,,,,,,,,,,,,,,,,,,,,,,,,,,,,,,,,,,,,,,,,,,,,,,,,,,,,,,,,,
AR,Argentina,0.390098166,0.390098166,0.390098166,0.390098166,0.390098166,0.390098166,0.390098166,0.390098166,0.390098166,0.390098166,0.393661002,0.310161079,0.337044297,0.334744648,0.333449072,0.318420381,0.297108143,0.292703182,0.261285445,0.261091109,0.249560476,0.269544747,0.277804049,0.273496256,0.286847108,0.285364954,0.285364954,123,123,123,123,123,123,123,123,123,123,102,136,121,124,127,132,141,143,157,158,162,170,165,169,162,164,164,0.530508885,0.530508885,0.519553198,0.508597511,0.50174079,0.494884069,0.429345409,0.36380675,0.38669704,0.379820556,0.425255654,0.424443525,0.423967221,0.404239136,0.391212138,0.411939613,0.425661413,0.405916215,0.401839111,0.375016207,0.391452153,0.463510399,0.473339453,0.479432403,0.451752741,0.443493287,0.421242675,84,84,87,92,93,93,114,142,130,135,108,116,119,129,130,125,117,127,128,137,132,96,93,90,103,114,121,0.381547062,0.384468916,0.378840868,0.374578879,0.375068537,0.376983826,0.350862413,0.332596299,0.342469861,0.345802459,0.368035815,0.34390131,0.355231273,0.348290825,0.344589695,0.353114046,0.356336611,0.350621581,0.340014081,0.332425076,0.336955849,0.373260937,0.377337193,0.380215335,0.377831098,0.382406072,0.376037316,73,72,78,82,82,82,110,121,117,118,99,112,109,113,117,112,112,118,125,124,123,108,107,107,108,106,108,0.224034134,0.232799696,0.22687124,0.22504096,0.233366654,0.245969242,0.233143664,0.24388398,0.250614377,0.267488653,0.285190791,0.297099327,0.304682301,0.305888691,0.309107874,0.328982146,0.346240277,0.353245346,0.356917686,0.361167911,0.369854918,0.386727665,0.380868078,0.387717344,0.394893445,0.418359974,0.42150432,84,77,80,79,75,72,84,77,77,73,69,67,70,75,76,69,66,66,68,68,68,64,71,68,68,63,64,,,,,,,,,,,,,,,,,,,,,,,,,,,,,,,,,,,,,,,,,,,,,,,,,,,,,,,,,,,,,,,,,,,,,,,,,,,,,,,,,,,,,,,,,,,,,,,,,,,,,,,,,,,,,,,,,,,,,,,,,,,,,,,,,,,,,,,,,,,,,,,,,,,,,,,,,,,,,,,,,,,,,,,,,,,,,,,,,,,,,,,,,,,,,,,,,,,,,,,,,,,,,,,,,,,,,,,,,,,,,,,,,,,,,,,,,,,,,,,,,,,,,,,,,,,,,,,,,,,,,,,,,,,,,,,,,,,,,,,,,,,,,,,,,,,,,,,,,,,,,,,,,,,,,,,,,,,,,,,,,,,,,,,,,,,,,,,,,,,,,,,,,,,,,,,,,,,,,,,,,,,,,,,,,,,,,,,,,,
AM,Armenia,0.458407451,0.458407451,0.458407451,0.458407451,0.458407451,0.458407451,0.458407451,0.458407451,0.458407451,0.458407451,0.496432629,0.431977685,0.448755404,0.458666566,0.445872746,0.448140005,0.45231824,0.461549225,0.509485565,0.566426164,0.589584599,0.607528338,0.604095059,0.606135592,0.633091012,0.627291282,0.627291282,55,55,55,55,55,55,55,55,55,55,52,78,74,72,79,75,74,71,59,44,43,34,33,34,26,29,29,0.422241519,0.422241519,0.405440869,0.388640218,0.389782214,0.390924209,0.409309027,0.427693845,0.468481419,0.438474596,0.445356589,0.440211945,0.454537221,0.459243449,0.466774307,0.454990506,0.451959336,0.471043908,0.471331305,0.444240174,0.44582548,0.440599697,0.442688282,0.469979826,0.477633742,0.477966257,0.472865204,123,123,132,135,134,131,125,115,99,107,103,103,97,94,92,100,99,94,94,105,103,112,109,95,91,93,93,0.377762884,0.373783945,0.366105338,0.374669959,0.380566061,0.382814365,0.390937727,0.408977239,0.421616087,0.409207871,0.432364826,0.415072336,0.422913526,0.441581019,0.431523127,0.433400779,0.43369241,0.443143745,0.458731234,0.471950029,0.479896358,0.489557703,0.487556047,0.498923738,0.510398427,0.504011895,0.505732764,77,82,92,81,79,78,73,65,62,65,62,75,70,65,68,71,70,70,66,59,57,55,57,53,50,56,55,0.252639684,0.240702866,0.234467695,0.276962209,0.293508519,0.299111434,0.305096703,0.340830419,0.337959391,0.330741565,0.355305259,0.373027377,0.365447954,0.406833043,0.381922328,0.397071825,0.396799654,0.396838102,0.395376831,0.405183748,0.404278995,0.420545074,0.415884799,0.420655797,0.420470528,0.406778146,0.417041808,60,67,74,60,54,54,52,51,51,53,53,51,53,51,55,55,54,57,58,56,58,56,57,58,63,67,65,,,,,,,,,,,,,,,,,,,,,,,,,,,,,,,,,,,,,,,,,,,,,,,,,,,,,,,,,,,,,,,,,,,,,,,,,,,,,,,,,,,,,,,,,,,,,,,,,,,,,,,,,,,,,,,,,,,,,,,,,,,,,,,,,,,,,,,,,,,,,,,,,,,,,,,,,,,,,,,,,,,,,,,,,,,,,,,,,,,,,,,,,,,,,,,,,,,,,,,,,,,,,,,,,,,,,,,,,,,,,,,,,,,,,,,,,,,,,,,,,,,,,,,,,,,,,,,,,,,,,,,,,,,,,,,,,,,,,,,,,,,,,,,,,,,,,,,,,,,,,,,,,,,,,,,,,,,,,,,,,,,,,,,,,,,,,,,,,,,,,,,,,,,,,,,,,,,,,,,,,,,,,,,,,,,,,,,,,,
AU,Australia,0.504853878,0.504853878,0.504853878,0.504853878,0.504853878,0.504853878,0.504853878,0.504853878,0.504853878,0.504853878,0.527234967,0.624532783,0.6425413,0.649278299,0.641763954,0.668614782,0.668355667,0.668031773,0.682056391,0.724162636,0.713441739,0.688307549,0.676938863,0.682477454,0.674687967,0.666954993,0.666954993,14,14,14,14,14,14,14,14,14,14,35,39,34,32,31,32,32,29,28,18,21,17,17,16,17,20,20,0.822017321,0.822017321,0.81531798,0.808618639,0.818906787,0.829194936,0.820472914,0.811750891,0.817408816,0.830639113,0.81553567,0.821201481,0.826201845,0.833631863,0.831419179,0.827049744,0.836413804,0.833301101,0.824364129,0.839102677,0.825969567,0.830892919,0.821445811,0.826240391,0.823625768,0.805270502,0.81194589,17,17,17,20,17,16,17,19,16,15,16,18,17,15,15,16,14,14,15,16,16,16,16,15,16,16,16,0.585329854,0.589085434,0.591717349,0.595732382,0.602733671,0.610847454,0.61633318,0.619044801,0.623874646,0.632957515,0.637859451,0.681601447,0.688756505,0.696694705,0.68846566,0.695461294,0.699165336,0.702555537,0.712987856,0.714609766,0.712335189,0.712597793,0.699297965,0.704243551,0.702955391,0.689160831,0.690552125,16,16,15,15,16,16,16,15,15,13,12,13,14,12,12,15,14,14,13,14,13,11,12,10,9,12,12,0.429118361,0.440385101,0.45498019,0.473724628,0.484440346,0.498493548,0.523672749,0.540529635,0.549361245,0.563379553,0.570807716,0.599070078,0.597526371,0.607173955,0.592213848,0.590719356,0.592726536,0.606333737,0.632543047,0.580563983,0.597594262,0.618592911,0.599509222,0.604012809,0.610552438,0.595256999,0.592755492,27,27,26,27,27,28,25,25,24,25,23,23,24,25,27,28,27,28,23,28,29,25,28,28,25,28,29,,,,,,,,,,,,,,,,,,,,,,,,,,,,,,,,,,,,,,,,,,,,,,,,,,,,,,,,,,,,,,,,,,,,,,,,,,,,,,,,,,,,,,,,,,,,,,,,,,,,,,,,,,,,,,,,,,,,,,,,,,,,,,,,,,,,,,,,,,,,,,,,,,,,,,,,,,,,,,,,,,,,,,,,,,,,,,,,,,,,,,,,,,,,,,,,,,,,,,,,,,,,,,,,,,,,,,,,,,,,,,,,,,,,,,,,,,,,,,,,,,,,,,,,,,,,,,,,,,,,,,,,,,,,,,,,,,,,,,,,,,,,,,,,,,,,,,,,,,,,,,,,,,,,,,,,,,,,,,,,,,,,,,,,,,,,,,,,,,,,,,,,,,,,,,,,,,,,,,,,,,,,,,,,,,,,,,,,,,
AT,Austria,0.458601788,0.458601788,0.458601788,0.458601788,0.458601788,0.458601788,0.458601788,0.458601788,0.458601788,0.458601788,0.478974732,0.558004915,0.566523333,0.564612357,0.538474096,0.550652517,0.555122257,0.552401546,0.588936811,0.62971509,0.62913208,0.586701941,0.584337513,0.576564053,0.567457396,0.559466657,0.559466657,54,54,54,54,54,54,54,54,54,54,65,50,47,45,50,51,49,51,42,33,35,42,42,44,49,48,48,0.833358929,0.833358929,0.820990907,0.808622885,0.804446131,0.800269377,0.819200485,0.838131593,0.823323465,0.829745393,0.829796993,0.832627594,0.851699379,0.838297613,0.809878865,0.803797528,0.794569354,0.808218642,0.812688976,0.809747349,0.797834629,0.788614846,0.796604633,0.801463447,0.796219702,0.786098594,0.769206243,15,15,16,19,20,21,18,15,15,16,13,14,10,13,18,18,20,17,17,19,21,21,19,19,19,19,22,0.604200915,0.610448177,0.612190378,0.613278454,0.617360602,0.621185607,0.629659086,0.636282568,0.633708582,0.639756741,0.649082499,0.679025727,0.690561663,0.687998193,0.671702,0.679107437,0.679990814,0.684207231,0.69866906,0.711722512,0.709374026,0.693807174,0.697355155,0.697188554,0.692255512,0.686946335,0.682307385,12,12,13,13,13,15,13,11,11,10,9,14,12,13,17,17,17,17,15,15,14,15,13,12,14,14,16,0.520642028,0.539383814,0.556978438,0.57261069,0.589033888,0.604685656,0.611174986,0.612114323,0.619200494,0.630923042,0.638475772,0.646444673,0.653462278,0.661084607,0.666753039,0.682872264,0.69028083,0.692001506,0.694381392,0.695705096,0.70115537,0.706104734,0.711123318,0.713538162,0.713089438,0.715273753,0.718249255,18,16,17,13,14,14,14,16,16,15,14,14,16,14,16,16,16,15,16,14,14,14,14,13,12,12,12,,,,,,,,,,,,,,,,,,,,,,,,,,,,,,,,,,,,,,,,,,,,,,,,,,,,,,,,,,,,,,,,,,,,,,,,,,,,,,,,,,,,,,,,,,,,,,,,,,,,,,,,,,,,,,,,,,,,,,,,,,,,,,,,,,,,,,,,,,,,,,,,,,,,,,,,,,,,,,,,,,,,,,,,,,,,,,,,,,,,,,,,,,,,,,,,,,,,,,,,,,,,,,,,,,,,,,,,,,,,,,,,,,,,,,,,,,,,,,,,,,,,,,,,,,,,,,,,,,,,,,,,,,,,,,,,,,,,,,,,,,,,,,,,,,,,,,,,,,,,,,,,,,,,,,,,,,,,,,,,,,,,,,,,,,,,,,,,,,,,,,,,,,,,,,,,,,,,,,,,,,,,,,,,,,,,,,,,,,
AZ,Azerbaijan,0.439459641,0.439459641,0.439459641,0.439459641,0.439459641,0.439459641,0.439459641,0.439459641,0.439459641,0.439459641,0.440949554,0.336137393,0.348445373,0.360364679,0.456658422,0.417855898,0.437062824,0.426309537,0.439297694,0.508384325,0.535332322,0.590718229,0.550555349,0.554021017,0.602545765,0.588851957,0.588851957,71,71,71,71,71,71,71,71,71,71,80,119,114,111,72,85,79,84,81,57,51,40,48,48,35,41,41,0.26518298,0.26518298,0.278049513,0.290916047,0.292130422,0.293344796,0.296109055,0.298873314,0.3279976,0.313731794,0.325615801,0.322752381,0.344023582,0.362198018,0.36271829,0.357117374,0.345338636,0.338304482,0.370437456,0.371790403,0.365452669,0.374941949,0.373460776,0.379346619,0.385335676,0.354115467,0.386220693,175,175,171,169,167,167,167,161,160,161,154,158,149,144,143,145,148,154,138,139,142,139,140,139,134,147,134,0.315611177,0.313144721,0.318120015,0.323518306,0.325402882,0.327008237,0.329434009,0.366593613,0.373071528,0.377038682,0.383772559,0.337322828,0.340903713,0.338382937,0.37449839,0.364596219,0.367349014,0.361952798,0.383042621,0.408887918,0.417925674,0.437830395,0.426989337,0.428845198,0.449143167,0.434812573,0.447625683,135,137,132,129,128,126,122,93,91,85,86,115,113,117,97,103,103,108,99,89,86,78,83,83,79,85,80,0.242190909,0.234791542,0.23685089,0.24017923,0.244618584,0.248220272,0.252733332,0.361447883,0.351757343,0.377924612,0.384752323,0.353078711,0.330242184,0.292586115,0.304118456,0.318815386,0.319645583,0.321244376,0.339392714,0.346489025,0.352992032,0.347831007,0.356951884,0.353167959,0.35954806,0.361470296,0.367804398,65,73,71,70,68,68,66,45,50,46,45,53,57,81,79,72,73,76,71,72,72,75,75,79,76,77,77,,,,,,,,,,,,,,,,,,,,,,,,,,,,,,,,,,,,,,,,,,,,,,,,,,,,,,,,,,,,,,,,,,,,,,,,,,,,,,,,,,,,,,,,,,,,,,,,,,,,,,,,,,,,,,,,,,,,,,,,,,,,,,,,,,,,,,,,,,,,,,,,,,,,,,,,,,,,,,,,,,,,,,,,,,,,,,,,,,,,,,,,,,,,,,,,,,,,,,,,,,,,,,,,,,,,,,,,,,,,,,,,,,,,,,,,,,,,,,,,,,,,,,,,,,,,,,,,,,,,,,,,,,,,,,,,,,,,,,,,,,,,,,,,,,,,,,,,,,,,,,,,,,,,,,,,,,,,,,,,,,,,,,,,,,,,,,,,,,,,,,,,,,,,,,,,,,,,,,,,,,,,,,,,,,,,,,,,,,
BS,Bahamas,0.493776697,0.493776697,0.493776697,0.493776697,0.493776697,0.493776697,0.493776697,0.493776697,0.493776697,0.493776697,0.554927921,0.762090646,0.769734549,0.475638622,0.469581801,0.469970474,0.458666566,0.448949741,0.442407078,0.462067456,0.459832586,0.442536636,0.422908648,0.424625287,0.436319048,0.417824352,0.417824352,25,25,25,25,25,25,25,25,25,25,20,10,10,64,66,68,71,77,78,80,79,87,99,101,88,99,99,0.718962687,0.718962687,0.727151677,0.735340666,0.743708284,0.752075901,0.754894888,0.757713876,0.745464851,0.745157729,0.740764252,0.719100701,0.722311539,0.722317321,0.695825174,0.684796632,0.682999747,0.678261225,0.668000262,0.659551599,0.64349424,0.632620871,0.626990377,0.617444067,0.603527644,0.607082779,0.615996832,32,32,28,25,24,25,25,27,26,23,25,32,29,30,38,37,38,37,42,41,44,48,51,53,57,57,57,0.445206818,0.4456612,0.448667271,0.452019748,0.455676152,0.460303953,0.463712802,0.469169555,0.466196342,0.469416448,0.489578403,0.551938135,0.556276382,0.46001494,0.450292806,0.448330618,0.449012813,0.4534805,0.444469449,0.449595468,0.445258288,0.438081638,0.430930345,0.428233222,0.428857295,0.424387686,0.427831425,45,45,46,44,39,39,39,41,45,44,41,31,31,55,60,65,63,66,72,71,74,77,81,84,87,90,90,0.122881069,0.124244215,0.125073438,0.126941881,0.129543477,0.135059262,0.142466821,0.156018091,0.159347479,0.169314917,0.173043037,0.174623057,0.176783057,0.182088878,0.185471444,0.190224749,0.205372126,0.233230535,0.223001007,0.227167351,0.232448038,0.239087407,0.242892009,0.242630313,0.246725194,0.248255925,0.249673091,170,170,169,167,169,168,164,157,158,154,155,155,156,156,155,155,151,140,147,146,147,144,144,146,146,145,145,,,,,,,,,,,,,,,,,,,,,,,,,,,,,,,,,,,,,,,,,,,,,,,,,,,,,,,,,,,,,,,,,,,,,,,,,,,,,,,,,,,,,,,,,,,,,,,,,,,,,,,,,,,,,,,,,,,,,,,,,,,,,,,,,,,,,,,,,,,,,,,,,,,,,,,,,,,,,,,,,,,,,,,,,,,,,,,,,,,,,,,,,,,,,,,,,,,,,,,,,,,,,,,,,,,,,,,,,,,,,,,,,,,,,,,,,,,,,,,,,,,,,,,,,,,,,,,,,,,,,,,,,,,,,,,,,,,,,,,,,,,,,,,,,,,,,,,,,,,,,,,,,,,,,,,,,,,,,,,,,,,,,,,,,,,,,,,,,,,,,,,,,,,,,,,,,,,,,,,,,,,,,,,,,,,,,,,,,,
BH,Bahrain,0.490472976,0.490472976,0.490472976,0.490472976,0.490472976,0.490472976,0.490472976,0.490472976,0.490472976,0.490472976,0.5516242,0.758786926,0.766430829,0.573972899,0.57390812,0.57112263,0.566393775,0.568596256,0.585212028,0.618832245,0.623172427,0.599204257,0.603123376,0.599398593,0.588046439,0.661219704,0.661219704,27,27,27,27,27,27,27,27,27,27,21,11,11,44,42,48,48,46,43,36,36,39,35,37,40,21,21,0.54648579,0.54648579,0.555598733,0.564711676,0.570427411,0.576143146,0.603058876,0.629974606,0.604432368,0.609768648,0.586791524,0.549307081,0.565090573,0.563444157,0.566080778,0.547627738,0.525852682,0.520990021,0.515099253,0.534064749,0.52481833,0.518880398,0.49460901,0.497422908,0.52234548,0.526428344,0.555291819,78,78,75,74,71,70,64,52,66,59,68,73,68,67,65,69,72,72,72,70,70,76,84,84,78,77,74,0.383055845,0.384170779,0.388831387,0.393906447,0.397990919,0.402684477,0.416771873,0.429292105,0.42386133,0.424645674,0.435898739,0.494041672,0.507375677,0.451976417,0.457836583,0.454655717,0.460761782,0.4634775,0.464529672,0.483620209,0.483233317,0.475051055,0.46726827,0.468841514,0.475391337,0.506062517,0.519334146,72,73,72,72,69,68,60,57,61,58,59,48,43,59,57,61,60,61,63,54,56,59,62,61,63,53,50,0.112208768,0.115553569,0.120422452,0.12653469,0.133072369,0.141437311,0.156783767,0.167428734,0.176678645,0.173695397,0.169280492,0.17403101,0.190605628,0.218512196,0.233520851,0.245216782,0.290038888,0.300846224,0.293277737,0.297963635,0.301709192,0.30706851,0.304072423,0.309703042,0.315782093,0.330539504,0.341490914,176,176,175,168,165,161,151,144,142,148,160,156,149,131,125,121,91,90,96,98,99,96,101,98,98,89,88,,,,,,,,,,,,,,,,,,,,,,,,,,,,,,,,,,,,,,,,,,,,,,,,,,,,,,,,,,,,,,,,,,,,,,,,,,,,,,,,,,,,,,,,,,,,,,,,,,,,,,,,,,,,,,,,,,,,,,,,,,,,,,,,,,,,,,,,,,,,,,,,,,,,,,,,,,,,,,,,,,,,,,,,,,,,,,,,,,,,,,,,,,,,,,,,,,,,,,,,,,,,,,,,,,,,,,,,,,,,,,,,,,,,,,,,,,,,,,,,,,,,,,,,,,,,,,,,,,,,,,,,,,,,,,,,,,,,,,,,,,,,,,,,,,,,,,,,,,,,,,,,,,,,,,,,,,,,,,,,,,,,,,,,,,,,,,,,,,,,,,,,,,,,,,,,,,,,,,,,,,,,,,,,,,,,,,,,,,
BD,Bangladesh,0.46462622,0.46462622,0.46462622,0.46462622,0.46462622,0.46462622,0.46462622,0.46462622,0.46462622,0.46462622,0.525777443,0.732940169,0.740584072,0.746090273,0.74796886,0.817023101,0.816828765,0.821622399,0.831468782,0.175064811,0.170012062,0.205057413,0.202887322,0.201170683,0.201301084,0.207133035,0.207133035,50,50,50,50,50,50,50,50,50,50,37,19,17,14,13,13,13,12,12,183,184,187,187,187,186,186,186,0.330907661,0.330907661,0.337384833,0.343862005,0.324917293,0.30597258,0.289732519,0.273492457,0.257253454,0.238487278,0.239530483,0.260034256,0.28686036,0.294886823,0.292402157,0.298448291,0.302194049,0.300125521,0.292210532,0.326638596,0.320927957,0.326164033,0.327167857,0.334661633,0.32770346,0.333878294,0.333243505,159,159,158,153,157,162,169,177,179,179,180,176,171,165,168,169,165,166,168,160,163,162,160,157,160,157,158,0.338167599,0.3380093,0.340249962,0.342369823,0.336118717,0.329884173,0.325157173,0.319691304,0.314503008,0.308171432,0.329778224,0.407042043,0.42014287,0.426190142,0.427772945,0.454955428,0.458029366,0.459462587,0.460486615,0.254728264,0.251671676,0.268870719,0.269075138,0.273296712,0.273812599,0.279162093,0.281041118,121,122,118,115,119,123,128,138,141,147,128,76,72,70,73,60,61,64,65,175,176,170,171,169,169,167,167,0.218968915,0.21849402,0.218738832,0.218621246,0.218812638,0.21905372,0.22111278,0.220955235,0.221629351,0.221400799,0.224026744,0.228151705,0.232984179,0.23759333,0.242947819,0.249394892,0.255065285,0.256639842,0.257780532,0.262481385,0.264075008,0.27539071,0.277170234,0.28405782,0.292433252,0.296474948,0.302746814,87,89,90,86,91,97,97,101,107,110,112,114,115,117,117,116,118,120,123,124,126,121,121,121,116,116,114,,,,,,,,,,,,,,,,,,,,,,,,,,,,,,,,,,,,,,,,,,,,,,,,,,,,,,,,,,,,,,,,,,,,,,,,,,,,,,,,,,,,,,,,,,,,,,,,,,,,,,,,,,,,,,,,,,,,,,,,,,,,,,,,,,,,,,,,,,,,,,,,,,,,,,,,,,,,,,,,,,,,,,,,,,,,,,,,,,,,,,,,,,,,,,,,,,,,,,,,,,,,,,,,,,,,,,,,,,,,,,,,,,,,,,,,,,,,,,,,,,,,,,,,,,,,,,,,,,,,,,,,,,,,,,,,,,,,,,,,,,,,,,,,,,,,,,,,,,,,,,,,,,,,,,,,,,,,,,,,,,,,,,,,,,,,,,,,,,,,,,,,,,,,,,,,,,,,,,,,,,,,,,,,,,,,,,,,,,
BB,Barbados,0.480950487,0.480950487,0.480950487,0.480950487,0.480950487,0.480950487,0.480950487,0.480950487,0.480950487,0.480950487,0.542101711,0.749264436,0.756908339,0.762414541,0.764293127,0.833347369,0.833153032,0.454909394,0.460188869,0.484448544,0.477905882,0.441564953,0.439200525,0.427345998,0.419693154,0.40928586,0.40928586,39,39,39,39,39,39,39,39,39,39,31,17,16,13,12,12,12,74,72,67,70,89,87,96,98,102,102,0.751273212,0.751273212,0.756424657,0.761576103,0.765679508,0.769782914,0.765759584,0.761736254,0.757970872,0.75363138,0.753835382,0.727381353,0.745752723,0.733636332,0.704813683,0.710497051,0.739106842,0.720530005,0.722798847,0.691960722,0.717905679,0.678512419,0.681576354,0.668325073,0.653488091,0.661055761,0.668052712,25,25,23,23,23,23,23,24,22,22,22,29,25,27,34,31,27,29,28,33,26,35,35,37,42,42,39,0.470970635,0.471503485,0.474064797,0.476544921,0.478515589,0.48532245,0.487064701,0.494846979,0.501348586,0.50702581,0.53143917,0.596438874,0.610170255,0.611208591,0.611089061,0.632373248,0.64093344,0.511507774,0.515327374,0.511192072,0.527362987,0.512589728,0.521457063,0.522317325,0.526482906,0.537376889,0.536126845,34,34,34,33,33,34,36,35,33,33,28,23,22,22,23,22,22,45,45,46,42,42,42,43,42,41,43,0.180688206,0.182286756,0.184819248,0.187108174,0.18891677,0.205233951,0.214484033,0.241854196,0.2651244,0.286495564,0.298380417,0.312670833,0.327849702,0.337574901,0.364160373,0.353275324,0.350540446,0.359083923,0.362994407,0.35716695,0.386277402,0.417691812,0.443594309,0.471280903,0.506267472,0.541789046,0.531041962,124,127,121,118,121,108,101,79,66,62,59,59,58,59,59,62,64,63,64,69,63,57,52,44,41,36,37,,,,,,,,,,,,,,,,,,,,,,,,,,,,,,,,,,,,,,,,,,,,,,,,,,,,,,,,,,,,,,,,,,,,,,,,,,,,,,,,,,,,,,,,,,,,,,,,,,,,,,,,,,,,,,,,,,,,,,,,,,,,,,,,,,,,,,,,,,,,,,,,,,,,,,,,,,,,,,,,,,,,,,,,,,,,,,,,,,,,,,,,,,,,,,,,,,,,,,,,,,,,,,,,,,,,,,,,,,,,,,,,,,,,,,,,,,,,,,,,,,,,,,,,,,,,,,,,,,,,,,,,,,,,,,,,,,,,,,,,,,,,,,,,,,,,,,,,,,,,,,,,,,,,,,,,,,,,,,,,,,,,,,,,,,,,,,,,,,,,,,,,,,,,,,,,,,,,,,,,,,,,,,,,,,,,,,,,,,
BY,Belarus,0.373773899,0.373773899,0.373773899,0.373773899,0.373773899,0.373773899,0.373773899,0.373773899,0.373773899,0.373773899,0.352267324,0.208911754,0.212895653,0.227276555,0.302031335,0.313983031,0.328882163,0.367587519,0.38928843,0.451961957,0.47463455,0.516708406,0.592661594,0.580191668,0.594973895,0.59429726,0.59429726,139,139,139,139,139,139,139,139,139,139,141,175,174,173,146,137,127,105,102,87,72,55,41,43,39,39,39,0.390389626,0.390389626,0.380422741,0.370455856,0.36073797,0.351020085,0.348929906,0.346839726,0.384002162,0.34816024,0.347918651,0.33502225,0.356122062,0.378219026,0.38319335,0.350156232,0.342606149,0.375290207,0.378415769,0.401936901,0.391321161,0.406541296,0.403358974,0.426957725,0.444419007,0.366702872,0.357414228,138,138,139,143,145,148,150,152,133,149,144,148,144,139,136,146,151,135,135,126,134,127,128,118,110,140,145,0.371619976,0.378292015,0.378989588,0.385649305,0.386489306,0.385263371,0.384310528,0.382181206,0.405572547,0.401599568,0.399339725,0.351293709,0.371474244,0.392216216,0.433496422,0.432197666,0.442778308,0.47142203,0.475059547,0.4686649,0.468527477,0.485589534,0.510156641,0.515246912,0.520580241,0.495290966,0.49011205,83,80,77,74,74,75,81,85,70,70,75,108,97,91,67,72,68,59,58,61,60,58,44,46,46,59,60,0.350696405,0.370712522,0.382772124,0.412718162,0.424956048,0.43099613,0.430227779,0.425929992,0.458941582,0.482864566,0.497833201,0.509947122,0.545405018,0.571153068,0.61526458,0.632453734,0.656846611,0.671388365,0.65747444,0.552095842,0.539626719,0.533518899,0.534449354,0.538591343,0.522347821,0.524872767,0.518624662,35,34,32,30,30,34,34,34,32,32,30,31,30,30,22,22,20,18,19,29,34,35,36,36,36,38,38,,,,,,,,,,,,,,,,,,,,,,,,,,,,,,,,,,,,,,,,,,,,,,,,,,,,,,,,,,,,,,,,,,,,,,,,,,,,,,,,,,,,,,,,,,,,,,,,,,,,,,,,,,,,,,,,,,,,,,,,,,,,,,,,,,,,,,,,,,,,,,,,,,,,,,,,,,,,,,,,,,,,,,,,,,,,,,,,,,,,,,,,,,,,,,,,,,,,,,,,,,,,,,,,,,,,,,,,,,,,,,,,,,,,,,,,,,,,,,,,,,,,,,,,,,,,,,,,,,,,,,,,,,,,,,,,,,,,,,,,,,,,,,,,,,,,,,,,,,,,,,,,,,,,,,,,,,,,,,,,,,,,,,,,,,,,,,,,,,,,,,,,,,,,,,,,,,,,,,,,,,,,,,,,,,,,,,,,,,
BE,Belgium,0.467832772,0.467832772,0.467832772,0.467832772,0.467832772,0.467832772,0.467832772,0.467832772,0.467832772,0.467832772,0.445484073,0.51593106,0.527429304,0.543526845,0.535591437,0.512465392,0.502133167,0.506343792,0.51868416,0.548709152,0.543494456,0.506181845,0.503040071,0.491509438,0.486841144,0.502532637,0.502532637,47,47,47,47,47,47,47,47,47,47,78,55,52,49,51,57,60,59,56,49,49,57,59,64,63,61,61,0.763018378,0.763018378,0.74718574,0.731353102,0.74346124,0.755569379,0.761968258,0.768367136,0.746979965,0.741953983,0.740209801,0.739818714,0.747156479,0.742386719,0.75346898,0.754927474,0.762292683,0.76320457,0.769953082,0.752459489,0.750691033,0.747404756,0.731153194,0.73345435,0.738714387,0.744234054,0.745462895,23,23,25,27,25,24,24,23,25,25,26,26,24,25,22,23,22,22,22,24,24,25,26,26,25,24,24,0.542622646,0.547179275,0.545007469,0.536230701,0.538206399,0.546886634,0.55108597,0.558606866,0.550600856,0.551222435,0.544837581,0.569464005,0.575942215,0.585415775,0.59263505,0.586478584,0.588675632,0.595347791,0.601263763,0.612876184,0.613510219,0.604710387,0.598747986,0.591667927,0.592176905,0.599385495,0.600207432,22,23,23,26,25,24,24,23,24,25,27,29,27,28,28,29,29,26,27,25,26,26,26,26,26,25,26,0.397016788,0.410686674,0.420003894,0.409506231,0.403325183,0.417257751,0.42345688,0.439620691,0.436989831,0.443880551,0.44881887,0.45264224,0.453240863,0.470333761,0.488844733,0.492042886,0.501601047,0.51649501,0.515154045,0.537459911,0.546345169,0.56054456,0.562050692,0.550039992,0.550975185,0.551389795,0.552626765,28,28,29,31,34,35,36,32,33,33,34,34,38,37,34,36,36,35,36,33,32,32,31,33,33,34,35,,,,,,,,,,,,,,,,,,,,,,,,,,,,,,,,,,,,,,,,,,,,,,,,,,,,,,,,,,,,,,,,,,,,,,,,,,,,,,,,,,,,,,,,,,,,,,,,,,,,,,,,,,,,,,,,,,,,,,,,,,,,,,,,,,,,,,,,,,,,,,,,,,,,,,,,,,,,,,,,,,,,,,,,,,,,,,,,,,,,,,,,,,,,,,,,,,,,,,,,,,,,,,,,,,,,,,,,,,,,,,,,,,,,,,,,,,,,,,,,,,,,,,,,,,,,,,,,,,,,,,,,,,,,,,,,,,,,,,,,,,,,,,,,,,,,,,,,,,,,,,,,,,,,,,,,,,,,,,,,,,,,,,,,,,,,,,,,,,,,,,,,,,,,,,,,,,,,,,,,,,,,,,,,,,,,,,,,,,
BZ,Belize,0.465597902,0.465597902,0.465597902,0.465597902,0.465597902,0.465597902,0.465597902,0.465597902,0.465597902,0.465597902,0.526749126,0.372057259,0.375522927,0.368267697,0.35806503,0.351522367,0.340704301,0.342615277,0.347732805,0.369951947,0.364478135,0.361627866,0.366777784,0.35583016,0.345553267,0.339238005,0.339238005,48,48,48,48,48,48,48,48,48,48,36,96,98,103,111,113,119,121,122,116,118,125,125,127,129,131,131,0.535934987,0.535934987,0.533561454,0.531187921,0.526978203,0.522768485,0.522018286,0.521268088,0.534693398,0.504997868,0.496110472,0.473901839,0.472243406,0.467472529,0.471640685,0.47341918,0.449235978,0.46510611,0.466607042,0.432270202,0.434753562,0.422289445,0.413937932,0.421243949,0.427108677,0.448774389,0.445682717,82,82,84,85,85,83,86,85,81,83,82,87,86,89,90,91,100,95,96,113,112,121,123,122,120,110,109,0.373631369,0.381904268,0.378102544,0.380660843,0.378663763,0.377974569,0.378449306,0.379388441,0.384215561,0.375153827,0.395264071,0.339159024,0.340379764,0.338317895,0.338222985,0.33732571,0.326188342,0.33255365,0.335079241,0.331766532,0.332596967,0.32875777,0.328429749,0.328169708,0.328787417,0.335257732,0.333388192,81,75,79,75,80,81,87,86,83,88,81,113,115,118,120,126,128,128,126,125,125,132,136,136,134,135,137,0.119361219,0.144179913,0.135148276,0.145196706,0.143415183,0.145557319,0.147731731,0.151299332,0.152355384,0.15486571,0.162932615,0.171517975,0.173372959,0.179213458,0.18496324,0.187035583,0.188624745,0.189939563,0.190897877,0.193077447,0.198559205,0.202355998,0.20457353,0.207435014,0.213700307,0.217760802,0.215243853,173,154,164,154,156,157,158,162,165,168,164,158,159,159,157,157,159,160,163,163,161,162,165,163,163,163,165,,,,,,,,,,,,,,,,,,,,,,,,,,,,,,,,,,,,,,,,,,,,,,,,,,,,,,,,,,,,,,,,,,,,,,,,,,,,,,,,,,,,,,,,,,,,,,,,,,,,,,,,,,,,,,,,,,,,,,,,,,,,,,,,,,,,,,,,,,,,,,,,,,,,,,,,,,,,,,,,,,,,,,,,,,,,,,,,,,,,,,,,,,,,,,,,,,,,,,,,,,,,,,,,,,,,,,,,,,,,,,,,,,,,,,,,,,,,,,,,,,,,,,,,,,,,,,,,,,,,,,,,,,,,,,,,,,,,,,,,,,,,,,,,,,,,,,,,,,,,,,,,,,,,,,,,,,,,,,,,,,,,,,,,,,,,,,,,,,,,,,,,,,,,,,,,,,,,,,,,,,,,,,,,,,,,,,,,,,
BJ,Benin,0.315861617,0.315861617,0.315861617,0.315861617,0.315861617,0.315861617,0.315861617,0.315861617,0.315861617,0.315861617,0.289690966,0.215389638,0.222774426,0.213349105,0.173348172,0.125411831,0.134480869,0.13276423,0.161040193,0.179696498,0.221576017,0.239487366,0.270613598,0.2944846,0.287523743,0.294386757,0.294386757,180,180,180,180,180,180,180,180,180,180,176,173,172,174,183,184,182,183,184,182,172,180,171,158,161,157,157,0.509674988,0.509674988,0.500864903,0.492054817,0.485721312,0.479387808,0.464962766,0.450537724,0.446501733,0.427140524,0.413428845,0.443007699,0.441476043,0.435280781,0.431605111,0.422178785,0.428797439,0.420418176,0.423808186,0.410299681,0.414616711,0.414817356,0.415902665,0.422831507,0.4126281,0.423009694,0.429806534,89,89,92,94,96,100,103,107,110,111,116,99,104,107,111,113,112,119,115,123,122,123,120,120,125,125,115,0.355545003,0.355534649,0.352945222,0.350279669,0.348467966,0.346805086,0.342744572,0.338793891,0.337969948,0.331055292,0.316993013,0.302551416,0.306067018,0.302049933,0.290120822,0.273609788,0.277579457,0.275135828,0.287279243,0.289342928,0.304532353,0.310713414,0.322050864,0.332558464,0.326746053,0.33407909,0.337878183,104,104,110,112,113,115,117,118,121,127,137,134,134,140,152,161,157,158,151,149,142,144,138,135,136,136,133,0.241098405,0.241067342,0.242109146,0.242922572,0.243820968,0.245165833,0.247409333,0.249982331,0.251546493,0.250163736,0.247859229,0.24925691,0.253950585,0.257519914,0.265409183,0.273238748,0.269460064,0.27222508,0.276989352,0.278032606,0.277404329,0.27783552,0.27963633,0.280359285,0.280086315,0.28484082,0.289441257,67,66,67,69,69,73,72,74,76,82,91,95,96,101,98,96,102,107,103,110,117,119,120,123,124,125,127,,,,,,,,,,,,,,,,,,,,,,,,,,,,,,,,,,,,,,,,,,,,,,,,,,,,,,,,,,,,,,,,,,,,,,,,,,,,,,,,,,,,,,,,,,,,,,,,,,,,,,,,,,,,,,,,,,,,,,,,,,,,,,,,,,,,,,,,,,,,,,,,,,,,,,,,,,,,,,,,,,,,,,,,,,,,,,,,,,,,,,,,,,,,,,,,,,,,,,,,,,,,,,,,,,,,,,,,,,,,,,,,,,,,,,,,,,,,,,,,,,,,,,,,,,,,,,,,,,,,,,,,,,,,,,,,,,,,,,,,,,,,,,,,,,,,,,,,,,,,,,,,,,,,,,,,,,,,,,,,,,,,,,,,,,,,,,,,,,,,,,,,,,,,,,,,,,,,,,,,,,,,,,,,,,,,,,,,,,
BT,Bhutan,0.39155569,0.39155569,0.39155569,0.39155569,0.39155569,0.39155569,0.39155569,0.39155569,0.39155569,0.39155569,0.388039124,0.363312116,0.436715794,0.453151111,0.44674726,0.421427988,0.412729116,0.412877182,0.426425213,0.463441692,0.464885335,0.534069135,0.530071355,0.530811684,0.527756861,0.517703995,0.517703995,119,119,119,119,119,119,119,119,119,119,110,102,79,75,78,83,86,87,87,77,76,51,53,53,52,57,57,0.565564585,0.565564585,0.561697653,0.557830722,0.549679883,0.541529044,0.538811057,0.536093069,0.608458415,0.569594628,0.609712102,0.587526664,0.562929484,0.568417336,0.548289353,0.538590654,0.539783769,0.549083352,0.550147474,0.593447872,0.595537829,0.608941198,0.656770127,0.654983202,0.656102957,0.65760101,0.646295873,73,73,73,76,79,79,80,82,64,70,59,64,70,65,70,71,69,67,67,60,61,59,41,40,40,43,44,0.371439377,0.371461476,0.370184679,0.368979349,0.366294409,0.363884192,0.363347705,0.362857055,0.387450138,0.377075079,0.391771149,0.378890049,0.398421656,0.408043755,0.400584835,0.391667702,0.390862205,0.394607705,0.40262078,0.431542592,0.435137685,0.465264602,0.480899739,0.481352084,0.483327684,0.48195364,0.483057133,84,84,85,91,94,98,95,99,80,84,84,91,83,80,85,95,95,95,92,77,77,62,59,60,61,63,63,0.157197857,0.157264153,0.157300693,0.157551635,0.157647654,0.158567843,0.15967637,0.160922408,0.162336309,0.170074918,0.17756222,0.185831367,0.19561969,0.202562817,0.206717891,0.214984464,0.220073729,0.221862582,0.231289653,0.237738213,0.244989891,0.252783475,0.255857736,0.258261365,0.266123235,0.270555915,0.285171532,144,144,144,144,146,145,146,149,155,153,148,143,141,147,148,143,145,146,141,139,140,138,136,139,133,136,131,,,,,,,,,,,,,,,,,,,,,,,,,,,,,,,,,,,,,,,,,,,,,,,,,,,,,,,,,,,,,,,,,,,,,,,,,,,,,,,,,,,,,,,,,,,,,,,,,,,,,,,,,,,,,,,,,,,,,,,,,,,,,,,,,,,,,,,,,,,,,,,,,,,,,,,,,,,,,,,,,,,,,,,,,,,,,,,,,,,,,,,,,,,,,,,,,,,,,,,,,,,,,,,,,,,,,,,,,,,,,,,,,,,,,,,,,,,,,,,,,,,,,,,,,,,,,,,,,,,,,,,,,,,,,,,,,,,,,,,,,,,,,,,,,,,,,,,,,,,,,,,,,,,,,,,,,,,,,,,,,,,,,,,,,,,,,,,,,,,,,,,,,,,,,,,,,,,,,,,,,,,,,,,,,,,,,,,,,,
BO,Bolivia,0.386697277,0.386697277,0.386697277,0.386697277,0.386697277,0.386697277,0.386697277,0.386697277,0.386697277,0.386697277,0.360202732,0.3134648,0.310970815,0.298824782,0.301577883,0.279876972,0.278646174,0.275990242,0.285350784,0.283277861,0.276249357,0.290176807,0.291925836,0.29228212,0.290584712,0.287330418,0.287330418,128,128,128,128,128,128,128,128,128,128,134,133,137,145,148,148,148,151,149,152,153,158,158,160,159,161,161,0.436364017,0.436364017,0.449947216,0.463530415,0.455211598,0.446892781,0.429815415,0.412738048,0.386580045,0.382467093,0.345805692,0.356948857,0.352699847,0.350974517,0.346149914,0.367883813,0.365124635,0.34937506,0.363702587,0.355842871,0.34966522,0.33782722,0.342188698,0.343468942,0.320461413,0.325280329,0.324527031,113,113,106,104,108,110,113,123,131,133,146,141,147,145,151,140,145,150,143,151,152,158,156,155,162,159,160,0.313387204,0.313604728,0.318348639,0.320273937,0.314995989,0.308392492,0.309760654,0.303896423,0.302238171,0.308424031,0.278427549,0.269030844,0.273413616,0.274342386,0.275182576,0.280068382,0.284042654,0.276199442,0.284638797,0.280677794,0.277152036,0.278906711,0.284539264,0.285482111,0.278952075,0.283523783,0.285575321,137,136,131,131,134,144,146,154,151,146,165,161,159,164,164,156,152,157,152,157,163,166,165,164,165,163,162,0.117100317,0.11775289,0.118401424,0.110594119,0.103079091,0.091587418,0.11276927,0.112253945,0.13343719,0.156107722,0.129274223,0.136678874,0.156570186,0.173227858,0.177819932,0.19244436,0.208357152,0.203233025,0.204863021,0.20291265,0.20554153,0.208716106,0.219503259,0.220695271,0.225810101,0.237960602,0.244868514,175,175,176,178,186,189,182,184,176,166,183,180,171,163,161,154,150,154,155,154,154,154,153,155,155,152,149,,,,,,,,,,,,,,,,,,,,,,,,,,,,,,,,,,,,,,,,,,,,,,,,,,,,,,,,,,,,,,,,,,,,,,,,,,,,,,,,,,,,,,,,,,,,,,,,,,,,,,,,,,,,,,,,,,,,,,,,,,,,,,,,,,,,,,,,,,,,,,,,,,,,,,,,,,,,,,,,,,,,,,,,,,,,,,,,,,,,,,,,,,,,,,,,,,,,,,,,,,,,,,,,,,,,,,,,,,,,,,,,,,,,,,,,,,,,,,,,,,,,,,,,,,,,,,,,,,,,,,,,,,,,,,,,,,,,,,,,,,,,,,,,,,,,,,,,,,,,,,,,,,,,,,,,,,,,,,,,,,,,,,,,,,,,,,,,,,,,,,,,,,,,,,,,,,,,,,,,,,,,,,,,,,,,,,,,,,
BA,Bosnia and Herzegovina,0.359004323,0.359004323,0.359004323,0.359004323,0.359004323,0.359004323,0.359004323,0.359004323,0.359004323,0.359004323,0.336396509,0.256783316,0.256524201,0.258273229,0.252475523,0.242985423,0.268573065,0.275472011,0.293480528,0.315537723,0.303488859,0.303780363,0.309480901,0.316055953,0.310432678,0.303505222,0.303505222,150,150,150,150,150,150,150,150,150,150,154,162,163,165,166,160,150,152,146,141,146,153,148,145,146,150,150,0.404078789,0.404078789,0.386937232,0.369795675,0.375775551,0.381755427,0.396162001,0.410568575,0.415128543,0.448536982,0.413063104,0.418301501,0.416240633,0.429528169,0.428539765,0.429617788,0.428923318,0.44850499,0.46015824,0.475564526,0.442095257,0.443621445,0.445720166,0.435216591,0.432721962,0.424918207,0.426259342,128,128,137,144,137,134,131,124,120,102,117,119,123,112,115,108,111,102,101,94,106,109,107,116,118,122,120,0.339047954,0.339123287,0.333492557,0.327900227,0.330049328,0.334129214,0.342969602,0.345271143,0.345233842,0.359625219,0.345029817,0.322393321,0.325727015,0.334430255,0.334799147,0.335111187,0.343887651,0.350502487,0.363046183,0.381369877,0.369222532,0.373249913,0.378735516,0.376079043,0.367471598,0.362949527,0.365011699,119,119,123,126,124,120,116,115,115,103,113,124,124,122,123,127,122,119,111,101,107,109,106,108,111,114,114,0.254060751,0.254286747,0.254536117,0.254900682,0.255368109,0.261627891,0.273742482,0.266240532,0.261568659,0.271334353,0.28562984,0.292095145,0.304416211,0.315489365,0.323382151,0.33273035,0.334166569,0.32753046,0.335499782,0.353007382,0.362083481,0.372347931,0.381005482,0.376964585,0.359260154,0.360425152,0.365270532,59,60,61,62,62,63,62,64,69,70,68,69,71,67,66,66,69,72,74,70,70,69,70,71,77,78,78,,,,,,,,,,,,,,,,,,,,,,,,,,,,,,,,,,,,,,,,,,,,,,,,,,,,,,,,,,,,,,,,,,,,,,,,,,,,,,,,,,,,,,,,,,,,,,,,,,,,,,,,,,,,,,,,,,,,,,,,,,,,,,,,,,,,,,,,,,,,,,,,,,,,,,,,,,,,,,,,,,,,,,,,,,,,,,,,,,,,,,,,,,,,,,,,,,,,,,,,,,,,,,,,,,,,,,,,,,,,,,,,,,,,,,,,,,,,,,,,,,,,,,,,,,,,,,,,,,,,,,,,,,,,,,,,,,,,,,,,,,,,,,,,,,,,,,,,,,,,,,,,,,,,,,,,,,,,,,,,,,,,,,,,,,,,,,,,,,,,,,,,,,,,,,,,,,,,,,,,,,,,,,,,,,,,,,,,,,
BW,Botswana,0.374065403,0.374065403,0.374065403,0.374065403,0.374065403,0.374065403,0.374065403,0.374065403,0.374065403,0.374065403,0.39320755,0.365223092,0.366065217,0.362437602,0.365449818,0.357125737,0.352688387,0.358000251,0.364834419,0.427086883,0.41996121,0.470456315,0.463622148,0.454682668,0.46444774,0.455361496,0.455361496,138,138,138,138,138,138,138,138,138,138,103,99,103,107,108,110,113,110,116,96,98,71,71,77,76,78,78,0.653793918,0.653793918,0.658354237,0.662914557,0.664221347,0.665528137,0.656598706,0.647669276,0.696020438,0.657364273,0.676908432,0.655195002,0.662854023,0.667290847,0.655377414,0.660444722,0.661614216,0.665266299,0.656707098,0.656806139,0.646609093,0.652907752,0.637789658,0.638388488,0.638147096,0.629166022,0.637716205,43,43,43,40,41,39,41,45,35,41,40,44,41,43,45,45,46,44,46,43,43,42,45,45,45,50,48,0.375951197,0.376280438,0.37805299,0.379958762,0.38126813,0.383291843,0.381371543,0.378522313,0.395818967,0.384106091,0.397522641,0.383400787,0.388616778,0.39225942,0.394300894,0.391629861,0.390048611,0.397665494,0.403551168,0.424630422,0.420397882,0.437228918,0.429667601,0.431371057,0.435078578,0.434030921,0.435281035,79,81,80,77,78,77,83,87,73,81,78,89,88,90,90,96,96,93,91,81,83,80,82,81,83,86,87,0.099994271,0.100981994,0.101739329,0.102896325,0.105517641,0.110281989,0.113450518,0.113832261,0.11737106,0.120888596,0.122451941,0.129784268,0.136931094,0.147049813,0.162075449,0.157319125,0.155843231,0.169729932,0.189111986,0.189998245,0.194623343,0.188322686,0.187590996,0.201042015,0.202640896,0.217565245,0.212765403,185,184,185,185,184,183,181,182,185,185,185,184,183,182,174,179,182,175,164,166,166,170,173,169,169,164,168,,,,,,,,,,,,,,,,,,,,,,,,,,,,,,,,,,,,,,,,,,,,,,,,,,,,,,,,,,,,,,,,,,,,,,,,,,,,,,,,,,,,,,,,,,,,,,,,,,,,,,,,,,,,,,,,,,,,,,,,,,,,,,,,,,,,,,,,,,,,,,,,,,,,,,,,,,,,,,,,,,,,,,,,,,,,,,,,,,,,,,,,,,,,,,,,,,,,,,,,,,,,,,,,,,,,,,,,,,,,,,,,,,,,,,,,,,,,,,,,,,,,,,,,,,,,,,,,,,,,,,,,,,,,,,,,,,,,,,,,,,,,,,,,,,,,,,,,,,,,,,,,,,,,,,,,,,,,,,,,,,,,,,,,,,,,,,,,,,,,,,,,,,,,,,,,,,,,,,,,,,,,,,,,,,,,,,,,,,
BR,Brazil,0.417159526,0.417159526,0.417159526,0.417159526,0.417159526,0.417159526,0.417159526,0.417159526,0.417159526,0.417159526,0.441581148,0.522117439,0.52428753,0.521032393,0.526684347,0.556563586,0.550587738,0.552191015,0.559883502,0.310080106,0.312217807,0.32013702,0.305772313,0.300622395,0.305067927,0.300814792,0.300814792,94,94,94,94,94,94,94,94,94,94,79,54,53,54,54,50,50,52,51,144,142,143,151,151,149,153,153,0.495355866,0.495355866,0.495777704,0.496199542,0.503913989,0.511628435,0.514280569,0.516932703,0.499219372,0.470902213,0.460484244,0.460749396,0.460697789,0.47856255,0.505835279,0.520257396,0.521148879,0.506260184,0.488173421,0.474139171,0.446692986,0.443743688,0.43105818,0.429046729,0.433872373,0.445091258,0.434590177,93,93,94,93,92,88,88,87,90,92,96,92,94,87,80,76,73,78,87,95,102,108,117,117,116,112,113,0.35095588,0.350257187,0.350936052,0.351467372,0.356139464,0.360659575,0.363324602,0.368247418,0.365927782,0.361292472,0.368741434,0.399640851,0.403816312,0.413147696,0.426858542,0.444249775,0.447180866,0.445280833,0.443972063,0.358158695,0.351205128,0.354138895,0.347603082,0.345968324,0.351622872,0.355120925,0.352189901,112,111,112,110,106,102,96,92,98,99,97,78,81,77,75,66,65,69,73,113,116,118,122,122,121,121,125,0.140352247,0.138256169,0.139870928,0.141043048,0.147344878,0.153190764,0.158533711,0.170650026,0.181404448,0.195815677,0.204158909,0.216055719,0.226463617,0.239848144,0.248056,0.255928344,0.269805982,0.277391299,0.283859265,0.290256808,0.29470459,0.298535977,0.305978753,0.30823585,0.315928317,0.319456725,0.321164733,156,159,157,158,155,149,149,142,139,133,126,126,120,113,113,111,101,98,101,101,101,102,97,101,97,100,101,,,,,,,,,,,,,,,,,,,,,,,,,,,,,,,,,,,,,,,,,,,,,,,,,,,,,,,,,,,,,,,,,,,,,,,,,,,,,,,,,,,,,,,,,,,,,,,,,,,,,,,,,,,,,,,,,,,,,,,,,,,,,,,,,,,,,,,,,,,,,,,,,,,,,,,,,,,,,,,,,,,,,,,,,,,,,,,,,,,,,,,,,,,,,,,,,,,,,,,,,,,,,,,,,,,,,,,,,,,,,,,,,,,,,,,,,,,,,,,,,,,,,,,,,,,,,,,,,,,,,,,,,,,,,,,,,,,,,,,,,,,,,,,,,,,,,,,,,,,,,,,,,,,,,,,,,,,,,,,,,,,,,,,,,,,,,,,,,,,,,,,,,,,,,,,,,,,,,,,,,,,,,,,,,,,,,,,,,,
BN,Brunei,0.456464086,0.456464086,0.456464086,0.456464086,0.456464086,0.456464086,0.456464086,0.456464086,0.456464086,0.456464086,0.51761531,0.724778035,0.458796124,0.4607071,0.460188869,0.466180912,0.46404321,0.482926242,0.498570331,0.527850366,0.519688232,0.544822422,0.547219239,0.552207209,0.600193652,0.597358229,0.597358229,58,58,58,58,58,58,58,58,58,58,40,21,68,70,68,70,69,64,61,52,55,48,49,49,36,37,37,0.689764447,0.689764447,0.665121228,0.640478009,0.645499701,0.650521392,0.647416557,0.644311722,0.645654392,0.661207647,0.624642932,0.614088769,0.630384944,0.639649358,0.710581499,0.699276017,0.696267973,0.667652516,0.668449682,0.658424497,0.650176335,0.640665489,0.659666565,0.66555791,0.656992914,0.717295334,0.717008287,35,35,41,48,45,44,45,47,44,39,54,56,49,50,32,35,33,42,41,42,42,47,39,38,39,25,26,0.440892322,0.442237898,0.434289127,0.426567182,0.430925596,0.434524908,0.437691795,0.437104138,0.439634295,0.449176552,0.459827283,0.526796183,0.444861851,0.450090739,0.475433895,0.473900035,0.474544253,0.475430884,0.483981831,0.50268766,0.498046295,0.500063299,0.499583865,0.522697716,0.514367768,0.533333706,0.534833892,48,48,51,54,53,52,54,55,55,52,53,38,60,60,53,54,55,58,55,49,51,51,52,42,48,45,44,0.176448432,0.180485162,0.181282066,0.182759451,0.190813,0.196589247,0.20919474,0.210536607,0.216784405,0.229857922,0.237223607,0.241521744,0.245404483,0.249915758,0.255531318,0.256243177,0.263321576,0.275713895,0.284925481,0.321788117,0.324274317,0.314701987,0.291865789,0.350328029,0.285916737,0.285347555,0.290135159,130,129,130,125,118,116,107,111,111,103,100,100,106,109,111,110,112,100,100,81,86,89,110,81,119,124,126,,,,,,,,,,,,,,,,,,,,,,,,,,,,,,,,,,,,,,,,,,,,,,,,,,,,,,,,,,,,,,,,,,,,,,,,,,,,,,,,,,,,,,,,,,,,,,,,,,,,,,,,,,,,,,,,,,,,,,,,,,,,,,,,,,,,,,,,,,,,,,,,,,,,,,,,,,,,,,,,,,,,,,,,,,,,,,,,,,,,,,,,,,,,,,,,,,,,,,,,,,,,,,,,,,,,,,,,,,,,,,,,,,,,,,,,,,,,,,,,,,,,,,,,,,,,,,,,,,,,,,,,,,,,,,,,,,,,,,,,,,,,,,,,,,,,,,,,,,,,,,,,,,,,,,,,,,,,,,,,,,,,,,,,,,,,,,,,,,,,,,,,,,,,,,,,,,,,,,,,,,,,,,,,,,,,,,,,,,
BG,Bulgaria,0.413029875,0.413029875,0.413029875,0.413029875,0.413029875,0.413029875,0.413029875,0.413029875,0.413029875,0.413029875,0.41163713,0.396381713,0.407588452,0.426309537,0.438487958,0.425402633,0.436220699,0.439427251,0.455362846,0.485420227,0.479395795,0.46517684,0.453354702,0.446326198,0.443149842,0.435545751,0.435545751,99,99,99,99,99,99,99,99,99,99,92,91,89,81,81,81,80,80,76,66,69,73,76,81,84,85,85,0.451403077,0.451403077,0.483255634,0.515108191,0.513547197,0.511986203,0.523882739,0.535779274,0.529274406,0.535506423,0.536821518,0.537970786,0.533261566,0.532697213,0.536636571,0.532968817,0.520085697,0.525143753,0.510649087,0.513111297,0.50691691,0.521058984,0.534516665,0.538652186,0.544214208,0.521211858,0.528380281,104,104,96,89,87,87,85,83,82,79,77,77,77,74,72,73,74,70,74,77,77,75,74,74,73,78,78,0.392184152,0.400088004,0.423278804,0.423125642,0.419365596,0.411702123,0.413705846,0.425629768,0.431938632,0.436065231,0.437893968,0.435228591,0.439593474,0.440573293,0.446626791,0.441778369,0.44528154,0.449514059,0.454069585,0.464062085,0.465662569,0.464392849,0.464380813,0.463176457,0.466474365,0.461353922,0.465516583,69,63,56,56,55,61,61,58,56,55,58,63,61,66,63,67,66,68,68,63,65,64,64,64,67,73,71,0.312119503,0.335831059,0.373550904,0.341238861,0.331519716,0.310090292,0.304204923,0.328080153,0.353511615,0.359659395,0.365223256,0.371333273,0.377930403,0.362713128,0.364755844,0.366963657,0.379538223,0.383971173,0.396196823,0.393654732,0.410675001,0.406942723,0.405271073,0.404550989,0.412059047,0.427304158,0.432623716,44,42,35,43,42,50,53,52,49,50,51,52,52,55,58,58,58,59,57,58,57,58,61,61,64,62,62,,,,,,,,,,,,,,,,,,,,,,,,,,,,,,,,,,,,,,,,,,,,,,,,,,,,,,,,,,,,,,,,,,,,,,,,,,,,,,,,,,,,,,,,,,,,,,,,,,,,,,,,,,,,,,,,,,,,,,,,,,,,,,,,,,,,,,,,,,,,,,,,,,,,,,,,,,,,,,,,,,,,,,,,,,,,,,,,,,,,,,,,,,,,,,,,,,,,,,,,,,,,,,,,,,,,,,,,,,,,,,,,,,,,,,,,,,,,,,,,,,,,,,,,,,,,,,,,,,,,,,,,,,,,,,,,,,,,,,,,,,,,,,,,,,,,,,,,,,,,,,,,,,,,,,,,,,,,,,,,,,,,,,,,,,,,,,,,,,,,,,,,,,,,,,,,,,,,,,,,,,,,,,,,,,,,,,,,,,
BF,Burkina Faso,0.321011535,0.321011535,0.321011535,0.321011535,0.321011535,0.321011535,0.321011535,0.321011535,0.321011535,0.321011535,0.267309877,0.140181407,0.163372231,0.171599143,0.206676884,0.209106091,0.210174942,0.210434057,0.210790341,0.224879738,0.2191792,0.28165839,0.283569366,0.281787948,0.272863313,0.264453704,0.264453704,176,176,176,176,176,176,176,176,176,176,186,187,186,184,177,171,169,170,172,172,173,165,162,164,169,171,171,0.435199353,0.435199353,0.440908986,0.44661862,0.457396216,0.468173813,0.458980914,0.449788015,0.450319133,0.447507671,0.446241032,0.450129619,0.461467002,0.461229421,0.466723833,0.456707444,0.429152612,0.421989923,0.403502085,0.397824425,0.414347553,0.413240998,0.413294778,0.409343675,0.392770733,0.385471357,0.383624757,114,114,110,110,106,103,104,108,107,103,102,96,93,93,93,96,109,118,127,128,123,124,124,126,131,134,135,0.304970649,0.304950591,0.306812628,0.308734537,0.312286675,0.315751719,0.312652852,0.309628306,0.309901547,0.310244905,0.29319047,0.253397548,0.266505388,0.271170952,0.286300414,0.285093293,0.277720527,0.276926977,0.271421325,0.274574485,0.278264994,0.2991249,0.30015765,0.298671518,0.290656362,0.286807024,0.288728126,148,148,144,141,138,135,142,147,145,144,153,170,166,165,155,150,156,156,161,164,162,155,155,154,158,161,158,0.15870106,0.158640885,0.158517363,0.158573456,0.158452275,0.15806981,0.157966108,0.158085369,0.158373975,0.162215509,0.166020501,0.16988162,0.174676931,0.180684292,0.185500524,0.189466345,0.193834027,0.19835695,0.199971549,0.201019293,0.20126823,0.202475312,0.203608807,0.204882931,0.20633504,0.210496009,0.218105916,143,143,143,142,145,146,150,153,159,162,162,159,158,157,154,156,155,155,156,156,159,160,166,167,168,168,164,,,,,,,,,,,,,,,,,,,,,,,,,,,,,,,,,,,,,,,,,,,,,,,,,,,,,,,,,,,,,,,,,,,,,,,,,,,,,,,,,,,,,,,,,,,,,,,,,,,,,,,,,,,,,,,,,,,,,,,,,,,,,,,,,,,,,,,,,,,,,,,,,,,,,,,,,,,,,,,,,,,,,,,,,,,,,,,,,,,,,,,,,,,,,,,,,,,,,,,,,,,,,,,,,,,,,,,,,,,,,,,,,,,,,,,,,,,,,,,,,,,,,,,,,,,,,,,,,,,,,,,,,,,,,,,,,,,,,,,,,,,,,,,,,,,,,,,,,,,,,,,,,,,,,,,,,,,,,,,,,,,,,,,,,,,,,,,,,,,,,,,,,,,,,,,,,,,,,,,,,,,,,,,,,,,,,,,,,,
BI,Burundi,0.348704488,0.348704488,0.348704488,0.348704488,0.348704488,0.348704488,0.348704488,0.348704488,0.348704488,0.348704488,0.30173983,0.208555471,0.209624322,0.212442201,0.19297616,0.140408133,0.127970596,0.131533432,0.192684655,0.273366699,0.279229184,0.33406447,0.33523049,0.328817385,0.327606324,0.316876823,0.316876823,158,158,158,158,158,158,158,158,158,158,170,176,175,175,180,182,183,184,175,154,151,137,137,138,142,145,145,0.22117118,0.22117118,0.219809999,0.218448818,0.22664154,0.234834263,0.233134501,0.23143474,0.222987802,0.205719637,0.259959314,0.270237006,0.262015003,0.256825958,0.267587684,0.250266672,0.247788171,0.244005501,0.264643324,0.311589385,0.252186591,0.230619577,0.229589007,0.227781104,0.228746373,0.230856646,0.240345013,184,184,184,183,184,183,184,183,183,185,176,173,177,181,176,179,180,180,174,164,181,181,181,181,181,181,178,0.23779738,0.23779372,0.237344752,0.236897574,0.242723207,0.248618685,0.251102113,0.253976497,0.254383318,0.251896924,0.257466214,0.232932622,0.230652025,0.230213147,0.227863869,0.205569529,0.200739563,0.200878601,0.228743995,0.27225339,0.256382397,0.266951135,0.267600637,0.265087543,0.26493466,0.262785014,0.267448275,189,189,189,189,187,184,183,183,182,181,182,180,180,182,183,186,186,186,182,168,173,172,173,175,174,177,172,0.143516471,0.143505493,0.143519768,0.143539415,0.152823592,0.162317303,0.171467351,0.181790263,0.191457663,0.201266646,0.210699499,0.22000539,0.220316752,0.221371282,0.223027764,0.226033783,0.226459922,0.227096869,0.228904005,0.231804087,0.237731416,0.236169358,0.237982413,0.23866414,0.238451283,0.240621574,0.245122988,154,155,154,155,148,141,137,137,130,125,123,120,126,130,135,140,141,143,143,142,142,146,146,148,149,149,148,,,,,,,,,,,,,,,,,,,,,,,,,,,,,,,,,,,,,,,,,,,,,,,,,,,,,,,,,,,,,,,,,,,,,,,,,,,,,,,,,,,,,,,,,,,,,,,,,,,,,,,,,,,,,,,,,,,,,,,,,,,,,,,,,,,,,,,,,,,,,,,,,,,,,,,,,,,,,,,,,,,,,,,,,,,,,,,,,,,,,,,,,,,,,,,,,,,,,,,,,,,,,,,,,,,,,,,,,,,,,,,,,,,,,,,,,,,,,,,,,,,,,,,,,,,,,,,,,,,,,,,,,,,,,,,,,,,,,,,,,,,,,,,,,,,,,,,,,,,,,,,,,,,,,,,,,,,,,,,,,,,,,,,,,,,,,,,,,,,,,,,,,,,,,,,,,,,,,,,,,,,,,,,,,,,,,,,,,,
KH,Cambodia,0.322274722,0.322274722,0.322274722,0.322274722,0.322274722,0.322274722,0.322274722,0.322274722,0.322274722,0.322274722,0.31012869,0.287391317,0.278030775,0.274532718,0.273107583,0.246289144,0.235114795,0.235050016,0.213025211,0.225203632,0.218207518,0.240523828,0.23424028,0.228734079,0.225498848,0.219151366,0.219151366,172,172,172,172,172,172,172,172,172,172,168,151,155,157,157,156,164,162,171,171,174,179,182,183,183,183,183,0.326098994,0.326098994,0.32552822,0.324957445,0.338518213,0.352078982,0.349728725,0.347378468,0.339665264,0.34153791,0.327470247,0.323491783,0.339644408,0.338324735,0.330420327,0.329353284,0.335998531,0.369813232,0.36822747,0.368607064,0.365390023,0.361361941,0.354513545,0.350098265,0.348967352,0.343244037,0.352719944,162,162,161,160,153,147,149,150,151,152,153,157,151,152,154,155,154,137,141,141,143,145,151,152,154,152,149,0.282149864,0.282312003,0.28195925,0.282020863,0.286792387,0.291573355,0.290810977,0.290234811,0.287986938,0.28882088,0.278461925,0.269227737,0.270921478,0.277027341,0.277354725,0.27395359,0.276846293,0.288288735,0.280276743,0.285938557,0.283095229,0.291828746,0.2871582,0.286108893,0.286509537,0.28343816,0.288194806,169,169,169,171,166,161,161,163,162,164,164,160,162,161,160,159,159,150,158,154,157,159,162,163,161,164,159,0.198075877,0.198562293,0.198074808,0.198830423,0.199584227,0.20036636,0.200429484,0.201051242,0.202020827,0.202650008,0.197786837,0.196800112,0.19508925,0.218224572,0.228536265,0.246218343,0.259425554,0.260002959,0.259577548,0.264004974,0.265688146,0.273600469,0.272720774,0.279494334,0.285062411,0.287919077,0.292713109,103,106,106,104,109,114,116,118,121,124,133,140,143,132,131,119,116,118,121,122,124,123,124,124,121,122,123,,,,,,,,,,,,,,,,,,,,,,,,,,,,,,,,,,,,,,,,,,,,,,,,,,,,,,,,,,,,,,,,,,,,,,,,,,,,,,,,,,,,,,,,,,,,,,,,,,,,,,,,,,,,,,,,,,,,,,,,,,,,,,,,,,,,,,,,,,,,,,,,,,,,,,,,,,,,,,,,,,,,,,,,,,,,,,,,,,,,,,,,,,,,,,,,,,,,,,,,,,,,,,,,,,,,,,,,,,,,,,,,,,,,,,,,,,,,,,,,,,,,,,,,,,,,,,,,,,,,,,,,,,,,,,,,,,,,,,,,,,,,,,,,,,,,,,,,,,,,,,,,,,,,,,,,,,,,,,,,,,,,,,,,,,,,,,,,,,,,,,,,,,,,,,,,,,,,,,,,,,,,,,,,,,,,,,,,,,
CM,Cameroon,0.300314696,0.300314696,0.300314696,0.300314696,0.300314696,0.300314696,0.300314696,0.300314696,0.300314696,0.300314696,0.266014301,0.182611546,0.174935254,0.171987816,0.152683723,0.140991142,0.163469399,0.165024091,0.16563949,0.173607287,0.160165678,0.199777938,0.192943771,0.193591559,0.196725741,0.186254006,0.186254006,189,189,189,189,189,189,189,189,189,189,187,180,183,183,187,181,180,180,183,184,186,188,188,188,187,188,188,0.257902518,0.257902518,0.275003178,0.292103837,0.29731799,0.302532142,0.296603984,0.290675826,0.321982491,0.328715607,0.321727595,0.330080452,0.329093118,0.324119069,0.329433,0.318367798,0.313434969,0.306382543,0.309795956,0.300294749,0.30424636,0.298903125,0.293578728,0.283061908,0.269991007,0.276640749,0.279273221,177,177,173,168,165,164,166,166,161,158,155,149,154,159,155,160,161,165,164,169,167,169,170,173,172,171,169,0.261853394,0.261858308,0.267562887,0.273282563,0.275051701,0.276704308,0.275003327,0.273860362,0.284921446,0.287844467,0.275526918,0.252271722,0.25119006,0.25018538,0.247715613,0.242144936,0.249937614,0.250686415,0.254378535,0.256540044,0.254373733,0.263766643,0.260541313,0.260167739,0.258704292,0.260505845,0.261066909,182,181,179,176,175,174,175,175,166,165,167,173,174,175,178,175,173,173,174,173,175,174,176,177,177,178,175,0.227342968,0.22735771,0.227370788,0.227429155,0.227522417,0.227266087,0.228091302,0.230590564,0.232467152,0.234503098,0.238838859,0.244123168,0.249541809,0.254449253,0.261030117,0.267075868,0.272908474,0.28065261,0.28770016,0.295718095,0.29870916,0.292618866,0.29510144,0.303849749,0.309396126,0.318622779,0.317673499,79,80,79,76,78,83,88,89,93,98,99,97,101,107,101,101,98,96,97,99,100,107,107,104,105,101,106,,,,,,,,,,,,,,,,,,,,,,,,,,,,,,,,,,,,,,,,,,,,,,,,,,,,,,,,,,,,,,,,,,,,,,,,,,,,,,,,,,,,,,,,,,,,,,,,,,,,,,,,,,,,,,,,,,,,,,,,,,,,,,,,,,,,,,,,,,,,,,,,,,,,,,,,,,,,,,,,,,,,,,,,,,,,,,,,,,,,,,,,,,,,,,,,,,,,,,,,,,,,,,,,,,,,,,,,,,,,,,,,,,,,,,,,,,,,,,,,,,,,,,,,,,,,,,,,,,,,,,,,,,,,,,,,,,,,,,,,,,,,,,,,,,,,,,,,,,,,,,,,,,,,,,,,,,,,,,,,,,,,,,,,,,,,,,,,,,,,,,,,,,,,,,,,,,,,,,,,,,,,,,,,,,,,,,,,,,
CA,Canada,0.494845548,0.494845548,0.494845548,0.494845548,0.494845548,0.494845548,0.494845548,0.494845548,0.494845548,0.494845548,0.528109481,0.622880922,0.634443945,0.638395454,0.633828546,0.604742847,0.621164283,0.61854074,0.631075445,0.664954778,0.642346963,0.60908303,0.602443199,0.590264777,0.585178795,0.576704744,0.576704744,24,24,24,24,24,24,24,24,24,24,34,40,36,33,32,40,38,37,35,28,32,33,36,38,41,42,42,0.826633077,0.826633077,0.823485902,0.820338727,0.822428087,0.824517446,0.825294344,0.826071243,0.817338746,0.806592484,0.803883187,0.824590372,0.827746432,0.831214561,0.840860566,0.833171439,0.830077734,0.831162666,0.827355341,0.841775227,0.840297881,0.846190466,0.841422131,0.819367912,0.818254441,0.798287778,0.797101255,16,16,15,15,16,17,15,16,17,17,18,17,16,17,11,14,15,15,14,14,13,12,12,17,17,17,18,0.592362835,0.594203558,0.596686048,0.593171643,0.60077483,0.606659731,0.607617506,0.608483058,0.60710465,0.621145688,0.633679037,0.678274846,0.678701692,0.682498947,0.684163058,0.664563261,0.672631794,0.67135605,0.673413988,0.68549059,0.678247514,0.66752909,0.664712749,0.656949402,0.655928153,0.650477072,0.649978713,14,14,14,16,17,17,17,17,17,16,14,15,15,16,13,19,19,20,19,19,19,19,19,19,20,19,20,0.45560988,0.461132048,0.471726694,0.464330654,0.485050856,0.5006162,0.502712626,0.504532382,0.509129656,0.561999031,0.569044442,0.587353245,0.5739147,0.577886825,0.577800061,0.555775497,0.566653366,0.564364743,0.561811179,0.549741766,0.552097698,0.547313775,0.550272918,0.561215516,0.564351223,0.576438693,0.576130139,26,25,25,28,26,27,28,28,28,26,25,25,26,28,28,30,29,30,30,30,31,33,33,31,31,32,32,,,,,,,,,,,,,,,,,,,,,,,,,,,,,,,,,,,,,,,,,,,,,,,,,,,,,,,,,,,,,,,,,,,,,,,,,,,,,,,,,,,,,,,,,,,,,,,,,,,,,,,,,,,,,,,,,,,,,,,,,,,,,,,,,,,,,,,,,,,,,,,,,,,,,,,,,,,,,,,,,,,,,,,,,,,,,,,,,,,,,,,,,,,,,,,,,,,,,,,,,,,,,,,,,,,,,,,,,,,,,,,,,,,,,,,,,,,,,,,,,,,,,,,,,,,,,,,,,,,,,,,,,,,,,,,,,,,,,,,,,,,,,,,,,,,,,,,,,,,,,,,,,,,,,,,,,,,,,,,,,,,,,,,,,,,,,,,,,,,,,,,,,,,,,,,,,,,,,,,,,,,,,,,,,,,,,,,,,,
CV,Cape Verde,0.439751146,0.439751146,0.439751146,0.439751146,0.439751146,0.439751146,0.439751146,0.439751146,0.439751146,0.439751146,0.500902369,0.36311778,0.362437602,0.365255481,0.359976006,0.347927142,0.383555503,0.400657117,0.412090582,0.477614377,0.467638436,0.470812599,0.463719316,0.456075413,0.446228017,0.459438514,0.459438514,70,70,70,70,70,70,70,70,70,70,51,103,105,105,109,115,101,91,93,72,74,69,70,75,81,76,76,0.637354939,0.637354939,0.632158471,0.626962002,0.638549672,0.650137342,0.606237741,0.562338141,0.567823969,0.560263135,0.56886968,0.608955283,0.606523501,0.607617094,0.612116447,0.604266176,0.611279052,0.614108575,0.605958226,0.593646036,0.616192193,0.595596395,0.598575535,0.602668264,0.612250108,0.621037076,0.631217517,48,48,51,51,47,45,62,72,72,71,70,58,57,58,56,57,55,56,57,59,56,61,58,56,56,54,49,0.40548453,0.405593381,0.40407596,0.402563064,0.406862832,0.411409212,0.397221457,0.384403737,0.388582965,0.388895802,0.415029389,0.385274522,0.387707238,0.393997394,0.3973152,0.394790055,0.411276733,0.418210297,0.421151253,0.439736019,0.443826574,0.440066478,0.44026672,0.439779821,0.439659608,0.44680272,0.451801829,60,59,62,67,64,62,69,83,78,77,68,85,90,89,87,91,86,84,85,74,75,75,76,78,81,79,77,0.139347505,0.139674059,0.140318264,0.140976044,0.142287679,0.144339149,0.145675485,0.151121925,0.158173779,0.166673124,0.175316118,0.183750503,0.194160612,0.209119606,0.219853146,0.232176846,0.238995645,0.239865199,0.245404951,0.247947644,0.247649094,0.253790441,0.258505309,0.260595787,0.260500697,0.25993257,0.264749456,157,158,156,159,157,158,160,163,161,156,149,145,145,139,138,133,134,132,133,133,134,134,133,135,139,142,142,,,,,,,,,,,,,,,,,,,,,,,,,,,,,,,,,,,,,,,,,,,,,,,,,,,,,,,,,,,,,,,,,,,,,,,,,,,,,,,,,,,,,,,,,,,,,,,,,,,,,,,,,,,,,,,,,,,,,,,,,,,,,,,,,,,,,,,,,,,,,,,,,,,,,,,,,,,,,,,,,,,,,,,,,,,,,,,,,,,,,,,,,,,,,,,,,,,,,,,,,,,,,,,,,,,,,,,,,,,,,,,,,,,,,,,,,,,,,,,,,,,,,,,,,,,,,,,,,,,,,,,,,,,,,,,,,,,,,,,,,,,,,,,,,,,,,,,,,,,,,,,,,,,,,,,,,,,,,,,,,,,,,,,,,,,,,,,,,,,,,,,,,,,,,,,,,,,,,,,,,,,,,,,,,,,,,,,,,,
CF,Central African Republic,0.279812193,0.279812193,0.279812193,0.279812193,0.279812193,0.279812193,0.279812193,0.279812193,0.279812193,0.279812193,0.250273043,0.099014455,0.096909142,0.088261168,0.075791241,0.008550807,0,0.026170651,0.015287806,0.01340922,0.002137702,0.070900439,0.065912468,0.063677598,0.05833773,0.052505779,0.052505779,191,191,191,191,191,191,191,191,191,191,190,192,192,192,192,192,192,192,192,192,192,192,192,192,192,192,192,0.283728247,0.283728247,0.285664888,0.287601528,0.280249668,0.272897808,0.274444853,0.275991899,0.251489797,0.219802995,0.229329733,0.213673555,0.212702913,0.228043543,0.236127441,0.239344566,0.24618825,0.240873315,0.199728612,0.166452573,0.192017492,0.191495953,0.188860451,0.186391237,0.186919555,0.174537094,0.185504514,172,172,169,170,173,174,174,174,180,182,182,187,184,184,183,182,181,182,187,189,183,184,185,185,185,185,186,0.253116597,0.253126817,0.253774986,0.254422947,0.251984577,0.24951616,0.2500199,0.250518024,0.242407175,0.228903813,0.219159594,0.160350449,0.157448753,0.157931101,0.15760073,0.136669455,0.136494089,0.143757353,0.126995849,0.114804485,0.119845025,0.142596111,0.140061617,0.13899816,0.138753941,0.133433235,0.137559138,184,184,183,182,182,183,184,184,184,188,187,191,191,191,191,191,192,192,192,192,192,192,192,192,192,192,192,0.195809352,0.195840012,0.195847879,0.19585512,0.195891871,0.195838478,0.195802654,0.19574998,0.195919534,0.18709625,0.177876006,0.168363337,0.162734203,0.157488593,0.160883507,0.162112993,0.163294015,0.164228093,0.16597113,0.164551661,0.165379882,0.165391943,0.165411931,0.166925646,0.171004537,0.173256833,0.17466712,108,107,108,108,112,117,120,124,124,140,147,163,166,174,176,178,177,180,180,182,183,183,185,185,187,187,187,,,,,,,,,,,,,,,,,,,,,,,,,,,,,,,,,,,,,,,,,,,,,,,,,,,,,,,,,,,,,,,,,,,,,,,,,,,,,,,,,,,,,,,,,,,,,,,,,,,,,,,,,,,,,,,,,,,,,,,,,,,,,,,,,,,,,,,,,,,,,,,,,,,,,,,,,,,,,,,,,,,,,,,,,,,,,,,,,,,,,,,,,,,,,,,,,,,,,,,,,,,,,,,,,,,,,,,,,,,,,,,,,,,,,,,,,,,,,,,,,,,,,,,,,,,,,,,,,,,,,,,,,,,,,,,,,,,,,,,,,,,,,,,,,,,,,,,,,,,,,,,,,,,,,,,,,,,,,,,,,,,,,,,,,,,,,,,,,,,,,,,,,,,,,,,,,,,,,,,,,,,,,,,,,,,,,,,,,,
TD,Chad,0.258338008,0.258338008,0.258338008,0.258338008,0.258338008,0.258338008,0.258338008,0.258338008,0.258338008,0.258338008,0.230547886,0.100245253,0.103063132,0.096844364,0.091305773,0.051725903,0.044438283,0.045895807,0.039806596,0.043142706,0.040583942,0.10876367,0.106496411,0.10150844,0.103188979,0.105992182,0.105992182,192,192,192,192,192,192,192,192,192,192,192,191,191,191,191,191,191,191,191,191,191,191,191,191,191,191,191,0.257354767,0.257354767,0.25427954,0.251204313,0.256500066,0.261795819,0.259294491,0.256793162,0.232379063,0.246027714,0.218724226,0.215385439,0.210828677,0.192541344,0.21857672,0.228594449,0.243307423,0.255879078,0.258093631,0.244246015,0.264005271,0.23407721,0.240036057,0.238813657,0.245211609,0.248169196,0.237510478,178,178,179,176,178,177,179,180,182,177,183,184,185,186,185,184,182,175,177,179,178,180,180,180,180,178,179,0.24523555,0.245236512,0.244239967,0.243313384,0.245119263,0.246936756,0.246126237,0.245379871,0.236071732,0.239624169,0.220240641,0.174892682,0.173751569,0.165266741,0.171639916,0.161148173,0.163209566,0.168843202,0.1679458,0.165307012,0.171107176,0.184424701,0.186574049,0.184989744,0.188128132,0.19154786,0.190699472,187,187,187,185,185,185,185,185,187,183,186,190,190,190,189,190,189,190,190,190,190,191,191,191,191,190,190,0.220013874,0.220016761,0.220102354,0.220397831,0.220519713,0.220676441,0.220746213,0.221008444,0.217498125,0.214506784,0.211449811,0.209047355,0.207362899,0.206414515,0.205037254,0.203124168,0.20188299,0.204754723,0.205937172,0.208532314,0.208732315,0.210433222,0.213189679,0.214647136,0.215983807,0.220482203,0.228595755,86,86,88,84,86,93,98,100,109,115,122,129,137,143,149,150,153,153,154,153,153,153,157,159,160,161,158,,,,,,,,,,,,,,,,,,,,,,,,,,,,,,,,,,,,,,,,,,,,,,,,,,,,,,,,,,,,,,,,,,,,,,,,,,,,,,,,,,,,,,,,,,,,,,,,,,,,,,,,,,,,,,,,,,,,,,,,,,,,,,,,,,,,,,,,,,,,,,,,,,,,,,,,,,,,,,,,,,,,,,,,,,,,,,,,,,,,,,,,,,,,,,,,,,,,,,,,,,,,,,,,,,,,,,,,,,,,,,,,,,,,,,,,,,,,,,,,,,,,,,,,,,,,,,,,,,,,,,,,,,,,,,,,,,,,,,,,,,,,,,,,,,,,,,,,,,,,,,,,,,,,,,,,,,,,,,,,,,,,,,,,,,,,,,,,,,,,,,,,,,,,,,,,,,,,,,,,,,,,,,,,,,,,,,,,,,
CL,Chile,0.403993227,0.403993227,0.403993227,0.403993227,0.403993227,0.403993227,0.403993227,0.403993227,0.403993227,0.403993227,0.4166251,0.468059498,0.493711918,0.490472976,0.479590131,0.490051914,0.498214047,0.533065063,0.545275874,0.578896091,0.573227942,0.54155109,0.537340466,0.54323534,0.539360925,0.544677344,0.544677344,106,106,106,106,106,106,106,106,106,106,89,64,57,60,62,63,62,56,52,43,45,50,52,50,51,52,52,0.745963156,0.745963156,0.723103122,0.700243087,0.721666849,0.743090611,0.752083624,0.761076638,0.725875479,0.731975664,0.744269935,0.738275656,0.729251288,0.730370111,0.733379361,0.744545572,0.739909311,0.744469744,0.739075261,0.744036963,0.717749234,0.697003177,0.695065849,0.689540426,0.665043377,0.664287098,0.653539977,26,26,29,34,31,27,26,25,28,27,23,27,28,28,28,26,26,25,25,26,27,29,32,32,36,41,41,0.443244209,0.444673874,0.436984803,0.43164412,0.442448093,0.454498722,0.460900186,0.470541669,0.460538226,0.466864553,0.479770357,0.49459106,0.506993625,0.511479452,0.508190066,0.520308171,0.526557791,0.542352325,0.547705472,0.56557247,0.559570374,0.54347328,0.542646153,0.544180315,0.536514862,0.536446311,0.534454195,46,46,48,52,47,44,42,40,47,46,44,47,44,41,42,41,42,33,34,32,34,36,37,37,39,43,45,0.179776244,0.184065241,0.18385806,0.190696045,0.201684203,0.21641233,0.226623707,0.246555141,0.251745972,0.264624769,0.278416036,0.277438025,0.29801767,0.313595268,0.311600706,0.326327027,0.341550015,0.349522169,0.358765282,0.373784355,0.387733945,0.391865573,0.395532144,0.399765179,0.405140284,0.400374491,0.405145264,125,122,125,115,106,100,90,76,75,74,73,76,74,68,73,70,68,68,66,65,62,63,64,64,66,69,69,,,,,,,,,,,,,,,,,,,,,,,,,,,,,,,,,,,,,,,,,,,,,,,,,,,,,,,,,,,,,,,,,,,,,,,,,,,,,,,,,,,,,,,,,,,,,,,,,,,,,,,,,,,,,,,,,,,,,,,,,,,,,,,,,,,,,,,,,,,,,,,,,,,,,,,,,,,,,,,,,,,,,,,,,,,,,,,,,,,,,,,,,,,,,,,,,,,,,,,,,,,,,,,,,,,,,,,,,,,,,,,,,,,,,,,,,,,,,,,,,,,,,,,,,,,,,,,,,,,,,,,,,,,,,,,,,,,,,,,,,,,,,,,,,,,,,,,,,,,,,,,,,,,,,,,,,,,,,,,,,,,,,,,,,,,,,,,,,,,,,,,,,,,,,,,,,,,,,,,,,,,,,,,,,,,,,,,,,,
CN,China,0.445678409,0.445678409,0.445678409,0.445678409,0.445678409,0.445678409,0.445678409,0.445678409,0.445678409,0.445678409,0.506829633,0.713992359,0.721636262,0.727142463,0.729021049,0.798075291,0.797880955,0.802674589,0.812520972,0.352072988,0.378211249,0.3664215,0.369660442,0.380284172,0.574674839,0.594973895,0.594973895,67,67,67,67,67,67,67,67,67,67,48,27,24,21,19,18,18,16,15,123,113,121,123,123,46,38,38,0.442377242,0.442377242,0.435290397,0.428203551,0.433960952,0.439718352,0.420738726,0.401759101,0.408561439,0.406989657,0.404044407,0.401952416,0.40530387,0.416364418,0.41537123,0.402043221,0.411571481,0.412942825,0.416080402,0.424437233,0.42696519,0.436494392,0.457123703,0.455320795,0.448235142,0.472278568,0.470747693,108,108,118,120,119,114,121,126,122,121,125,127,129,125,122,130,127,125,118,119,116,115,102,102,105,94,95,0.362369875,0.363296377,0.359994705,0.356813542,0.358353562,0.362881992,0.358214665,0.355725024,0.364996169,0.368740763,0.397366021,0.475738105,0.490182288,0.509608665,0.522738133,0.559863852,0.565254145,0.570210993,0.577523381,0.432893308,0.44662616,0.4484355,0.458774135,0.463832937,0.529988743,0.549309715,0.553517588,95,93,100,107,103,99,102,104,99,94,79,53,50,42,39,31,30,29,29,76,73,71,66,63,40,36,36,0.199053974,0.201833479,0.199015309,0.196558664,0.195421326,0.203249215,0.208226861,0.219737562,0.240748659,0.253554221,0.281224023,0.311269541,0.343606731,0.385319115,0.423822119,0.479473045,0.486309998,0.495015566,0.503968768,0.522169703,0.534702041,0.542390608,0.54953826,0.555893844,0.567056248,0.580676683,0.594831177,101,98,105,107,113,111,108,104,87,79,72,60,54,54,50,39,39,39,39,35,36,34,34,32,30,30,28,,,,,,,,,,,,,,,,,,,,,,,,,,,,,,,,,,,,,,,,,,,,,,,,,,,,,,,,,,,,,,,,,,,,,,,,,,,,,,,,,,,,,,,,,,,,,,,,,,,,,,,,,,,,,,,,,,,,,,,,,,,,,,,,,,,,,,,,,,,,,,,,,,,,,,,,,,,,,,,,,,,,,,,,,,,,,,,,,,,,,,,,,,,,,,,,,,,,,,,,,,,,,,,,,,,,,,,,,,,,,,,,,,,,,,,,,,,,,,,,,,,,,,,,,,,,,,,,,,,,,,,,,,,,,,,,,,,,,,,,,,,,,,,,,,,,,,,,,,,,,,,,,,,,,,,,,,,,,,,,,,,,,,,,,,,,,,,,,,,,,,,,,,,,,,,,,,,,,,,,,,,,,,,,,,,,,,,,,,
CO,Colombia,0.37872948,0.37872948,0.37872948,0.37872948,0.37872948,0.37872948,0.37872948,0.37872948,0.37872948,0.37872948,0.380802403,0.30789382,0.305270277,0.329594731,0.373093721,0.386470551,0.389741882,0.393531444,0.38932082,0.430908834,0.418633244,0.402308977,0.3982603,0.391944363,0.38615138,0.388857921,0.388857921,133,133,133,133,133,133,133,133,133,133,115,138,141,126,103,95,96,95,101,92,99,108,113,113,115,115,115,0.359710758,0.359710758,0.356871633,0.354032508,0.361380496,0.368728484,0.366808454,0.364888424,0.345681632,0.35799105,0.373410282,0.390481439,0.401248463,0.402195734,0.390307818,0.406189102,0.431844799,0.417779673,0.419034475,0.441042479,0.447129166,0.448568769,0.44189937,0.443431976,0.444525389,0.448766965,0.431782776,150,150,151,151,144,142,142,141,148,143,138,133,131,130,132,128,108,121,117,108,101,103,111,109,108,111,114,0.288624351,0.289007935,0.289336771,0.290301861,0.290950548,0.293782608,0.297001676,0.300156269,0.298193857,0.304223006,0.315356001,0.294581145,0.300763263,0.31288375,0.326496345,0.339595334,0.35417835,0.353807569,0.356000185,0.379239088,0.379680894,0.378432277,0.376758327,0.37354433,0.37204249,0.375216732,0.370442348,164,164,165,163,163,157,156,155,155,148,139,140,138,132,128,122,116,114,116,102,102,107,109,111,110,109,111,0.127432816,0.128583567,0.132409201,0.138143595,0.132741668,0.133889861,0.145467093,0.156850902,0.170170459,0.175948489,0.191855318,0.185368177,0.195771049,0.206860786,0.216087498,0.226126349,0.240948369,0.250111588,0.25964526,0.26576595,0.273280272,0.284419086,0.290115313,0.285256652,0.2854507,0.28802531,0.290686346,165,168,166,162,167,171,161,155,145,145,139,144,140,142,140,139,132,126,120,121,120,114,112,118,120,121,125,,,,,,,,,,,,,,,,,,,,,,,,,,,,,,,,,,,,,,,,,,,,,,,,,,,,,,,,,,,,,,,,,,,,,,,,,,,,,,,,,,,,,,,,,,,,,,,,,,,,,,,,,,,,,,,,,,,,,,,,,,,,,,,,,,,,,,,,,,,,,,,,,,,,,,,,,,,,,,,,,,,,,,,,,,,,,,,,,,,,,,,,,,,,,,,,,,,,,,,,,,,,,,,,,,,,,,,,,,,,,,,,,,,,,,,,,,,,,,,,,,,,,,,,,,,,,,,,,,,,,,,,,,,,,,,,,,,,,,,,,,,,,,,,,,,,,,,,,,,,,,,,,,,,,,,,,,,,,,,,,,,,,,,,,,,,,,,,,,,,,,,,,,,,,,,,,,,,,,,,,,,,,,,,,,,,,,,,,,
KM,Comoros,0.448204784,0.448204784,0.448204784,0.448204784,0.448204784,0.448204784,0.448204784,0.448204784,0.448204784,0.448204784,0.509356008,0.357255295,0.356704675,0.347246964,0.337627307,0.325934726,0.323278794,0.317060025,0.334291196,0.35696379,0.346404839,0.368397255,0.365708933,0.362631938,0.355236692,0.357878791,0.357878791,64,64,64,64,64,64,64,64,64,64,44,108,109,117,123,130,131,131,131,122,127,120,126,124,126,127,127,0.367423272,0.367423272,0.369745194,0.372067116,0.353124702,0.334182287,0.36459462,0.395006953,0.333624441,0.325682779,0.3044101,0.324905016,0.292987686,0.285184166,0.289474125,0.31077829,0.313343449,0.316134198,0.34191586,0.360668089,0.354813119,0.359392436,0.356904164,0.326309338,0.32183957,0.29965248,0.296456441,148,148,142,142,151,154,143,130,155,159,160,152,168,169,169,164,162,159,151,147,149,147,148,160,161,167,166,0.314861066,0.314876084,0.315792036,0.316723382,0.310574416,0.304359053,0.315001018,0.325605366,0.305745916,0.303599987,0.3174576,0.274318697,0.264427706,0.260081336,0.259686053,0.263807072,0.266457365,0.267155369,0.282697817,0.297321303,0.292368026,0.301551025,0.300048763,0.289778344,0.28689643,0.28165435,0.282299506,136,135,135,133,141,150,141,127,150,150,136,156,168,170,172,166,167,164,154,144,148,152,156,160,159,166,166,0.128955142,0.129000195,0.129426129,0.129898247,0.130393762,0.130690087,0.132203651,0.133604362,0.135408522,0.136912397,0.138606692,0.140795779,0.143590757,0.147812877,0.151956726,0.1547082,0.162749853,0.168271883,0.171886395,0.174332031,0.175886119,0.176863385,0.177533191,0.180393757,0.183613029,0.187431778,0.192563285,164,167,168,166,168,173,174,175,174,177,176,178,181,181,182,183,178,177,177,179,179,178,180,179,180,180,177,,,,,,,,,,,,,,,,,,,,,,,,,,,,,,,,,,,,,,,,,,,,,,,,,,,,,,,,,,,,,,,,,,,,,,,,,,,,,,,,,,,,,,,,,,,,,,,,,,,,,,,,,,,,,,,,,,,,,,,,,,,,,,,,,,,,,,,,,,,,,,,,,,,,,,,,,,,,,,,,,,,,,,,,,,,,,,,,,,,,,,,,,,,,,,,,,,,,,,,,,,,,,,,,,,,,,,,,,,,,,,,,,,,,,,,,,,,,,,,,,,,,,,,,,,,,,,,,,,,,,,,,,,,,,,,,,,,,,,,,,,,,,,,,,,,,,,,,,,,,,,,,,,,,,,,,,,,,,,,,,,,,,,,,,,,,,,,,,,,,,,,,,,,,,,,,,,,,,,,,,,,,,,,,,,,,,,,,,,
CG,Congo (Brazzaville),0.319068169,0.319068169,0.319068169,0.319068169,0.319068169,0.319068169,0.319068169,0.319068169,0.319068169,0.319068169,0.28667875,0.171696312,0.168878432,0.164441082,0.158870102,0.110318362,0.094868609,0.081167885,0.08644736,0.099111623,0.092277456,0.152165492,0.145331324,0.147857699,0.141660523,0.139405073,0.139405073,178,178,178,178,178,178,178,178,178,178,178,182,185,186,185,186,190,190,190,189,190,189,189,189,189,189,189,0.287958133,0.287958133,0.25630769,0.224657248,0.253529384,0.28240152,0.272678934,0.262956348,0.269151716,0.282993213,0.254550663,0.278669976,0.284134289,0.283398231,0.298292809,0.300202835,0.299573691,0.287259852,0.292029364,0.302250513,0.290126234,0.294997436,0.276004216,0.284751787,0.257773298,0.24908125,0.274283863,170,170,177,182,179,173,175,179,175,170,179,172,172,172,166,168,166,168,169,168,169,170,174,172,177,177,172,0.267227444,0.267232932,0.256685462,0.246137949,0.255769141,0.266757984,0.263204117,0.259902736,0.262347235,0.267615851,0.248306892,0.220407887,0.223696372,0.224975642,0.231270655,0.217607524,0.214165801,0.206579558,0.209553057,0.21841426,0.213342237,0.235228622,0.226925623,0.230698668,0.219655176,0.216021129,0.224438148,177,177,182,183,181,179,181,182,181,179,184,183,183,183,182,184,183,184,185,183,184,184,186,185,186,187,185,0.19465603,0.194672494,0.194680528,0.194688429,0.19470987,0.198804263,0.197865249,0.19768369,0.19882182,0.20078617,0.203691264,0.210857372,0.218076396,0.227087612,0.236649054,0.242301375,0.248055103,0.251310937,0.250182447,0.253880644,0.257623023,0.258522938,0.259441328,0.259486517,0.259531706,0.259577064,0.259625508,109,108,110,109,114,115,118,121,123,127,127,128,128,127,123,125,123,123,127,131,129,132,131,137,140,143,143,,,,,,,,,,,,,,,,,,,,,,,,,,,,,,,,,,,,,,,,,,,,,,,,,,,,,,,,,,,,,,,,,,,,,,,,,,,,,,,,,,,,,,,,,,,,,,,,,,,,,,,,,,,,,,,,,,,,,,,,,,,,,,,,,,,,,,,,,,,,,,,,,,,,,,,,,,,,,,,,,,,,,,,,,,,,,,,,,,,,,,,,,,,,,,,,,,,,,,,,,,,,,,,,,,,,,,,,,,,,,,,,,,,,,,,,,,,,,,,,,,,,,,,,,,,,,,,,,,,,,,,,,,,,,,,,,,,,,,,,,,,,,,,,,,,,,,,,,,,,,,,,,,,,,,,,,,,,,,,,,,,,,,,,,,,,,,,,,,,,,,,,,,,,,,,,,,,,,,,,,,,,,,,,,,,,,,,,,,
CD,Congo (Kinshasa),0.314154232,0.314154232,0.314154232,0.314154232,0.314154232,0.314154232,0.314154232,0.314154232,0.314154232,0.314154232,0.273436105,0.147987257,0.144174559,0.140472911,0.138992252,0.085910621,0.12366743,0.124185661,0.1296641,0.12566632,0.151022608,0.241787015,0.230978203,0.243156625,0.236591983,0.233977502,0.233977502,182,182,182,182,182,182,182,182,182,182,183,186,189,188,189,190,184,186,187,188,187,178,183,179,181,181,181,NA,NA,NA,NA,NA,NA,NA,NA,NA,NA,NA,NA,NA,NA,NA,NA,NA,NA,NA,NA,NA,NA,NA,NA,NA,NA,NA,NA,NA,NA,NA,NA,NA,NA,NA,NA,NA,NA,NA,NA,NA,NA,NA,NA,NA,NA,NA,NA,NA,NA,NA,NA,NA,NA,0.234030032,0.233810244,0.2335816,0.233362853,0.233144431,0.233506701,0.233906294,0.234402383,0.234953031,0.235514383,0.215701175,0.153736772,0.152350087,0.152209194,0.152205368,0.126729738,0.147044919,0.148336383,0.151551475,0.151174701,0.16389866,0.208174579,0.204522928,0.211646117,0.209839229,0.211174602,0.211885139,190,190,190,190,190,189,189,188,188,186,189,192,192,192,192,192,191,191,191,191,191,190,190,189,189,189,189,0.153905832,0.153466257,0.153008968,0.152571474,0.15213463,0.152859171,0.153658356,0.154650533,0.155751831,0.156874533,0.157966245,0.159486286,0.160525614,0.163945476,0.165418483,0.167548854,0.170422408,0.172487105,0.173438851,0.176683083,0.176774712,0.174562143,0.178067653,0.18013561,0.183086475,0.188371702,0.189792776,146,145,147,149,150,151,153,158,163,165,167,167,169,169,172,173,172,172,176,176,177,181,178,181,181,177,180,,,,,,,,,,,,,,,,,,,,,,,,,,,,,,,,,,,,,,,,,,,,,,,,,,,,,,,,,,,,,,,,,,,,,,,,,,,,,,,,,,,,,,,,,,,,,,,,,,,,,,,,,,,,,,,,,,,,,,,,,,,,,,,,,,,,,,,,,,,,,,,,,,,,,,,,,,,,,,,,,,,,,,,,,,,,,,,,,,,,,,,,,,,,,,,,,,,,,,,,,,,,,,,,,,,,,,,,,,,,,,,,,,,,,,,,,,,,,,,,,,,,,,,,,,,,,,,,,,,,,,,,,,,,,,,,,,,,,,,,,,,,,,,,,,,,,,,,,,,,,,,,,,,,,,,,,,,,,,,,,,,,,,,,,,,,,,,,,,,,,,,,,,,,,,,,,,,,,,,,,,,,,,,,,,,,,,,,,,
CR,Costa Rica,0.370470178,0.370470178,0.370470178,0.370470178,0.370470178,0.370470178,0.370470178,0.370470178,0.370470178,0.370470178,0.374616023,0.310906036,0.306403906,0.328072428,0.33072836,0.34245333,0.338177927,0.357741136,0.391911973,0.452221072,0.463751705,0.450860716,0.448820183,0.454229216,0.437446773,0.427619452,0.427619452,142,142,142,142,142,142,142,142,142,142,123,135,139,129,129,119,121,111,99,86,77,80,78,78,87,89,89,0.632268529,0.632268529,0.646780263,0.661291996,0.650956608,0.640621221,0.631716367,0.622811513,0.61422853,0.597487328,0.607474255,0.593661623,0.593212892,0.596322129,0.622641717,0.625444647,0.609433199,0.625245741,0.629231999,0.629886499,0.631668061,0.620193904,0.599140223,0.600990873,0.614217859,0.62489711,0.613000382,50,50,46,41,43,47,50,55,57,63,60,63,60,60,54,53,57,54,53,48,49,53,57,57,55,52,58,0.393782997,0.392528174,0.400647306,0.406185462,0.401558071,0.398540199,0.392236172,0.392791132,0.391843709,0.388980996,0.397040611,0.373945401,0.375928863,0.387639617,0.396746543,0.409304578,0.403823977,0.417700117,0.431454792,0.454729345,0.461364166,0.454641856,0.451105693,0.452828577,0.455300445,0.455485596,0.452252376,68,69,64,61,68,70,72,72,76,76,80,94,93,92,88,86,89,85,80,67,67,69,72,74,74,75,76,0.178610284,0.174845815,0.184691479,0.186794212,0.183247426,0.184529197,0.174521971,0.185091705,0.190832419,0.198985482,0.209031555,0.217268543,0.22816979,0.238524293,0.236869551,0.260015757,0.263860807,0.270113476,0.273220402,0.282080465,0.288672731,0.292870948,0.305356672,0.303265642,0.314236703,0.313940225,0.316137294,127,131,122,121,128,126,136,134,133,129,125,124,118,115,122,105,109,110,109,105,106,106,99,105,101,106,110,,,,,,,,,,,,,,,,,,,,,,,,,,,,,,,,,,,,,,,,,,,,,,,,,,,,,,,,,,,,,,,,,,,,,,,,,,,,,,,,,,,,,,,,,,,,,,,,,,,,,,,,,,,,,,,,,,,,,,,,,,,,,,,,,,,,,,,,,,,,,,,,,,,,,,,,,,,,,,,,,,,,,,,,,,,,,,,,,,,,,,,,,,,,,,,,,,,,,,,,,,,,,,,,,,,,,,,,,,,,,,,,,,,,,,,,,,,,,,,,,,,,,,,,,,,,,,,,,,,,,,,,,,,,,,,,,,,,,,,,,,,,,,,,,,,,,,,,,,,,,,,,,,,,,,,,,,,,,,,,,,,,,,,,,,,,,,,,,,,,,,,,,,,,,,,,,,,,,,,,,,,,,,,,,,,,,,,,,,
CI,Ivory Coast,0.314695598,0.314695598,0.314695598,0.314695598,0.314695598,0.314695598,0.314695598,0.314695598,0.314695598,0.314695598,0.269577137,0.131177148,0.17124286,0.16567188,0.153558237,0.113848809,0.107532872,0.111354823,0.117087751,0.186692613,0.224393897,0.275990242,0.268994127,0.279941751,0.310271574,0.323127643,0.323127643,181,181,181,181,181,181,181,181,181,181,185,190,184,185,186,185,187,188,188,179,171,168,173,166,147,143,143,0.430321286,0.430321286,0.417836061,0.405350837,0.360385365,0.315419893,0.301427936,0.28743598,0.262389407,0.218788169,0.210237995,0.2348584,0.244164004,0.243581194,0.2714201,0.260060272,0.275405993,0.307458281,0.332310703,0.373716567,0.383323894,0.380202855,0.374514201,0.393636832,0.383859321,0.378680026,0.395993959,118,118,125,131,146,160,164,172,177,183,184,181,182,182,175,173,170,164,158,138,136,138,139,131,136,136,133,0.310913712,0.310114069,0.305156368,0.299621866,0.284479668,0.269508425,0.264877721,0.260250656,0.251143777,0.235948831,0.217538726,0.179665971,0.196864255,0.194888194,0.200813104,0.18357245,0.184284538,0.197900471,0.209893116,0.247737052,0.265151052,0.286536458,0.283081267,0.291997,0.29878589,0.302425792,0.309122417,140,140,145,152,170,178,180,181,183,185,188,189,187,188,188,188,188,188,184,177,169,163,166,159,152,152,148,0.187724252,0.185325323,0.182937444,0.178819162,0.178358042,0.178409785,0.178509628,0.178620391,0.176346328,0.174362727,0.172801046,0.172962366,0.1751859,0.175411509,0.177460975,0.176808271,0.169914749,0.174888309,0.180280895,0.182801976,0.187735366,0.203416276,0.205735474,0.202412418,0.202226775,0.205469705,0.208245648,116,120,127,129,132,132,135,139,143,146,156,157,157,160,162,165,173,170,170,170,171,158,162,168,170,170,170,,,,,,,,,,,,,,,,,,,,,,,,,,,,,,,,,,,,,,,,,,,,,,,,,,,,,,,,,,,,,,,,,,,,,,,,,,,,,,,,,,,,,,,,,,,,,,,,,,,,,,,,,,,,,,,,,,,,,,,,,,,,,,,,,,,,,,,,,,,,,,,,,,,,,,,,,,,,,,,,,,,,,,,,,,,,,,,,,,,,,,,,,,,,,,,,,,,,,,,,,,,,,,,,,,,,,,,,,,,,,,,,,,,,,,,,,,,,,,,,,,,,,,,,,,,,,,,,,,,,,,,,,,,,,,,,,,,,,,,,,,,,,,,,,,,,,,,,,,,,,,,,,,,,,,,,,,,,,,,,,,,,,,,,,,,,,,,,,,,,,,,,,,,,,,,,,,,,,,,,,,,,,,,,,,,,,,,,,,
HR,Croatia,0.424204224,0.424204224,0.424204224,0.424204224,0.424204224,0.424204224,0.424204224,0.424204224,0.424204224,0.424204224,0.407426505,0.371830533,0.382842936,0.391264185,0.386470551,0.401725967,0.395733925,0.39485941,0.39709428,0.428285291,0.449694697,0.443119645,0.441888847,0.436803708,0.427619452,0.441023274,0.441023274,85,85,85,85,85,85,85,85,85,85,95,97,94,94,100,90,90,94,95,93,87,86,83,91,96,84,84,0.427622239,0.427622239,0.435922702,0.444223165,0.47453493,0.504846694,0.527232398,0.549618102,0.56188776,0.573839532,0.556513868,0.544598799,0.553870179,0.545673087,0.549130845,0.557865617,0.557901485,0.551460043,0.563053687,0.564781235,0.560562365,0.571332168,0.568621996,0.581504435,0.582664494,0.571252543,0.575861867,119,119,116,113,100,90,84,78,73,68,73,74,72,70,69,66,64,66,65,63,67,66,66,64,66,69,67,0.394257128,0.395313439,0.399891622,0.403736831,0.416593672,0.431918263,0.447070508,0.456818874,0.470759856,0.478735388,0.466578868,0.447553644,0.458080937,0.458355174,0.453227183,0.467042413,0.465125938,0.464312342,0.474027429,0.481069934,0.486395454,0.489527871,0.485843747,0.487810765,0.493409833,0.485649056,0.487970103,67,67,65,64,58,54,49,48,42,39,52,62,56,57,59,58,59,60,59,56,55,56,58,58,59,60,61,0.330944922,0.334113854,0.33954794,0.342783102,0.351041863,0.36670387,0.389774902,0.396634295,0.426187585,0.438162409,0.43579623,0.4262316,0.437529696,0.43812825,0.424080154,0.441535654,0.441742405,0.446617572,0.46193432,0.450143275,0.448929299,0.454131802,0.447020398,0.445124152,0.469945554,0.444671351,0.447025168,41,43,41,42,41,41,38,37,34,36,39,41,44,45,49,48,49,47,47,47,49,47,50,51,47,54,55,,,,,,,,,,,,,,,,,,,,,,,,,,,,,,,,,,,,,,,,,,,,,,,,,,,,,,,,,,,,,,,,,,,,,,,,,,,,,,,,,,,,,,,,,,,,,,,,,,,,,,,,,,,,,,,,,,,,,,,,,,,,,,,,,,,,,,,,,,,,,,,,,,,,,,,,,,,,,,,,,,,,,,,,,,,,,,,,,,,,,,,,,,,,,,,,,,,,,,,,,,,,,,,,,,,,,,,,,,,,,,,,,,,,,,,,,,,,,,,,,,,,,,,,,,,,,,,,,,,,,,,,,,,,,,,,,,,,,,,,,,,,,,,,,,,,,,,,,,,,,,,,,,,,,,,,,,,,,,,,,,,,,,,,,,,,,,,,,,,,,,,,,,,,,,,,,,,,,,,,,,,,,,,,,,,,,,,,,,
CU,Cuba,NA,NA,NA,NA,NA,NA,NA,NA,NA,NA,NA,NA,NA,NA,NA,NA,NA,NA,NA,NA,NA,NA,NA,NA,NA,NA,NA,NA,NA,NA,NA,NA,NA,NA,NA,NA,NA,NA,NA,NA,NA,NA,NA,NA,NA,NA,NA,NA,NA,NA,NA,NA,NA,NA,0.418432352,0.418432352,0.412119224,0.405806096,0.413503305,0.421200514,0.41791217,0.414623827,0.396199965,0.396240687,0.417155142,0.428637109,0.427666281,0.425054033,0.418961872,0.416654301,0.41481694,0.416379315,0.412002356,0.431433247,0.438429612,0.452645476,0.457775296,0.444959251,0.440625983,0.431331583,0.428663268,125,125,126,130,126,122,123,118,126,129,115,112,113,116,121,121,125,123,120,115,110,100,101,107,113,119,117,0.263406868,0.260938521,0.25958798,0.256858758,0.269032017,0.274886909,0.277081023,0.278677328,0.276515174,0.301192135,0.321641023,0.354477739,0.373910387,0.385915486,0.379977265,0.359016224,0.343414306,0.326442677,0.310747753,0.312492388,0.315729465,0.324352049,0.34032276,0.339571682,0.344406102,0.345666731,0.352805711,181,182,181,181,178,175,174,171,174,151,134,106,95,93,95,107,123,130,136,135,133,135,124,129,126,128,123,0.108381384,0.103444689,0.107056736,0.10791142,0.124560729,0.128573305,0.136249876,0.14273083,0.156830383,0.206143582,0.226126904,0.280318369,0.320154494,0.346776939,0.340992657,0.301378147,0.272011673,0.236506039,0.20949315,0.193551529,0.193029319,0.196058623,0.222870225,0.234184114,0.24818622,0.260001878,0.276948155,182,183,183,182,175,175,167,167,162,122,109,74,64,57,62,81,99,137,152,162,167,168,152,149,145,141,137,,,,,,,,,,,,,,,,,,,,,,,,,,,,,,,,,,,,,,,,,,,,,,,,,,,,,,,,,,,,,,,,,,,,,,,,,,,,,,,,,,,,,,,,,,,,,,,,,,,,,,,,,,,,,,,,,,,,,,,,,,,,,,,,,,,,,,,,,,,,,,,,,,,,,,,,,,,,,,,,,,,,,,,,,,,,,,,,,,,,,,,,,,,,,,,,,,,,,,,,,,,,,,,,,,,,,,,,,,,,,,,,,,,,,,,,,,,,,,,,,,,,,,,,,,,,,,,,,,,,,,,,,,,,,,,,,,,,,,,,,,,,,,,,,,,,,,,,,,,,,,,,,,,,,,,,,,,,,,,,,,,,,,,,,,,,,,,,,,,,,,,,,,,,,,,,,,,,,,,,,,,,,,,,,,,,,,,,,,
CY,Cyprus,0.504076532,0.504076532,0.504076532,0.504076532,0.504076532,0.504076532,0.504076532,0.504076532,0.504076532,0.504076532,0.565227756,0.772390482,0.780034385,0.785540586,0.515024156,0.497598648,0.490699702,0.489015452,0.51256256,0.539542946,0.529048775,0.498829446,0.505436888,0.502619008,0.497280659,0.506656889,0.506656889,15,15,15,15,15,15,15,15,15,15,11,9,9,9,56,60,63,62,57,50,54,58,58,60,61,60,60,0.699986597,0.699986597,0.688203398,0.676420199,0.683389705,0.690359211,0.68678002,0.68320083,0.698238934,0.673729557,0.679625372,0.704742322,0.70723113,0.725255278,0.697605539,0.707135607,0.691002016,0.710362348,0.693296484,0.694461567,0.686819404,0.662438574,0.664177959,0.639701223,0.649262974,0.614944167,0.617741484,34,34,35,36,35,34,34,38,34,37,39,34,32,29,37,33,35,33,34,32,34,39,38,44,44,56,54,0.449689763,0.452142277,0.451234239,0.449332029,0.453303033,0.457047164,0.459809126,0.465540584,0.476362583,0.47065247,0.497016556,0.572582214,0.57681776,0.596192392,0.504552263,0.499660396,0.492066448,0.498325249,0.502333529,0.518424624,0.519874718,0.507464948,0.520832314,0.515554086,0.523241771,0.518748112,0.519999824,42,41,44,45,41,41,44,45,40,43,40,27,26,27,44,48,49,48,47,43,44,44,43,45,43,49,49,0.14500616,0.152363701,0.161422786,0.167499357,0.172442862,0.17670575,0.188570826,0.209344388,0.226772283,0.234151321,0.24619654,0.24061384,0.243187765,0.27778131,0.301027094,0.294246933,0.294497625,0.295597947,0.301141542,0.321269358,0.343755977,0.361126823,0.392882094,0.404342026,0.42318168,0.434643279,0.435601099,153,147,141,135,134,133,125,114,101,99,92,101,107,87,83,87,90,93,90,82,75,73,65,62,60,59,61,,,,,,,,,,,,,,,,,,,,,,,,,,,,,,,,,,,,,,,,,,,,,,,,,,,,,,,,,,,,,,,,,,,,,,,,,,,,,,,,,,,,,,,,,,,,,,,,,,,,,,,,,,,,,,,,,,,,,,,,,,,,,,,,,,,,,,,,,,,,,,,,,,,,,,,,,,,,,,,,,,,,,,,,,,,,,,,,,,,,,,,,,,,,,,,,,,,,,,,,,,,,,,,,,,,,,,,,,,,,,,,,,,,,,,,,,,,,,,,,,,,,,,,,,,,,,,,,,,,,,,,,,,,,,,,,,,,,,,,,,,,,,,,,,,,,,,,,,,,,,,,,,,,,,,,,,,,,,,,,,,,,,,,,,,,,,,,,,,,,,,,,,,,,,,,,,,,,,,,,,,,,,,,,,,,,,,,,,,
CZ,Czech Republic,0.349093161,0.349093161,0.349093161,0.349093161,0.349093161,0.349093161,0.349093161,0.349093161,0.349093161,0.349093161,0.34076908,0.351004137,0.360947688,0.35641317,0.335521994,0.36088291,0.394146843,0.407264558,0.43395344,0.481630665,0.48969563,0.478197386,0.48020553,0.48299102,0.472051831,0.461998965,0.461998965,157,157,157,157,157,157,157,157,157,157,148,112,108,112,124,109,92,89,85,69,65,68,65,65,71,75,75,0.688848159,0.688848159,0.673845476,0.658842793,0.625184427,0.591526061,0.628258807,0.664991553,0.667701839,0.639146503,0.667102019,0.664862686,0.659633471,0.671841643,0.674831323,0.676794803,0.681118878,0.667711936,0.669733579,0.675000929,0.682766153,0.676329312,0.695366985,0.692028152,0.687999116,0.68854031,0.70229808,36,36,39,42,51,66,51,40,40,44,42,42,44,39,41,41,39,41,40,36,35,36,31,31,31,33,32,0.462968773,0.463696815,0.458728195,0.456219588,0.445882774,0.437031444,0.452808823,0.467081006,0.474758618,0.468953947,0.477261916,0.486561131,0.496193447,0.505291869,0.503699404,0.51745707,0.527977703,0.532009812,0.5462609,0.561888912,0.565391189,0.556095034,0.563873733,0.559670729,0.560462981,0.555510042,0.56070042,35,35,38,41,46,50,47,43,41,45,47,50,46,43,45,42,40,36,35,33,32,33,32,33,33,35,34,0.350965,0.353149124,0.353245948,0.36072281,0.363370733,0.37047511,0.381074501,0.387158305,0.407480854,0.418622177,0.42391465,0.443816571,0.467999182,0.487620793,0.500744895,0.514693498,0.508667388,0.521052942,0.535095681,0.529035142,0.523711782,0.513758404,0.516048684,0.503993014,0.521337995,0.515990852,0.517804214,34,36,38,38,38,39,39,40,39,39,40,37,34,34,33,32,35,33,32,34,38,39,40,40,38,39,39,,,,,,,,,,,,,,,,,,,,,,,,,,,,,,,,,,,,,,,,,,,,,,,,,,,,,,,,,,,,,,,,,,,,,,,,,,,,,,,,,,,,,,,,,,,,,,,,,,,,,,,,,,,,,,,,,,,,,,,,,,,,,,,,,,,,,,,,,,,,,,,,,,,,,,,,,,,,,,,,,,,,,,,,,,,,,,,,,,,,,,,,,,,,,,,,,,,,,,,,,,,,,,,,,,,,,,,,,,,,,,,,,,,,,,,,,,,,,,,,,,,,,,,,,,,,,,,,,,,,,,,,,,,,,,,,,,,,,,,,,,,,,,,,,,,,,,,,,,,,,,,,,,,,,,,,,,,,,,,,,,,,,,,,,,,,,,,,,,,,,,,,,,,,,,,,,,,,,,,,,,,,,,,,,,,,,,,,,,
DK,Denmark,0.489889967,0.489889967,0.489889967,0.489889967,0.489889967,0.489889967,0.489889967,0.489889967,0.489889967,0.489889967,0.504659542,0.664080264,0.678590723,0.686526131,0.681538161,0.712599614,0.729960342,0.750041782,0.772001809,0.799306089,0.80316043,0.750560013,0.751499306,0.745021422,0.737679483,0.741320425,0.741320425,28,28,28,28,28,28,28,28,28,28,49,35,31,27,27,27,26,23,20,11,11,10,10,11,12,10,10,0.870198818,0.870198818,0.867620016,0.865041213,0.869379316,0.873717419,0.875738478,0.877759537,0.869676624,0.868581726,0.856091535,0.875287755,0.88364118,0.87336455,0.872434346,0.86821066,0.875367619,0.859672907,0.863937835,0.859020005,0.854886227,0.840451633,0.838207845,0.838587833,0.838228567,0.853153644,0.863733849,5,5,7,8,7,7,6,6,7,7,7,6,5,5,6,7,6,10,9,9,12,14,14,12,13,10,8,0.652023702,0.654318543,0.655929862,0.659483953,0.665553741,0.670559846,0.674207705,0.681775384,0.684799415,0.690340359,0.695448831,0.755894635,0.762312309,0.760177603,0.756816737,0.765305963,0.775300419,0.778356575,0.788685242,0.796391699,0.79659079,0.773794172,0.772784001,0.771209599,0.768850575,0.775001818,0.779030738,3,4,4,4,5,4,4,4,4,4,4,2,3,3,2,2,2,2,2,4,4,5,5,4,4,2,2,0.595982322,0.602866843,0.610279604,0.623520679,0.637391942,0.648072153,0.656994671,0.677676649,0.694831654,0.712549385,0.725595417,0.728315887,0.724705023,0.720642127,0.716477704,0.715107616,0.720573297,0.725355034,0.730116084,0.730849002,0.731725714,0.730370871,0.728644851,0.730019543,0.730643676,0.730531385,0.732037939,9,9,10,8,11,13,13,12,11,11,10,11,11,11,10,13,11,10,9,9,9,10,10,9,10,11,11,,,,,,,,,,,,,,,,,,,,,,,,,,,,,,,,,,,,,,,,,,,,,,,,,,,,,,,,,,,,,,,,,,,,,,,,,,,,,,,,,,,,,,,,,,,,,,,,,,,,,,,,,,,,,,,,,,,,,,,,,,,,,,,,,,,,,,,,,,,,,,,,,,,,,,,,,,,,,,,,,,,,,,,,,,,,,,,,,,,,,,,,,,,,,,,,,,,,,,,,,,,,,,,,,,,,,,,,,,,,,,,,,,,,,,,,,,,,,,,,,,,,,,,,,,,,,,,,,,,,,,,,,,,,,,,,,,,,,,,,,,,,,,,,,,,,,,,,,,,,,,,,,,,,,,,,,,,,,,,,,,,,,,,,,,,,,,,,,,,,,,,,,,,,,,,,,,,,,,,,,,,,,,,,,,,,,,,,,,
DJ,Djibouti,0.429645647,0.429645647,0.429645647,0.429645647,0.429645647,0.429645647,0.429645647,0.429645647,0.429645647,0.429645647,0.49079687,0.331246591,0.330598803,0.339765008,0.346761123,0.30565895,0.286613971,0.288168663,0.291051322,0.35194343,0.367263625,0.3480567,0.380284172,0.381385412,0.40706263,0.407094851,0.407094851,80,80,80,80,80,80,80,80,80,80,57,121,128,120,119,141,146,147,147,124,117,131,119,122,105,105,105,0.348817045,0.348817045,0.340680822,0.332544598,0.354533158,0.376521718,0.374913187,0.373304656,0.346281783,0.387877291,0.337561898,0.367398733,0.389174498,0.42819937,0.435324092,0.419532035,0.416023368,0.419988693,0.401221445,0.363250183,0.362394362,0.351608984,0.354710321,0.372915513,0.352209068,0.348489319,0.334144159,153,153,156,157,149,138,137,137,147,132,150,139,137,113,107,115,124,120,129,146,145,151,150,140,150,151,157,0.31296026,0.312972071,0.310291458,0.307570231,0.314911318,0.322274448,0.32203366,0.321845559,0.313093402,0.32730111,0.33144617,0.288408301,0.295954929,0.312697,0.318450426,0.300515039,0.294409024,0.297039436,0.292793585,0.301777872,0.308169446,0.300060829,0.317329622,0.324409573,0.326405283,0.325716883,0.322484542,138,138,141,143,135,130,132,134,143,130,125,147,146,133,133,141,144,143,148,142,139,154,140,141,137,141,142,0.160418087,0.160453522,0.160547906,0.160520449,0.16055515,0.160655979,0.161542145,0.162586373,0.163352778,0.164380393,0.165979741,0.166579579,0.168091487,0.170126623,0.173266062,0.176354131,0.180589734,0.182960952,0.186107989,0.190140004,0.19485035,0.200516802,0.216994372,0.218927794,0.219944152,0.22156648,0.226214616,142,141,142,141,143,142,143,148,151,159,163,164,163,165,165,166,166,166,167,165,165,165,156,157,156,158,160,,,,,,,,,,,,,,,,,,,,,,,,,,,,,,,,,,,,,,,,,,,,,,,,,,,,,,,,,,,,,,,,,,,,,,,,,,,,,,,,,,,,,,,,,,,,,,,,,,,,,,,,,,,,,,,,,,,,,,,,,,,,,,,,,,,,,,,,,,,,,,,,,,,,,,,,,,,,,,,,,,,,,,,,,,,,,,,,,,,,,,,,,,,,,,,,,,,,,,,,,,,,,,,,,,,,,,,,,,,,,,,,,,,,,,,,,,,,,,,,,,,,,,,,,,,,,,,,,,,,,,,,,,,,,,,,,,,,,,,,,,,,,,,,,,,,,,,,,,,,,,,,,,,,,,,,,,,,,,,,,,,,,,,,,,,,,,,,,,,,,,,,,,,,,,,,,,,,,,,,,,,,,,,,,,,,,,,,,,
DM,Dominica,0.503396355,0.503396355,0.503396355,0.503396355,0.503396355,0.503396355,0.503396355,0.503396355,0.503396355,0.503396355,0.564547578,0.440236987,0.438455569,0.446099472,0.445192568,0.438228843,0.431038392,0.426018032,0.435896805,0.458796124,0.453484259,0.444447611,0.439556809,0.437775391,0.407900369,0.396913102,0.396913102,16,16,16,16,16,16,16,16,16,16,12,74,77,79,80,79,82,85,83,83,83,84,85,89,104,110,110,0.675240041,0.675240041,0.675463025,0.675686009,0.668331815,0.66097762,0.660931007,0.660884393,0.665607875,0.659011809,0.653524225,0.662191408,0.646670704,0.644897712,0.638329619,0.63780477,0.640622854,0.633466551,0.639819011,0.628360273,0.633368252,0.62494409,0.633874318,0.624149892,0.623342797,0.647705469,0.644427666,38,38,37,37,39,42,39,41,41,40,43,43,46,48,50,50,51,50,51,49,47,50,47,50,51,44,46,0.589318198,0.589318198,0.58942969,0.589541182,0.585864085,0.582186987,0.582163681,0.582140374,0.584502115,0.581204082,0.609035901,0.551214197,0.542563136,0.545498592,0.541761094,0.538016807,0.535830623,0.529742292,0.537857908,0.543578198,0.543426256,0.534695851,0.536715563,0.530962641,0.515621583,0.522309286,0.520670384,15,15,16,18,19,23,22,22,22,22,18,32,34,32,33,34,35,39,37,35,38,39,38,40,47,48,48,NA,NA,NA,NA,NA,NA,NA,NA,NA,NA,NA,NA,NA,NA,NA,NA,NA,NA,NA,NA,NA,NA,NA,NA,NA,NA,NA,NA,NA,NA,NA,NA,NA,NA,NA,NA,NA,NA,NA,NA,NA,NA,NA,NA,NA,NA,NA,NA,NA,NA,NA,NA,NA,NA,,,,,,,,,,,,,,,,,,,,,,,,,,,,,,,,,,,,,,,,,,,,,,,,,,,,,,,,,,,,,,,,,,,,,,,,,,,,,,,,,,,,,,,,,,,,,,,,,,,,,,,,,,,,,,,,,,,,,,,,,,,,,,,,,,,,,,,,,,,,,,,,,,,,,,,,,,,,,,,,,,,,,,,,,,,,,,,,,,,,,,,,,,,,,,,,,,,,,,,,,,,,,,,,,,,,,,,,,,,,,,,,,,,,,,,,,,,,,,,,,,,,,,,,,,,,,,,,,,,,,,,,,,,,,,,,,,,,,,,,,,,,,,,,,,,,,,,,,,,,,,,,,,,,,,,,,,,,,,,,,,,,,,,,,,,,,,,,,,,,,,,,,,,,,,,,,,,,,,,,,,,,,,,,,,,,,,,,,,
DO,Dominican Republic,0.341805542,0.341805542,0.341805542,0.341805542,0.341805542,0.341805542,0.341805542,0.341805542,0.341805542,0.341805542,0.317610645,0.307375589,0.317221972,0.351813872,0.400203665,0.371765755,0.347117406,0.346890681,0.33798359,0.35751441,0.358745208,0.317578256,0.299440181,0.287002644,0.287878171,0.288490365,0.288490365,163,163,163,163,163,163,163,163,163,163,161,139,135,115,94,107,116,119,128,121,121,144,155,162,160,160,160,0.437485674,0.437485674,0.423158477,0.408831279,0.416289149,0.42374702,0.428236955,0.432726891,0.391452762,0.397768377,0.397083873,0.415590359,0.412403108,0.415769846,0.407850917,0.401717118,0.40531463,0.423178907,0.431364166,0.442852186,0.439742655,0.449012712,0.443549681,0.438683139,0.439962203,0.460848268,0.475055448,112,112,122,129,125,121,115,112,127,127,129,122,125,126,125,131,128,115,110,106,108,102,108,112,114,102,92,0.31568068,0.315757476,0.309297912,0.305126853,0.308523255,0.312360189,0.318483085,0.320030374,0.308226409,0.312935157,0.307922729,0.313177405,0.321394376,0.335714478,0.352265127,0.343989007,0.338295261,0.348258363,0.34557307,0.360537653,0.362876502,0.356120969,0.351845194,0.347358634,0.350242233,0.357669961,0.363155331,134,134,142,145,145,140,136,137,147,143,146,128,125,120,113,119,125,122,121,112,111,115,120,121,123,118,115,0.167750823,0.167981212,0.162929718,0.164743739,0.167475075,0.171528006,0.185406757,0.185558689,0.191420924,0.199231551,0.209073667,0.216566267,0.234558047,0.239559717,0.248740799,0.258484148,0.262453748,0.274705502,0.267371454,0.281246364,0.290141643,0.301771938,0.312545721,0.31639012,0.322886324,0.323671249,0.32592018,134,133,139,137,136,137,129,133,131,128,124,125,113,114,112,108,113,102,116,106,103,100,94,94,92,94,97,,,,,,,,,,,,,,,,,,,,,,,,,,,,,,,,,,,,,,,,,,,,,,,,,,,,,,,,,,,,,,,,,,,,,,,,,,,,,,,,,,,,,,,,,,,,,,,,,,,,,,,,,,,,,,,,,,,,,,,,,,,,,,,,,,,,,,,,,,,,,,,,,,,,,,,,,,,,,,,,,,,,,,,,,,,,,,,,,,,,,,,,,,,,,,,,,,,,,,,,,,,,,,,,,,,,,,,,,,,,,,,,,,,,,,,,,,,,,,,,,,,,,,,,,,,,,,,,,,,,,,,,,,,,,,,,,,,,,,,,,,,,,,,,,,,,,,,,,,,,,,,,,,,,,,,,,,,,,,,,,,,,,,,,,,,,,,,,,,,,,,,,,,,,,,,,,,,,,,,,,,,,,,,,,,,,,,,,,,
EC,Ecuador,0.345206431,0.345206431,0.345206431,0.345206431,0.345206431,0.345206431,0.345206431,0.345206431,0.345206431,0.345206431,0.330469245,0.337335802,0.347700416,0.342971561,0.349805728,0.314987103,0.315246218,0.315343386,0.302776291,0.323829414,0.319813126,0.346696344,0.341643595,0.338501821,0.334598221,0.332600536,0.332600536,161,161,161,161,161,161,161,161,161,161,158,117,115,119,116,136,134,132,143,138,138,132,134,134,135,137,137,0.392333786,0.392333786,0.406150269,0.419966753,0.398224576,0.376482399,0.361406131,0.346329863,0.344794296,0.35195007,0.346874284,0.315325871,0.317185698,0.323075083,0.308857419,0.3244443,0.332199135,0.349428846,0.381386475,0.36556214,0.357039438,0.382447788,0.379915908,0.388453217,0.399666688,0.394848824,0.406290302,136,136,131,125,132,139,146,153,150,146,145,161,161,160,164,157,156,149,134,144,148,137,138,133,130,130,127,0.295354774,0.295950457,0.301256663,0.307558334,0.293705764,0.290067942,0.286562131,0.283609557,0.284625518,0.290355114,0.2861867,0.283724042,0.287727234,0.2933967,0.294504681,0.289702083,0.295926792,0.302459524,0.3107692,0.315827136,0.313838569,0.333563093,0.331443232,0.334718601,0.337639448,0.340790829,0.345680348,156,154,151,144,157,164,167,169,167,163,157,152,151,148,149,147,142,141,135,132,136,127,134,131,132,130,128,0.148524107,0.150311155,0.15241329,0.157501819,0.137686287,0.148514996,0.153073832,0.159292378,0.163875828,0.173908842,0.181216572,0.198510454,0.198295587,0.214143455,0.224850897,0.229674845,0.240335024,0.242606342,0.248144833,0.258089854,0.264663143,0.271545148,0.272770192,0.277200766,0.278653434,0.294923128,0.298150205,151,151,150,145,162,155,154,151,150,147,145,138,138,136,133,135,133,131,130,126,125,126,123,126,127,119,118,,,,,,,,,,,,,,,,,,,,,,,,,,,,,,,,,,,,,,,,,,,,,,,,,,,,,,,,,,,,,,,,,,,,,,,,,,,,,,,,,,,,,,,,,,,,,,,,,,,,,,,,,,,,,,,,,,,,,,,,,,,,,,,,,,,,,,,,,,,,,,,,,,,,,,,,,,,,,,,,,,,,,,,,,,,,,,,,,,,,,,,,,,,,,,,,,,,,,,,,,,,,,,,,,,,,,,,,,,,,,,,,,,,,,,,,,,,,,,,,,,,,,,,,,,,,,,,,,,,,,,,,,,,,,,,,,,,,,,,,,,,,,,,,,,,,,,,,,,,,,,,,,,,,,,,,,,,,,,,,,,,,,,,,,,,,,,,,,,,,,,,,,,,,,,,,,,,,,,,,,,,,,,,,,,,,,,,,,,
EG,Egypt,0.314112588,0.314112588,0.314112588,0.314112588,0.314112588,0.314112588,0.314112588,0.314112588,0.314112588,0.314112588,0.265981911,0.164700197,0.178174195,0.241787015,0.257074821,0.284379101,0.298565667,0.304687267,0.310484973,0.334971374,0.32460676,0.309740017,0.30844444,0.295488672,0.301281992,0.305502907,0.305502907,183,183,183,183,183,183,183,183,183,183,188,184,182,168,164,146,140,137,139,134,135,149,149,156,154,149,149,0.450078755,0.450078755,0.454592354,0.459105953,0.458810857,0.458515761,0.447190936,0.435866111,0.415514857,0.405709908,0.421595668,0.389862478,0.40820168,0.419832016,0.436435725,0.413325861,0.367972591,0.361639619,0.332660615,0.330628669,0.337404733,0.34110266,0.35303696,0.37010041,0.365328556,0.363835331,0.381643633,105,105,104,105,105,107,110,110,119,123,110,134,127,121,106,122,142,143,156,159,155,157,152,141,144,141,137,0.349285259,0.349853129,0.350561812,0.351283498,0.35076458,0.349843182,0.345752364,0.344101542,0.335361088,0.334123398,0.325685777,0.282622752,0.296005201,0.322954797,0.335202003,0.33791528,0.325813966,0.326738564,0.320609232,0.329988386,0.331811981,0.329053788,0.33469061,0.338902841,0.341790673,0.346116413,0.352602568,113,112,113,111,111,112,113,116,124,123,131,153,145,127,121,124,129,129,131,127,126,130,130,130,127,126,124,0.283664433,0.285368044,0.282980492,0.280631954,0.279370295,0.276901196,0.275953566,0.282325928,0.276455817,0.282547698,0.289479753,0.29330558,0.301639728,0.30724536,0.312095465,0.316040877,0.310903641,0.313888805,0.318682106,0.324365113,0.333424449,0.336318687,0.34259043,0.351119442,0.35876147,0.369011002,0.370661163,51,51,57,59,58,60,61,60,62,63,66,68,72,74,72,74,78,81,80,79,78,80,80,80,78,76,76,,,,,,,,,,,,,,,,,,,,,,,,,,,,,,,,,,,,,,,,,,,,,,,,,,,,,,,,,,,,,,,,,,,,,,,,,,,,,,,,,,,,,,,,,,,,,,,,,,,,,,,,,,,,,,,,,,,,,,,,,,,,,,,,,,,,,,,,,,,,,,,,,,,,,,,,,,,,,,,,,,,,,,,,,,,,,,,,,,,,,,,,,,,,,,,,,,,,,,,,,,,,,,,,,,,,,,,,,,,,,,,,,,,,,,,,,,,,,,,,,,,,,,,,,,,,,,,,,,,,,,,,,,,,,,,,,,,,,,,,,,,,,,,,,,,,,,,,,,,,,,,,,,,,,,,,,,,,,,,,,,,,,,,,,,,,,,,,,,,,,,,,,,,,,,,,,,,,,,,,,,,,,,,,,,,,,,,,,,
SV,El Salvador,0.344817758,0.344817758,0.344817758,0.344817758,0.344817758,0.344817758,0.344817758,0.344817758,0.344817758,0.344817758,0.334777038,0.356575117,0.349870507,0.369433716,0.388899757,0.378988595,0.353854406,0.349935286,0.347052628,0.363344506,0.355214761,0.340121292,0.340574744,0.35359529,0.347744277,0.340720159,0.340720159,162,162,162,162,162,162,162,162,162,162,156,109,112,102,99,99,111,118,126,119,124,134,135,128,128,130,130,0.390875384,0.390875384,0.407854496,0.424833609,0.428996858,0.433160108,0.432501109,0.43184211,0.432863034,0.447481351,0.433931945,0.438006492,0.446354741,0.45361793,0.464222731,0.464036008,0.475792663,0.464078649,0.460638049,0.467543139,0.451914788,0.428704541,0.411806943,0.407919345,0.425183419,0.424602641,0.403806944,137,137,128,123,122,117,112,113,112,104,106,105,99,96,94,94,91,96,100,96,99,117,125,127,123,124,131,0.296745507,0.294560494,0.296219671,0.297988915,0.303457013,0.305155663,0.303528318,0.304499997,0.307758674,0.321991707,0.316263591,0.333020585,0.336409633,0.343713027,0.355861724,0.352290697,0.354870062,0.351289847,0.35000318,0.35798785,0.350719672,0.338404658,0.334568682,0.340270231,0.345773188,0.34460203,0.339460633,155,157,156,155,149,149,153,153,149,132,138,117,117,114,111,115,114,117,119,114,117,125,131,128,125,129,132,0.154543379,0.147988342,0.135986759,0.124315378,0.136556424,0.137489123,0.133266087,0.136840124,0.14559523,0.173676013,0.18008179,0.204480146,0.213003651,0.208087435,0.214462684,0.213847487,0.234963118,0.239855607,0.242318864,0.243075905,0.245029467,0.246388142,0.251324361,0.259296057,0.264391868,0.268483292,0.273854797,145,152,162,170,163,164,172,171,170,149,146,135,130,141,142,145,136,133,136,136,139,140,141,138,136,138,138,,,,,,,,,,,,,,,,,,,,,,,,,,,,,,,,,,,,,,,,,,,,,,,,,,,,,,,,,,,,,,,,,,,,,,,,,,,,,,,,,,,,,,,,,,,,,,,,,,,,,,,,,,,,,,,,,,,,,,,,,,,,,,,,,,,,,,,,,,,,,,,,,,,,,,,,,,,,,,,,,,,,,,,,,,,,,,,,,,,,,,,,,,,,,,,,,,,,,,,,,,,,,,,,,,,,,,,,,,,,,,,,,,,,,,,,,,,,,,,,,,,,,,,,,,,,,,,,,,,,,,,,,,,,,,,,,,,,,,,,,,,,,,,,,,,,,,,,,,,,,,,,,,,,,,,,,,,,,,,,,,,,,,,,,,,,,,,,,,,,,,,,,,,,,,,,,,,,,,,,,,,,,,,,,,,,,,,,,,
GQ,Equatorial Guinea,0.430422993,0.430422993,0.430422993,0.430422993,0.430422993,0.430422993,0.430422993,0.430422993,0.430422993,0.430422993,0.491574216,0.329821457,0.330890307,0.324412424,0.320396136,0.3073432,0.28949663,0.291342826,0.303262133,0.320558083,0.308379661,0.327813313,0.30173983,0.30287346,0.297948244,0.290956346,0.290956346,79,79,79,79,79,79,79,79,79,79,56,123,127,131,137,140,144,145,142,139,143,139,154,150,155,158,158,0.289622139,0.289622139,0.286438099,0.283254058,0.283531283,0.283808507,0.279415158,0.275021808,0.302505294,0.28432185,0.26998161,0.302862272,0.323143042,0.327784429,0.326695294,0.315017418,0.314824599,0.310089324,0.297880664,0.260256151,0.266783214,0.260469449,0.25757227,0.260202559,0.260977202,0.263599436,0.256101701,167,167,168,171,171,172,173,175,165,168,171,167,157,157,157,162,159,162,166,177,177,176,177,178,175,174,174,0.273184817,0.273235143,0.272189326,0.271206305,0.271308188,0.271536454,0.270355999,0.269408337,0.278853759,0.273360291,0.289765811,0.247235855,0.254937668,0.254853308,0.253471614,0.25022409,0.247524313,0.247605355,0.248456932,0.242488664,0.241492651,0.247143909,0.238033017,0.244094299,0.247517112,0.248143247,0.245496556,174,174,177,177,177,177,178,177,171,178,155,175,173,174,175,172,175,175,176,180,180,181,182,180,180,180,181,0.099509319,0.099660296,0.099706887,0.099941865,0.099970289,0.100377862,0.101229848,0.10278021,0.103632989,0.10533603,0.107741608,0.109023838,0.110779655,0.11236307,0.113323412,0.128311652,0.138251709,0.141383915,0.144227999,0.146651757,0.149315079,0.153148964,0.154786952,0.169206878,0.18362589,0.189873959,0.18943162,187,186,187,187,188,187,188,188,189,189,189,189,190,190,190,189,189,188,188,188,188,187,188,184,179,176,181,,,,,,,,,,,,,,,,,,,,,,,,,,,,,,,,,,,,,,,,,,,,,,,,,,,,,,,,,,,,,,,,,,,,,,,,,,,,,,,,,,,,,,,,,,,,,,,,,,,,,,,,,,,,,,,,,,,,,,,,,,,,,,,,,,,,,,,,,,,,,,,,,,,,,,,,,,,,,,,,,,,,,,,,,,,,,,,,,,,,,,,,,,,,,,,,,,,,,,,,,,,,,,,,,,,,,,,,,,,,,,,,,,,,,,,,,,,,,,,,,,,,,,,,,,,,,,,,,,,,,,,,,,,,,,,,,,,,,,,,,,,,,,,,,,,,,,,,,,,,,,,,,,,,,,,,,,,,,,,,,,,,,,,,,,,,,,,,,,,,,,,,,,,,,,,,,,,,,,,,,,,,,,,,,,,,,,,,,,
ER,Eritrea,0.421969354,0.421969354,0.421969354,0.421969354,0.421969354,0.421969354,0.421969354,0.421969354,0.421969354,0.421969354,0.341060585,0.272686521,0.272297848,0.26659731,0.265301733,0.251924903,0.248847908,0.243924717,0.248556404,0.262969695,0.260119426,0.313918252,0.310452584,0.306922137,0.304486183,0.301811863,0.301811863,91,91,91,91,91,91,91,91,91,91,147,158,159,161,162,154,159,158,159,157,160,145,147,149,151,151,151,0.40274893,0.40274893,0.403176389,0.403603848,0.402972884,0.40234192,0.402009762,0.401677603,0.353559769,0.341516144,0.317110255,0.285634396,0.270754733,0.283552698,0.271824639,0.259260014,0.258257928,0.248050276,0.236076807,0.236354563,0.212810165,0.212178992,0.215987072,0.214202953,0.204795469,0.205052902,0.198260585,131,131,133,132,129,127,127,127,144,153,156,171,175,171,174,175,174,178,181,181,182,182,182,182,183,183,183,0.308023914,0.307967877,0.308108891,0.308238126,0.308479583,0.308279793,0.308666759,0.308314771,0.29198345,0.287804424,0.253073135,0.220180668,0.215483824,0.218272237,0.21443714,0.206731355,0.205911637,0.201431105,0.199459321,0.204911237,0.19606896,0.213856959,0.21505159,0.216461126,0.21569437,0.219628864,0.220332066,143,143,143,142,146,145,149,149,160,166,183,184,185,186,186,185,185,185,187,187,188,188,187,187,187,186,187,0.099353458,0.099185346,0.099180931,0.099141175,0.100496512,0.100528105,0.102021161,0.101297356,0.100421226,0.099927773,0.101048565,0.102221086,0.103398891,0.104666703,0.106185048,0.109009147,0.110629075,0.112318322,0.113744752,0.115409452,0.115277289,0.115473634,0.118715115,0.128258287,0.137801458,0.152021829,0.160923751,188,187,188,188,187,186,187,190,190,190,191,191,191,191,191,191,191,192,192,192,192,192,192,192,191,190,190,,,,,,,,,,,,,,,,,,,,,,,,,,,,,,,,,,,,,,,,,,,,,,,,,,,,,,,,,,,,,,,,,,,,,,,,,,,,,,,,,,,,,,,,,,,,,,,,,,,,,,,,,,,,,,,,,,,,,,,,,,,,,,,,,,,,,,,,,,,,,,,,,,,,,,,,,,,,,,,,,,,,,,,,,,,,,,,,,,,,,,,,,,,,,,,,,,,,,,,,,,,,,,,,,,,,,,,,,,,,,,,,,,,,,,,,,,,,,,,,,,,,,,,,,,,,,,,,,,,,,,,,,,,,,,,,,,,,,,,,,,,,,,,,,,,,,,,,,,,,,,,,,,,,,,,,,,,,,,,,,,,,,,,,,,,,,,,,,,,,,,,,,,,,,,,,,,,,,,,,,,,,,,,,,,,,,,,,,,
EE,Estonia,0.450342486,0.450342486,0.450342486,0.450342486,0.450342486,0.450342486,0.450342486,0.450342486,0.450342486,0.450342486,0.475962516,0.626735263,0.638103949,0.665019557,0.660063976,0.674671604,0.669165402,0.666347523,0.677780988,0.712210941,0.722672723,0.668809119,0.668614782,0.665602566,0.660349745,0.648846946,0.648846946,61,61,61,61,61,61,61,61,61,61,67,38,35,30,29,31,31,30,29,21,19,20,20,19,21,26,26,0.650649002,0.650649002,0.653531516,0.65641403,0.668953848,0.681493667,0.683756309,0.686018952,0.689710592,0.693009402,0.691540498,0.711606701,0.705709363,0.707030077,0.70831914,0.712885967,0.714906978,0.718478826,0.732070431,0.760426323,0.75064426,0.74777683,0.745197232,0.751073874,0.760301302,0.769311078,0.770291293,45,45,44,43,38,35,36,37,37,35,37,33,33,35,33,30,32,31,27,23,25,24,25,24,24,22,21,0.455614814,0.461104214,0.464020055,0.46796683,0.472990638,0.48373521,0.489994491,0.495841663,0.500200719,0.508583961,0.52017319,0.585039941,0.593048908,0.607558301,0.610819935,0.618511369,0.613251503,0.60251041,0.613708895,0.640990195,0.637614287,0.618201372,0.618798755,0.617000541,0.622659187,0.618602505,0.620353711,40,36,35,35,35,35,35,34,34,32,32,24,23,24,24,26,26,24,24,21,21,24,23,23,23,23,23,0.265852954,0.282321154,0.288186162,0.297143976,0.299675579,0.319369478,0.335884678,0.351163553,0.360549078,0.382399996,0.393016554,0.416777858,0.435333411,0.450625269,0.464076689,0.467976536,0.455682128,0.42270488,0.431275267,0.450333322,0.439525877,0.438018167,0.442584252,0.434325182,0.447326515,0.43764949,0.441922894,57,53,52,52,52,49,48,48,47,45,44,44,45,44,40,43,48,54,51,46,51,51,53,54,53,57,56,,,,,,,,,,,,,,,,,,,,,,,,,,,,,,,,,,,,,,,,,,,,,,,,,,,,,,,,,,,,,,,,,,,,,,,,,,,,,,,,,,,,,,,,,,,,,,,,,,,,,,,,,,,,,,,,,,,,,,,,,,,,,,,,,,,,,,,,,,,,,,,,,,,,,,,,,,,,,,,,,,,,,,,,,,,,,,,,,,,,,,,,,,,,,,,,,,,,,,,,,,,,,,,,,,,,,,,,,,,,,,,,,,,,,,,,,,,,,,,,,,,,,,,,,,,,,,,,,,,,,,,,,,,,,,,,,,,,,,,,,,,,,,,,,,,,,,,,,,,,,,,,,,,,,,,,,,,,,,,,,,,,,,,,,,,,,,,,,,,,,,,,,,,,,,,,,,,,,,,,,,,,,,,,,,,,,,,,,,
ET,Ethiopia,0.368332476,0.368332476,0.368332476,0.368332476,0.368332476,0.368332476,0.368332476,0.368332476,0.368332476,0.368332476,0.349319887,0.324768707,0.33409686,0.330631192,0.328720216,0.332704115,0.333902523,0.314080199,0.301221599,0.296654691,0.29335097,0.343489792,0.334971374,0.357579189,0.353092917,0.335919271,0.335919271,143,143,143,143,143,143,143,143,143,143,144,129,123,125,132,127,125,134,144,147,147,133,138,126,127,136,136,0.291664594,0.291664594,0.303690864,0.315717134,0.3057902,0.295863265,0.297940613,0.300017961,0.298644975,0.309194265,0.283701011,0.306253237,0.307088397,0.310134892,0.304056354,0.310290734,0.313265286,0.314646151,0.324675401,0.342406977,0.335243139,0.329565901,0.325134748,0.350294591,0.355002466,0.338843437,0.31465062,166,166,165,162,163,166,165,160,166,163,167,166,164,164,165,165,163,160,162,156,157,160,162,151,148,154,162,0.280695699,0.283819252,0.291003241,0.298143392,0.298001816,0.294933403,0.295892746,0.296802152,0.296836728,0.300639444,0.286083865,0.284055789,0.286077116,0.284556343,0.281470966,0.284740912,0.287129674,0.282130532,0.282236946,0.28749467,0.287179476,0.303350804,0.29797243,0.313938946,0.314072898,0.303109575,0.296644904,170,168,161,154,153,155,157,159,158,153,158,151,152,154,158,152,150,153,156,151,154,151,159,145,146,150,156,0.182090027,0.191460687,0.200986383,0.210380566,0.219882773,0.220604467,0.221405149,0.222056019,0.223532734,0.224391591,0.225230698,0.221145423,0.217046091,0.212902943,0.211636328,0.211227887,0.214221211,0.217665245,0.220813836,0.223422342,0.23294432,0.236996721,0.233811168,0.233943056,0.23412331,0.234566018,0.239364823,123,113,102,95,88,94,96,99,106,109,111,119,129,137,146,147,147,149,148,149,146,145,149,150,152,154,153,,,,,,,,,,,,,,,,,,,,,,,,,,,,,,,,,,,,,,,,,,,,,,,,,,,,,,,,,,,,,,,,,,,,,,,,,,,,,,,,,,,,,,,,,,,,,,,,,,,,,,,,,,,,,,,,,,,,,,,,,,,,,,,,,,,,,,,,,,,,,,,,,,,,,,,,,,,,,,,,,,,,,,,,,,,,,,,,,,,,,,,,,,,,,,,,,,,,,,,,,,,,,,,,,,,,,,,,,,,,,,,,,,,,,,,,,,,,,,,,,,,,,,,,,,,,,,,,,,,,,,,,,,,,,,,,,,,,,,,,,,,,,,,,,,,,,,,,,,,,,,,,,,,,,,,,,,,,,,,,,,,,,,,,,,,,,,,,,,,,,,,,,,,,,,,,,,,,,,,,,,,,,,,,,,,,,,,,,,
FJ,Fiji,0.388349137,0.388349137,0.388349137,0.388349137,0.388349137,0.388349137,0.388349137,0.388349137,0.388349137,0.388349137,0.402956765,0.48801138,0.489306957,0.48525828,0.469031181,0.453516649,0.452933639,0.444350443,0.436285478,0.455362846,0.448593457,0.447621774,0.44175929,0.437613444,0.430261552,0.425170677,0.425170677,126,126,126,126,126,126,126,126,126,126,98,59,59,61,67,74,73,78,82,85,89,81,84,90,94,93,93,0.593183164,0.593183164,0.594644469,0.596105775,0.559111936,0.522118096,0.543778996,0.565439895,0.52400686,0.502973738,0.491198271,0.49483087,0.462882598,0.442016877,0.39096332,0.42027905,0.448076564,0.447625248,0.449555181,0.510188188,0.524140965,0.54990902,0.569844226,0.595047467,0.602787185,0.574575616,0.573061517,67,67,66,64,74,84,78,71,83,85,86,83,91,103,131,114,101,103,103,79,71,69,65,60,59,68,68,0.395080517,0.395209179,0.395782692,0.396503142,0.384556306,0.372922661,0.3807059,0.389314305,0.37890409,0.375600556,0.380857561,0.416811073,0.41549279,0.412881038,0.393633097,0.401432436,0.414682341,0.414074603,0.413976936,0.443284471,0.449024362,0.461183272,0.472403416,0.482287419,0.48672061,0.477790602,0.478050373,65,68,69,71,76,88,85,78,87,87,91,74,76,78,92,88,83,86,87,72,72,66,60,59,60,65,67,0.20370925,0.204095236,0.204354468,0.205054513,0.206207845,0.20830075,0.209989566,0.214153882,0.224356273,0.235478792,0.248417649,0.267590971,0.294288815,0.311367956,0.320904792,0.330501609,0.343036819,0.350248118,0.356090151,0.364302379,0.374338666,0.386019021,0.405606731,0.414201347,0.427113093,0.433625513,0.435918924,93,94,98,99,101,104,106,107,105,97,89,84,76,71,69,68,67,67,69,67,66,65,60,60,59,60,60,,,,,,,,,,,,,,,,,,,,,,,,,,,,,,,,,,,,,,,,,,,,,,,,,,,,,,,,,,,,,,,,,,,,,,,,,,,,,,,,,,,,,,,,,,,,,,,,,,,,,,,,,,,,,,,,,,,,,,,,,,,,,,,,,,,,,,,,,,,,,,,,,,,,,,,,,,,,,,,,,,,,,,,,,,,,,,,,,,,,,,,,,,,,,,,,,,,,,,,,,,,,,,,,,,,,,,,,,,,,,,,,,,,,,,,,,,,,,,,,,,,,,,,,,,,,,,,,,,,,,,,,,,,,,,,,,,,,,,,,,,,,,,,,,,,,,,,,,,,,,,,,,,,,,,,,,,,,,,,,,,,,,,,,,,,,,,,,,,,,,,,,,,,,,,,,,,,,,,,,,,,,,,,,,,,,,,,,,,
FI,Finland,0.510781142,0.510781142,0.510781142,0.510781142,0.510781142,0.510781142,0.510781142,0.510781142,0.510781142,0.510781142,0.548968267,0.646395641,0.654298659,0.664339379,0.6547845,0.685781174,0.688437107,0.713862801,0.729247775,0.762900382,0.724680867,0.671853724,0.669262571,0.661715836,0.652874537,0.653647834,0.653647834,12,12,12,12,12,12,12,12,12,12,26,36,33,31,30,30,30,26,24,15,18,19,19,20,23,24,24,0.860170096,0.860170096,0.867631836,0.875093575,0.885801226,0.896508876,0.896846292,0.897183709,0.897848924,0.893825983,0.881937426,0.883375972,0.873427298,0.871377506,0.879760137,0.876177248,0.873168112,0.87611979,0.875481258,0.878800495,0.869625434,0.863248819,0.866387888,0.858129192,0.854627096,0.865604044,0.869969336,8,8,6,5,5,5,5,5,5,5,5,5,6,6,5,5,7,6,6,6,7,7,8,8,8,7,6,0.671333784,0.67295724,0.677425691,0.684045264,0.689223706,0.692840668,0.695350139,0.70003789,0.70344077,0.70528297,0.717345809,0.753152488,0.753629851,0.757167115,0.753798226,0.764579643,0.765545925,0.773936122,0.778271911,0.788349311,0.771442839,0.75128329,0.751894159,0.748105318,0.745879662,0.751685299,0.753334292,2,2,2,1,2,2,2,2,1,3,2,4,4,4,3,3,5,4,5,5,5,6,6,5,5,5,5,0.643050112,0.647920483,0.653864096,0.666261075,0.67108875,0.671231986,0.678422984,0.692148819,0.701692244,0.711241784,0.721131733,0.729685852,0.733163596,0.735784458,0.726850042,0.731780507,0.735032557,0.731825775,0.7300867,0.723347057,0.720022215,0.718747326,0.72003202,0.724470927,0.730137355,0.735804018,0.736385708,8,8,8,7,8,7,10,10,10,12,11,10,10,10,9,10,10,9,10,11,12,13,13,10,11,10,10,,,,,,,,,,,,,,,,,,,,,,,,,,,,,,,,,,,,,,,,,,,,,,,,,,,,,,,,,,,,,,,,,,,,,,,,,,,,,,,,,,,,,,,,,,,,,,,,,,,,,,,,,,,,,,,,,,,,,,,,,,,,,,,,,,,,,,,,,,,,,,,,,,,,,,,,,,,,,,,,,,,,,,,,,,,,,,,,,,,,,,,,,,,,,,,,,,,,,,,,,,,,,,,,,,,,,,,,,,,,,,,,,,,,,,,,,,,,,,,,,,,,,,,,,,,,,,,,,,,,,,,,,,,,,,,,,,,,,,,,,,,,,,,,,,,,,,,,,,,,,,,,,,,,,,,,,,,,,,,,,,,,,,,,,,,,,,,,,,,,,,,,,,,,,,,,,,,,,,,,,,,,,,,,,,,,,,,,,,
FR,France,0.464529051,0.464529051,0.464529051,0.464529051,0.464529051,0.464529051,0.464529051,0.464529051,0.464529051,0.464529051,0.459120018,0.491282712,0.530117625,0.537955865,0.549292162,0.567009174,0.567462626,0.565162977,0.565616429,0.597811512,0.609439313,0.574588298,0.56943838,0.561924035,0.582987785,0.572226064,0.572226064,51,51,51,51,51,51,51,51,51,51,72,58,51,51,47,49,47,47,49,40,38,46,46,47,42,44,44,0.736857749,0.736857749,0.72732407,0.717790391,0.722682136,0.72757388,0.722945674,0.718317468,0.710635079,0.722629143,0.728202454,0.744642954,0.745379009,0.742841841,0.737559473,0.755531304,0.743977625,0.736903236,0.722276444,0.713738025,0.704667069,0.697045141,0.713842112,0.706143447,0.728631319,0.706489027,0.717994254,27,27,27,30,30,30,30,32,32,30,31,24,26,24,27,22,25,26,29,29,31,28,28,28,26,28,25,0.582559778,0.585841618,0.584221409,0.582696006,0.585182661,0.588673031,0.590374162,0.589723676,0.590181774,0.596666753,0.598929097,0.617766979,0.636165706,0.639732466,0.644143939,0.659046072,0.65649214,0.655842468,0.65261459,0.662223084,0.663012658,0.650552036,0.655636986,0.652031176,0.666073584,0.648424742,0.652971827,17,17,18,19,20,20,19,19,20,20,20,21,20,20,20,20,20,21,20,20,20,20,20,20,18,20,19,0.546292533,0.556138054,0.560811106,0.565768575,0.568336796,0.57391616,0.583647761,0.586324508,0.595381192,0.602842064,0.609464817,0.617375273,0.633000482,0.638399692,0.645580182,0.654597737,0.65803617,0.665461191,0.669950897,0.675119714,0.674931593,0.680022669,0.683630466,0.688026047,0.686601647,0.666559134,0.668695165,15,15,15,15,18,19,19,21,20,21,20,21,19,18,18,19,19,19,18,19,17,17,17,15,15,17,17,,,,,,,,,,,,,,,,,,,,,,,,,,,,,,,,,,,,,,,,,,,,,,,,,,,,,,,,,,,,,,,,,,,,,,,,,,,,,,,,,,,,,,,,,,,,,,,,,,,,,,,,,,,,,,,,,,,,,,,,,,,,,,,,,,,,,,,,,,,,,,,,,,,,,,,,,,,,,,,,,,,,,,,,,,,,,,,,,,,,,,,,,,,,,,,,,,,,,,,,,,,,,,,,,,,,,,,,,,,,,,,,,,,,,,,,,,,,,,,,,,,,,,,,,,,,,,,,,,,,,,,,,,,,,,,,,,,,,,,,,,,,,,,,,,,,,,,,,,,,,,,,,,,,,,,,,,,,,,,,,,,,,,,,,,,,,,,,,,,,,,,,,,,,,,,,,,,,,,,,,,,,,,,,,,,,,,,,,,
GA,Gabon,0.456658422,0.456658422,0.456658422,0.456658422,0.456658422,0.456658422,0.456658422,0.456658422,0.456658422,0.456658422,0.517809646,0.280978212,0.276994314,0.262289517,0.242564361,0.204280067,0.191810141,0.192295982,0.18293544,0.211438129,0.197316342,0.210952288,0.204085731,0.204377236,0.18554515,0.187832822,0.187832822,57,57,57,57,57,57,57,57,57,57,39,154,157,163,168,174,173,175,177,174,180,186,186,186,188,187,187,0.418856406,0.418856406,0.438092992,0.457329579,0.473718611,0.490107644,0.48194885,0.473790055,0.460387536,0.427156236,0.455774701,0.397407173,0.394514853,0.387992513,0.397902915,0.418775035,0.424976002,0.429750911,0.423843875,0.412094496,0.400654883,0.390886978,0.381265293,0.365196782,0.365777306,0.373313689,0.375377734,124,124,114,107,101,95,97,99,105,110,98,128,134,134,129,119,118,112,114,122,129,133,137,145,143,137,138,0.367156494,0.367213666,0.373682993,0.380134621,0.385588772,0.392763094,0.390655953,0.389290109,0.385284223,0.376493119,0.409562447,0.313045678,0.311348225,0.305399392,0.303329789,0.299030037,0.298850292,0.302861343,0.30023305,0.308524479,0.302731109,0.305314742,0.301035,0.299066033,0.29615046,0.300415671,0.301743182,90,89,82,76,75,73,74,79,82,86,69,129,131,136,142,143,141,140,140,138,143,147,154,153,157,154,153,0.225954655,0.22612617,0.226297564,0.226415863,0.226389283,0.231523216,0.233360587,0.23742185,0.238806712,0.245664697,0.255102994,0.260751648,0.262535507,0.265916145,0.26952209,0.274035009,0.279764734,0.286537136,0.293919836,0.302040812,0.310222101,0.31410496,0.317753978,0.327624081,0.337128924,0.340100503,0.34201899,81,81,81,78,80,82,83,83,88,85,85,89,90,92,94,95,94,95,95,96,93,91,90,89,86,86,87,,,,,,,,,,,,,,,,,,,,,,,,,,,,,,,,,,,,,,,,,,,,,,,,,,,,,,,,,,,,,,,,,,,,,,,,,,,,,,,,,,,,,,,,,,,,,,,,,,,,,,,,,,,,,,,,,,,,,,,,,,,,,,,,,,,,,,,,,,,,,,,,,,,,,,,,,,,,,,,,,,,,,,,,,,,,,,,,,,,,,,,,,,,,,,,,,,,,,,,,,,,,,,,,,,,,,,,,,,,,,,,,,,,,,,,,,,,,,,,,,,,,,,,,,,,,,,,,,,,,,,,,,,,,,,,,,,,,,,,,,,,,,,,,,,,,,,,,,,,,,,,,,,,,,,,,,,,,,,,,,,,,,,,,,,,,,,,,,,,,,,,,,,,,,,,,,,,,,,,,,,,,,,,,,,,,,,,,,,
GM,Gambia,0.475703401,0.475703401,0.475703401,0.475703401,0.475703401,0.475703401,0.475703401,0.475703401,0.475703401,0.475703401,0.536854625,0.332153495,0.331376149,0.319683568,0.314177367,0.284217154,0.280978212,0.27722104,0.284055207,0.299699297,0.304460541,0.292508846,0.284864943,0.278549006,0.269480137,0.301056447,0.301056447,41,41,41,41,41,41,41,41,41,41,33,120,126,136,141,147,147,150,151,146,145,156,161,168,170,152,152,0.463883666,0.463883666,0.469897106,0.475910547,0.475336379,0.474762212,0.482048424,0.489334637,0.490408095,0.434464625,0.418000327,0.416553511,0.422981342,0.418577705,0.42948099,0.419385074,0.427747868,0.422360381,0.408893888,0.396851731,0.393274368,0.368445219,0.415804664,0.417256852,0.435812512,0.434786949,0.426917777,101,101,101,101,99,102,96,96,93,108,114,120,120,123,114,117,114,116,125,130,130,141,121,123,115,117,119,0.368503369,0.368436259,0.370383957,0.372325536,0.373525314,0.374766577,0.379077968,0.383355307,0.385627826,0.367400675,0.383035843,0.315921252,0.320906477,0.317653224,0.319741333,0.306913548,0.309881725,0.307131238,0.305335894,0.306948603,0.307844028,0.296171676,0.310092363,0.309376881,0.313551844,0.324501885,0.322245368,87,87,84,86,84,85,86,84,81,96,89,126,126,129,132,136,134,137,139,140,140,157,146,148,147,143,143,0.165923039,0.165721709,0.165551363,0.165362662,0.16953616,0.173834119,0.179482079,0.185027884,0.190771981,0.192033998,0.194252577,0.19905675,0.208361941,0.214698399,0.215565643,0.217138416,0.220919095,0.221812294,0.223058588,0.22429478,0.225797174,0.227560964,0.229607482,0.232324786,0.235362884,0.237662259,0.23876188,137,137,136,136,135,134,134,135,134,137,135,136,136,135,141,142,144,147,146,148,148,150,150,151,150,153,154,,,,,,,,,,,,,,,,,,,,,,,,,,,,,,,,,,,,,,,,,,,,,,,,,,,,,,,,,,,,,,,,,,,,,,,,,,,,,,,,,,,,,,,,,,,,,,,,,,,,,,,,,,,,,,,,,,,,,,,,,,,,,,,,,,,,,,,,,,,,,,,,,,,,,,,,,,,,,,,,,,,,,,,,,,,,,,,,,,,,,,,,,,,,,,,,,,,,,,,,,,,,,,,,,,,,,,,,,,,,,,,,,,,,,,,,,,,,,,,,,,,,,,,,,,,,,,,,,,,,,,,,,,,,,,,,,,,,,,,,,,,,,,,,,,,,,,,,,,,,,,,,,,,,,,,,,,,,,,,,,,,,,,,,,,,,,,,,,,,,,,,,,,,,,,,,,,,,,,,,,,,,,,,,,,,,,,,,,,
GE,Georgia,0.416236427,0.416236427,0.416236427,0.416236427,0.416236427,0.416236427,0.416236427,0.416236427,0.416236427,0.416236427,0.415459081,0.355020425,0.502262725,0.536368783,0.568272361,0.624856677,0.630006594,0.658574062,0.691773217,0.747515408,0.741976817,0.717134132,0.728081756,0.732454328,0.738581664,0.736680641,0.736680641,98,98,98,98,98,98,98,98,98,98,90,111,56,52,44,38,37,32,27,17,16,13,13,12,11,11,11,0.234890275,0.234890275,0.257754989,0.280619702,0.308185346,0.33575099,0.312143659,0.288536327,0.333518911,0.380108067,0.39330538,0.434470521,0.464866005,0.467398442,0.469045594,0.490928048,0.507075995,0.528344358,0.546053152,0.584653784,0.574046347,0.592188304,0.593187286,0.592432178,0.588641026,0.582500329,0.584440778,183,183,176,172,162,153,158,169,156,134,131,109,89,91,91,85,82,68,68,61,64,62,61,62,64,66,65,0.319894736,0.318980193,0.320111182,0.329154154,0.337515503,0.345454769,0.344121814,0.332392339,0.349566087,0.369969834,0.375924305,0.368962602,0.430301748,0.438825842,0.449383637,0.471500602,0.478129589,0.49767857,0.516825091,0.550889532,0.547293593,0.550056105,0.555335316,0.56247395,0.565111045,0.564216569,0.569181698,129,130,129,124,117,117,114,122,111,93,92,96,66,67,61,56,54,49,43,34,37,35,34,32,32,33,32,0.308557506,0.305813876,0.286342129,0.290606333,0.288124735,0.28437689,0.303985356,0.292404262,0.298942923,0.313565008,0.319008455,0.317396859,0.323776514,0.3127103,0.310832954,0.298717081,0.297306177,0.30611729,0.312648903,0.320499405,0.325857614,0.34084588,0.344736907,0.362535343,0.368110446,0.373468737,0.386423676,45,48,54,56,55,58,54,59,58,56,54,58,61,70,74,82,87,86,84,84,83,77,78,76,75,75,72,,,,,,,,,,,,,,,,,,,,,,,,,,,,,,,,,,,,,,,,,,,,,,,,,,,,,,,,,,,,,,,,,,,,,,,,,,,,,,,,,,,,,,,,,,,,,,,,,,,,,,,,,,,,,,,,,,,,,,,,,,,,,,,,,,,,,,,,,,,,,,,,,,,,,,,,,,,,,,,,,,,,,,,,,,,,,,,,,,,,,,,,,,,,,,,,,,,,,,,,,,,,,,,,,,,,,,,,,,,,,,,,,,,,,,,,,,,,,,,,,,,,,,,,,,,,,,,,,,,,,,,,,,,,,,,,,,,,,,,,,,,,,,,,,,,,,,,,,,,,,,,,,,,,,,,,,,,,,,,,,,,,,,,,,,,,,,,,,,,,,,,,,,,,,,,,,,,,,,,,,,,,,,,,,,,,,,,,,,
DE,Germany,0.484351376,0.484351376,0.484351376,0.484351376,0.484351376,0.484351376,0.484351376,0.484351376,0.484351376,0.484351376,0.481986948,0.591722301,0.60571453,0.598750805,0.582944768,0.626508537,0.620322158,0.618994192,0.634670671,0.668485225,0.643189088,0.599949213,0.595285137,0.586442826,0.577703587,0.569455081,0.569455081,37,37,37,37,37,37,37,37,37,37,63,44,40,39,39,37,39,36,33,27,31,38,39,40,44,45,45,0.819530567,0.819530567,0.815309853,0.811089138,0.814341116,0.817593093,0.815289178,0.812985264,0.789662204,0.78778118,0.80439439,0.814001384,0.81051348,0.802028459,0.795610861,0.796198407,0.794715347,0.797727101,0.802571988,0.821078192,0.809475242,0.805188176,0.79999749,0.805656478,0.800564093,0.793010445,0.798723262,18,18,18,18,19,18,19,17,20,18,17,19,19,19,20,19,19,19,19,17,20,18,18,18,18,18,17,0.619239811,0.620863395,0.621144738,0.621689652,0.626851651,0.633486202,0.634001836,0.637307532,0.631471138,0.633639121,0.641316311,0.683993581,0.69041338,0.687179934,0.681843989,0.698034843,0.696029812,0.697375533,0.705132045,0.725391714,0.714822486,0.699692183,0.697199917,0.696804244,0.693988095,0.68916641,0.691691591,8,8,8,9,11,10,10,10,12,12,11,12,13,14,14,14,15,15,14,11,12,13,14,13,13,11,11,0.553837489,0.558708241,0.563772985,0.56962844,0.581862463,0.598514138,0.602364954,0.614585955,0.620399834,0.628784806,0.637567595,0.646257057,0.655012129,0.660760539,0.666976337,0.671397586,0.67305193,0.675405307,0.678153477,0.686611724,0.691803128,0.693939161,0.696317125,0.698313427,0.703696606,0.705033704,0.70689643,13,13,14,14,15,15,15,15,15,16,15,15,15,15,15,17,18,17,17,16,16,15,15,14,13,13,13,,,,,,,,,,,,,,,,,,,,,,,,,,,,,,,,,,,,,,,,,,,,,,,,,,,,,,,,,,,,,,,,,,,,,,,,,,,,,,,,,,,,,,,,,,,,,,,,,,,,,,,,,,,,,,,,,,,,,,,,,,,,,,,,,,,,,,,,,,,,,,,,,,,,,,,,,,,,,,,,,,,,,,,,,,,,,,,,,,,,,,,,,,,,,,,,,,,,,,,,,,,,,,,,,,,,,,,,,,,,,,,,,,,,,,,,,,,,,,,,,,,,,,,,,,,,,,,,,,,,,,,,,,,,,,,,,,,,,,,,,,,,,,,,,,,,,,,,,,,,,,,,,,,,,,,,,,,,,,,,,,,,,,,,,,,,,,,,,,,,,,,,,,,,,,,,,,,,,,,,,,,,,,,,,,,,,,,,,,
GH,Ghana,0.380770013,0.380770013,0.380770013,0.380770013,0.380770013,0.380770013,0.380770013,0.380770013,0.380770013,0.380770013,0.351813872,0.320914366,0.335165711,0.362502381,0.367069289,0.353822016,0.359036713,0.357222905,0.368429644,0.35029157,0.353174228,0.358032641,0.353239007,0.347182185,0.341783443,0.321355503,0.321355503,130,130,130,130,130,130,130,130,130,130,142,130,122,106,106,111,110,113,112,126,126,126,129,132,133,144,144,0.444047485,0.444047485,0.444436144,0.444824803,0.464901104,0.484977404,0.468269191,0.451560979,0.47199823,0.462824804,0.47258525,0.499074174,0.497604909,0.487874368,0.502560086,0.505135033,0.511580163,0.506216592,0.509865789,0.48714149,0.492419619,0.475750145,0.490746438,0.491338287,0.496353135,0.495704088,0.485037382,106,106,108,111,102,98,102,106,97,94,91,82,82,85,82,81,78,79,76,89,82,92,85,86,83,85,87,0.328740462,0.32875316,0.32890729,0.329062387,0.335441341,0.341842728,0.33599332,0.330274077,0.336986741,0.334067175,0.327812898,0.327129678,0.333196802,0.341636183,0.349703212,0.347490868,0.352463991,0.350500282,0.357403986,0.345478586,0.349196574,0.346217796,0.351930997,0.350961023,0.352091782,0.348317022,0.347197281,126,126,126,125,120,118,119,126,123,124,129,120,120,116,114,116,117,120,114,121,119,123,119,120,120,124,127,0.161403887,0.161441981,0.161515713,0.161592346,0.160652905,0.159780766,0.158940757,0.158491239,0.158191979,0.158606707,0.159039573,0.161400495,0.166819788,0.1745318,0.179480261,0.183515556,0.186775096,0.188061349,0.193916524,0.199002699,0.201995876,0.204870601,0.211807547,0.214362598,0.218138769,0.227891475,0.235198958,141,140,140,140,142,144,148,152,160,164,166,166,164,161,160,162,162,162,159,158,158,155,158,160,159,157,156,,,,,,,,,,,,,,,,,,,,,,,,,,,,,,,,,,,,,,,,,,,,,,,,,,,,,,,,,,,,,,,,,,,,,,,,,,,,,,,,,,,,,,,,,,,,,,,,,,,,,,,,,,,,,,,,,,,,,,,,,,,,,,,,,,,,,,,,,,,,,,,,,,,,,,,,,,,,,,,,,,,,,,,,,,,,,,,,,,,,,,,,,,,,,,,,,,,,,,,,,,,,,,,,,,,,,,,,,,,,,,,,,,,,,,,,,,,,,,,,,,,,,,,,,,,,,,,,,,,,,,,,,,,,,,,,,,,,,,,,,,,,,,,,,,,,,,,,,,,,,,,,,,,,,,,,,,,,,,,,,,,,,,,,,,,,,,,,,,,,,,,,,,,,,,,,,,,,,,,,,,,,,,,,,,,,,,,,,,
GL,Greenland,0.489889967,0.489889967,0.489889967,0.489889967,0.489889967,0.489889967,0.489889967,0.489889967,0.489889967,0.489889967,0.504659542,0.664080264,0.678590723,0.686526131,0.681538161,0.712599614,0.729960342,0.750041782,0.772001809,0.799306089,0.80316043,0.750560013,0.751499306,0.745021422,0.737679483,0.741320425,0.741320425,28,28,28,28,28,28,28,28,28,28,49,35,31,27,27,27,26,23,20,11,11,10,10,11,12,10,10,0.870198818,0.870198818,0.867620016,0.865041213,0.869379316,0.873717419,0.875738478,0.877759537,0.869676624,0.868581726,0.856091535,0.875287755,0.88364118,0.87336455,0.872434346,0.86821066,0.875367619,0.859672907,0.863937835,0.859020005,0.854886227,0.840451633,0.838207845,0.838587833,0.838228567,0.853153644,0.863733849,5,5,7,8,7,7,6,6,7,7,7,6,5,5,6,7,6,10,9,9,12,14,14,12,13,10,8,0.652023702,0.654318543,0.655929862,0.659483953,0.665553741,0.670559846,0.674207705,0.681775384,0.684799415,0.690340359,0.695448831,0.755894635,0.762312309,0.760177603,0.756816737,0.765305963,0.775300419,0.778356575,0.788685242,0.796391699,0.79659079,0.773794172,0.772784001,0.771209599,0.768850575,0.775001818,0.779030738,3,4,4,4,5,4,4,4,4,4,4,2,3,3,2,2,2,2,2,4,4,5,5,4,4,2,2,0.595982322,0.602866843,0.610279604,0.623520679,0.637391942,0.648072153,0.656994671,0.677676649,0.694831654,0.712549385,0.725595417,0.728315887,0.724705023,0.720642127,0.716477704,0.715107616,0.720573297,0.725355034,0.730116084,0.730849002,0.731725714,0.730370871,0.728644851,0.730019543,0.730643676,0.730531385,0.732037939,9,9,10,8,11,13,13,12,11,11,10,11,11,11,10,13,11,10,9,9,9,10,10,9,10,11,11,,,,,,,,,,,,,,,,,,,,,,,,,,,,,,,,,,,,,,,,,,,,,,,,,,,,,,,,,,,,,,,,,,,,,,,,,,,,,,,,,,,,,,,,,,,,,,,,,,,,,,,,,,,,,,,,,,,,,,,,,,,,,,,,,,,,,,,,,,,,,,,,,,,,,,,,,,,,,,,,,,,,,,,,,,,,,,,,,,,,,,,,,,,,,,,,,,,,,,,,,,,,,,,,,,,,,,,,,,,,,,,,,,,,,,,,,,,,,,,,,,,,,,,,,,,,,,,,,,,,,,,,,,,,,,,,,,,,,,,,,,,,,,,,,,,,,,,,,,,,,,,,,,,,,,,,,,,,,,,,,,,,,,,,,,,,,,,,,,,,,,,,,,,,,,,,,,,,,,,,,,,,,,,,,,,,,,,,,,
GR,Greece,0.390000998,0.390000998,0.390000998,0.390000998,0.390000998,0.390000998,0.390000998,0.390000998,0.390000998,0.390000998,0.35586255,0.409985269,0.413645274,0.407782789,0.42498157,0.424754844,0.395086136,0.387992854,0.406390044,0.46235896,0.476837031,0.447038765,0.443152035,0.439006189,0.444148684,0.452622735,0.452622735,124,124,124,124,124,124,124,124,124,124,138,85,85,89,83,82,91,99,94,79,71,83,81,87,83,80,80,0.623802209,0.623802209,0.634641525,0.645480841,0.648744172,0.652007504,0.648644376,0.645281248,0.631279957,0.634670443,0.630185747,0.634722893,0.626241091,0.606531563,0.569956008,0.553621022,0.542688753,0.526804892,0.544542714,0.522845856,0.520511923,0.504336491,0.509197831,0.534557673,0.547183097,0.553758364,0.559785528,52,52,49,46,44,43,44,46,51,48,49,50,53,59,63,67,68,69,69,73,73,83,77,75,72,72,71,0.424948396,0.428578115,0.436865979,0.442884793,0.448897444,0.456286979,0.463324553,0.467553077,0.467387699,0.472816095,0.468094023,0.494697055,0.494143899,0.491833935,0.493283637,0.492770006,0.484039285,0.476934014,0.494786625,0.509472541,0.514215717,0.50458558,0.504575785,0.513769266,0.521125158,0.53021849,0.533062293,54,53,49,47,44,43,41,42,44,41,51,46,47,46,46,50,50,57,52,48,47,45,48,47,45,46,46,0.261041983,0.271931139,0.285955414,0.293172541,0.307947162,0.326852435,0.351328287,0.367376984,0.380882144,0.393776845,0.418233772,0.439383002,0.442545332,0.461187455,0.484913334,0.499934151,0.514342964,0.516004296,0.533427116,0.543212807,0.545298198,0.562381483,0.561377488,0.567743935,0.572043694,0.584274373,0.586778618,58,58,55,54,49,47,44,44,42,43,41,39,42,41,37,34,34,36,33,31,33,31,32,30,28,29,30,,,,,,,,,,,,,,,,,,,,,,,,,,,,,,,,,,,,,,,,,,,,,,,,,,,,,,,,,,,,,,,,,,,,,,,,,,,,,,,,,,,,,,,,,,,,,,,,,,,,,,,,,,,,,,,,,,,,,,,,,,,,,,,,,,,,,,,,,,,,,,,,,,,,,,,,,,,,,,,,,,,,,,,,,,,,,,,,,,,,,,,,,,,,,,,,,,,,,,,,,,,,,,,,,,,,,,,,,,,,,,,,,,,,,,,,,,,,,,,,,,,,,,,,,,,,,,,,,,,,,,,,,,,,,,,,,,,,,,,,,,,,,,,,,,,,,,,,,,,,,,,,,,,,,,,,,,,,,,,,,,,,,,,,,,,,,,,,,,,,,,,,,,,,,,,,,,,,,,,,,,,,,,,,,,,,,,,,,,
GD,Grenada,0.495331389,0.495331389,0.495331389,0.495331389,0.495331389,0.495331389,0.495331389,0.495331389,0.495331389,0.495331389,0.556482613,0.370826461,0.369984336,0.365741323,0.355927329,0.372899384,0.392818877,0.385272142,0.396252156,0.416787047,0.421936965,0.399944549,0.396154987,0.387733738,0.381883231,0.370960405,0.370960405,22,22,22,22,22,22,22,22,22,22,16,98,100,104,113,105,94,100,96,98,97,110,114,116,118,123,123,0.639516639,0.639516639,0.640414677,0.641312715,0.639561658,0.637810601,0.63441998,0.631029358,0.627675543,0.611678822,0.599301356,0.598826655,0.574134455,0.557444012,0.561909,0.571123082,0.563960312,0.570666563,0.568498196,0.555550584,0.584056919,0.615221181,0.596377309,0.567966095,0.560331052,0.580731022,0.616620578,47,47,47,47,46,48,49,51,52,58,63,61,65,68,66,63,63,62,63,65,62,56,60,69,70,67,56,0.458513877,0.458717716,0.45956743,0.460167497,0.460172193,0.460535662,0.460113578,0.461883796,0.465717177,0.460709498,0.477936326,0.416986748,0.410175841,0.404877468,0.405455534,0.419591635,0.428482464,0.432974065,0.441362465,0.452381935,0.467912479,0.472059516,0.468686628,0.462110617,0.461794619,0.465725984,0.478677191,37,37,36,37,37,38,43,46,46,49,45,73,78,84,83,79,73,74,75,70,61,60,61,67,71,70,66,0.240693602,0.241305118,0.242956223,0.243858386,0.245623532,0.248464995,0.250589366,0.25929064,0.274144599,0.275118283,0.27802501,0.281307127,0.286408732,0.291447069,0.298530274,0.314752438,0.328668204,0.34298349,0.359337043,0.384808174,0.397743552,0.401012818,0.413527587,0.430632019,0.443169575,0.445486525,0.44845059,68,65,65,68,66,67,68,66,63,67,74,73,80,82,84,75,71,69,65,61,59,61,58,56,55,53,53,,,,,,,,,,,,,,,,,,,,,,,,,,,,,,,,,,,,,,,,,,,,,,,,,,,,,,,,,,,,,,,,,,,,,,,,,,,,,,,,,,,,,,,,,,,,,,,,,,,,,,,,,,,,,,,,,,,,,,,,,,,,,,,,,,,,,,,,,,,,,,,,,,,,,,,,,,,,,,,,,,,,,,,,,,,,,,,,,,,,,,,,,,,,,,,,,,,,,,,,,,,,,,,,,,,,,,,,,,,,,,,,,,,,,,,,,,,,,,,,,,,,,,,,,,,,,,,,,,,,,,,,,,,,,,,,,,,,,,,,,,,,,,,,,,,,,,,,,,,,,,,,,,,,,,,,,,,,,,,,,,,,,,,,,,,,,,,,,,,,,,,,,,,,,,,,,,,,,,,,,,,,,,,,,,,,,,,,,,
GT,Guatemala,0.34802431,0.34802431,0.34802431,0.34802431,0.34802431,0.34802431,0.34802431,0.34802431,0.34802431,0.34802431,0.334420754,0.266014301,0.289107957,0.293610086,0.285415563,0.309610459,0.303488859,0.299181066,0.313691526,0.377466292,0.380478508,0.387345065,0.376332663,0.360008395,0.380963844,0.371748716,0.371748716,159,159,159,159,159,159,159,159,159,159,157,160,151,148,152,139,137,141,138,114,109,117,120,125,119,122,122,0.338665229,0.338665229,0.351722513,0.364779798,0.364178038,0.363576278,0.367528413,0.371480548,0.35509248,0.368428347,0.35061498,0.352856696,0.355360135,0.365549643,0.371218105,0.379509698,0.378155179,0.369640809,0.368505629,0.369481494,0.369121696,0.370111439,0.360337951,0.367017053,0.356903349,0.354364541,0.348561065,158,158,153,145,142,144,141,138,142,137,143,143,145,142,140,135,138,138,140,140,139,140,146,144,146,146,150,0.269818376,0.269558096,0.274595226,0.278833166,0.279979875,0.282129244,0.279754844,0.277718654,0.276199541,0.287661436,0.278193923,0.258176242,0.268877811,0.27516214,0.275878755,0.288435421,0.287523235,0.284381086,0.289947213,0.31170774,0.31564822,0.319956358,0.31379101,0.311440613,0.315446831,0.312380064,0.311148525,176,176,175,174,174,171,172,172,175,167,166,169,164,162,163,148,149,151,149,137,134,140,143,146,145,146,147,0.12276559,0.121984749,0.124038855,0.123695389,0.127737277,0.134787142,0.12371181,0.113651103,0.125481832,0.14653165,0.149546034,0.155657731,0.16216534,0.166326691,0.171002596,0.176186106,0.180925666,0.184321383,0.187644483,0.188175432,0.197344456,0.202412569,0.204702418,0.207296389,0.208473301,0.211026935,0.213135792,172,172,170,171,171,169,178,183,182,172,171,169,168,166,168,167,165,165,165,168,162,161,164,164,165,167,167,,,,,,,,,,,,,,,,,,,,,,,,,,,,,,,,,,,,,,,,,,,,,,,,,,,,,,,,,,,,,,,,,,,,,,,,,,,,,,,,,,,,,,,,,,,,,,,,,,,,,,,,,,,,,,,,,,,,,,,,,,,,,,,,,,,,,,,,,,,,,,,,,,,,,,,,,,,,,,,,,,,,,,,,,,,,,,,,,,,,,,,,,,,,,,,,,,,,,,,,,,,,,,,,,,,,,,,,,,,,,,,,,,,,,,,,,,,,,,,,,,,,,,,,,,,,,,,,,,,,,,,,,,,,,,,,,,,,,,,,,,,,,,,,,,,,,,,,,,,,,,,,,,,,,,,,,,,,,,,,,,,,,,,,,,,,,,,,,,,,,,,,,,,,,,,,,,,,,,,,,,,,,,,,,,,,,,,,,,
GN,Guinea,0.364154241,0.364154241,0.364154241,0.364154241,0.364154241,0.364154241,0.364154241,0.364154241,0.364154241,0.364154241,0.337789254,0.23145479,0.223065931,0.230062045,0.218466633,0.188830314,0.178886763,0.179469772,0.216717604,0.251406672,0.256815705,0.29059787,0.295132389,0.295844956,0.307565033,0.308273889,0.308273889,147,147,147,147,147,147,147,147,147,147,152,171,171,172,173,177,175,178,169,161,161,157,156,155,148,147,147,0.285960485,0.285960485,0.296412199,0.306863912,0.278797207,0.250730501,0.269741155,0.288751808,0.312423272,0.292573414,0.269574373,0.229202151,0.194396562,0.208966825,0.216250682,0.233921702,0.256907079,0.266932178,0.270277351,0.279614669,0.327166821,0.327932461,0.310458947,0.305243096,0.315465566,0.313765196,0.299900521,171,171,166,163,174,180,177,168,163,165,172,182,186,185,186,183,177,172,171,174,159,161,167,167,164,163,165,0.291446737,0.291384931,0.294903572,0.298436963,0.289233564,0.280039672,0.286541999,0.293114418,0.301166888,0.29474527,0.278915005,0.232885571,0.221879041,0.23285824,0.234347187,0.233859077,0.241502774,0.247610726,0.262952971,0.278533371,0.295344086,0.307929912,0.305053314,0.303492998,0.310568482,0.31088454,0.308539673,161,161,157,153,164,173,168,161,152,158,163,181,184,181,181,179,176,174,167,160,146,145,151,151,148,147,149,0.224225484,0.224040068,0.224144278,0.224292736,0.224749243,0.225234275,0.225730601,0.226437206,0.226923151,0.227508156,0.229381389,0.237999772,0.24817463,0.25954585,0.268324247,0.278825213,0.288714479,0.296430229,0.301863958,0.304578771,0.302049732,0.305259404,0.309568607,0.309390941,0.308674848,0.310614536,0.317444608,83,83,84,80,81,88,92,96,100,107,107,107,102,98,96,92,92,92,89,94,98,97,95,99,106,109,108,,,,,,,,,,,,,,,,,,,,,,,,,,,,,,,,,,,,,,,,,,,,,,,,,,,,,,,,,,,,,,,,,,,,,,,,,,,,,,,,,,,,,,,,,,,,,,,,,,,,,,,,,,,,,,,,,,,,,,,,,,,,,,,,,,,,,,,,,,,,,,,,,,,,,,,,,,,,,,,,,,,,,,,,,,,,,,,,,,,,,,,,,,,,,,,,,,,,,,,,,,,,,,,,,,,,,,,,,,,,,,,,,,,,,,,,,,,,,,,,,,,,,,,,,,,,,,,,,,,,,,,,,,,,,,,,,,,,,,,,,,,,,,,,,,,,,,,,,,,,,,,,,,,,,,,,,,,,,,,,,,,,,,,,,,,,,,,,,,,,,,,,,,,,,,,,,,,,,,,,,,,,,,,,,,,,,,,,,,
GW,Guinea-Bissau,0.4043819,0.4043819,0.4043819,0.4043819,0.4043819,0.4043819,0.4043819,0.4043819,0.4043819,0.4043819,0.465533123,0.234985237,0.24262914,0.237187717,0.228831247,0.169817725,0.167032235,0.207097947,0.208944144,0.235147184,0.22588381,0.254386499,0.260248984,0.254645614,0.249649378,0.242013066,0.242013066,105,105,105,105,105,105,105,105,105,105,70,170,168,169,171,179,179,171,173,170,170,173,175,177,178,180,180,0.243796369,0.243796369,0.224359873,0.204923376,0.261425017,0.317926658,0.315396053,0.312865447,0.313786837,0.294935283,0.292888032,0.307725021,0.291784089,0.274300198,0.278226398,0.284377862,0.280894759,0.249703316,0.243351394,0.256531007,0.270985198,0.257205728,0.258574209,0.262266923,0.268083659,0.263082785,0.282445641,179,179,183,184,176,157,157,158,162,164,164,165,169,176,171,170,168,177,180,178,175,177,176,177,173,175,168,0.299074956,0.299082474,0.292600324,0.286127376,0.304961411,0.323884736,0.323043501,0.32241312,0.322814414,0.317000266,0.337255299,0.26611629,0.264534696,0.258588268,0.257485521,0.2406788,0.238946191,0.243786606,0.241765547,0.255533863,0.258026713,0.2650686,0.267755377,0.267376278,0.269655232,0.266852981,0.275340151,153,153,160,166,148,128,131,132,135,139,118,163,167,171,174,176,178,177,178,174,172,173,172,172,172,171,169,0.2490466,0.249069153,0.2490592,0.249076853,0.249077315,0.249345651,0.249352551,0.249992015,0.250274504,0.251683616,0.253344743,0.255638612,0.259190859,0.264276887,0.265398916,0.267840811,0.268911578,0.274558555,0.273001103,0.274923399,0.277211131,0.283613574,0.284442937,0.285216295,0.29123266,0.295463093,0.301561746,62,62,62,64,64,66,69,73,78,80,87,90,92,94,99,100,103,103,110,115,118,115,116,119,117,118,116,,,,,,,,,,,,,,,,,,,,,,,,,,,,,,,,,,,,,,,,,,,,,,,,,,,,,,,,,,,,,,,,,,,,,,,,,,,,,,,,,,,,,,,,,,,,,,,,,,,,,,,,,,,,,,,,,,,,,,,,,,,,,,,,,,,,,,,,,,,,,,,,,,,,,,,,,,,,,,,,,,,,,,,,,,,,,,,,,,,,,,,,,,,,,,,,,,,,,,,,,,,,,,,,,,,,,,,,,,,,,,,,,,,,,,,,,,,,,,,,,,,,,,,,,,,,,,,,,,,,,,,,,,,,,,,,,,,,,,,,,,,,,,,,,,,,,,,,,,,,,,,,,,,,,,,,,,,,,,,,,,,,,,,,,,,,,,,,,,,,,,,,,,,,,,,,,,,,,,,,,,,,,,,,,,,,,,,,,,
GY,Guyana,0.473760036,0.473760036,0.473760036,0.473760036,0.473760036,0.473760036,0.473760036,0.473760036,0.473760036,0.473760036,0.364348578,0.361725035,0.338177927,0.338825715,0.32350552,0.304428152,0.301253989,0.289852913,0.299051508,0.326161452,0.314663208,0.309254175,0.303586027,0.30005558,0.294451199,0.283496152,0.283496152,42,42,42,42,42,42,42,42,42,42,131,105,119,121,135,142,138,146,145,136,141,150,152,152,157,166,166,0.464016802,0.464016802,0.465223379,0.466429955,0.448110242,0.42979053,0.42509827,0.420406011,0.417682888,0.405680372,0.393362766,0.378972554,0.390890446,0.385384175,0.385886318,0.396694433,0.389201785,0.380430977,0.389193818,0.397397945,0.408597696,0.446779223,0.438267736,0.43651795,0.433747157,0.441021905,0.441251311,100,100,102,102,113,118,118,117,117,124,130,138,136,138,135,133,132,133,133,129,125,104,115,115,117,115,112,0.362253786,0.362880704,0.364288767,0.364432835,0.358075267,0.352176848,0.350946136,0.349188607,0.349009583,0.347850174,0.30957932,0.306243868,0.304245921,0.30344076,0.299628439,0.29876709,0.295676431,0.289507539,0.295934965,0.308314715,0.308905229,0.320125134,0.316220055,0.319207803,0.320923502,0.320877648,0.321524527,96,94,96,97,105,108,109,110,112,116,145,132,135,139,145,144,143,148,145,139,138,139,142,143,143,144,144,0.148984521,0.150865272,0.153882885,0.153108515,0.152355523,0.152979978,0.153980102,0.153399774,0.155585825,0.164110115,0.171026616,0.178034017,0.18366939,0.18611239,0.18949348,0.195178686,0.196573519,0.198238726,0.199559568,0.201384747,0.203454783,0.204342003,0.206806401,0.22104988,0.23457215,0.238114888,0.239826119,150,149,146,148,149,150,152,160,164,160,158,152,152,153,153,153,154,156,157,155,155,157,161,154,151,151,152,,,,,,,,,,,,,,,,,,,,,,,,,,,,,,,,,,,,,,,,,,,,,,,,,,,,,,,,,,,,,,,,,,,,,,,,,,,,,,,,,,,,,,,,,,,,,,,,,,,,,,,,,,,,,,,,,,,,,,,,,,,,,,,,,,,,,,,,,,,,,,,,,,,,,,,,,,,,,,,,,,,,,,,,,,,,,,,,,,,,,,,,,,,,,,,,,,,,,,,,,,,,,,,,,,,,,,,,,,,,,,,,,,,,,,,,,,,,,,,,,,,,,,,,,,,,,,,,,,,,,,,,,,,,,,,,,,,,,,,,,,,,,,,,,,,,,,,,,,,,,,,,,,,,,,,,,,,,,,,,,,,,,,,,,,,,,,,,,,,,,,,,,,,,,,,,,,,,,,,,,,,,,,,,,,,,,,,,,,
HT,Haiti,0.327035967,0.327035967,0.327035967,0.327035967,0.327035967,0.327035967,0.327035967,0.327035967,0.327035967,0.327035967,0.284022818,0.235605263,0.239232878,0.244415185,0.240232323,0.240602488,0.236234543,0.235827362,0.24078757,0.244378168,0.245044465,0.276249357,0.270548819,0.261553815,0.252757581,0.247970502,0.247970502,168,168,168,168,168,168,168,168,168,168,180,169,169,167,169,162,163,161,161,164,164,167,172,174,175,178,178,0.288832869,0.288832869,0.283072464,0.27731206,0.282625662,0.287939264,0.255596436,0.223253607,0.213041511,0.17466582,0.202396605,0.253963146,0.263423285,0.271112772,0.286046061,0.274512569,0.266515756,0.28466667,0.299322639,0.291661175,0.285914516,0.282809914,0.282640833,0.286784579,0.275930416,0.269857193,0.246505489,168,168,170,173,172,169,180,185,186,188,185,178,176,177,170,171,173,169,165,170,171,173,172,170,171,172,176,0.246317743,0.246317701,0.244351841,0.24241068,0.244178318,0.246039669,0.235351211,0.224872806,0.221943018,0.210293534,0.205602811,0.207708116,0.213818819,0.219080238,0.22330843,0.219970105,0.216216843,0.224638428,0.231383969,0.230246878,0.2292873,0.241042761,0.240182502,0.240273492,0.23372681,0.231193834,0.224116717,185,185,186,186,186,186,188,189,189,192,191,186,186,185,184,183,182,182,180,182,183,182,181,183,184,184,186,0.123084393,0.123084268,0.122947094,0.122884012,0.122873324,0.123143776,0.123421229,0.124328845,0.125751577,0.129178814,0.13038901,0.133555939,0.138800293,0.141712758,0.143646906,0.144795258,0.14590023,0.15342125,0.154041697,0.15470129,0.156902919,0.164069011,0.167357853,0.172482082,0.172492433,0.175753807,0.17787416,169,171,172,173,177,179,179,178,180,181,181,182,182,183,184,184,184,184,183,185,185,185,183,183,185,186,186,,,,,,,,,,,,,,,,,,,,,,,,,,,,,,,,,,,,,,,,,,,,,,,,,,,,,,,,,,,,,,,,,,,,,,,,,,,,,,,,,,,,,,,,,,,,,,,,,,,,,,,,,,,,,,,,,,,,,,,,,,,,,,,,,,,,,,,,,,,,,,,,,,,,,,,,,,,,,,,,,,,,,,,,,,,,,,,,,,,,,,,,,,,,,,,,,,,,,,,,,,,,,,,,,,,,,,,,,,,,,,,,,,,,,,,,,,,,,,,,,,,,,,,,,,,,,,,,,,,,,,,,,,,,,,,,,,,,,,,,,,,,,,,,,,,,,,,,,,,,,,,,,,,,,,,,,,,,,,,,,,,,,,,,,,,,,,,,,,,,,,,,,,,,,,,,,,,,,,,,,,,,,,,,,,,,,,,,,,
HN,Honduras,0.330534024,0.330534024,0.330534024,0.330534024,0.330534024,0.330534024,0.330534024,0.330534024,0.330534024,0.330534024,0.31566728,0.295132389,0.297723542,0.323019679,0.332671725,0.314987103,0.278095554,0.266143858,0.284767774,0.293221413,0.279034847,0.27945591,0.277804049,0.263228811,0.257075158,0.253079788,0.253079788,167,167,167,167,167,167,167,167,167,167,165,147,145,134,128,136,149,153,150,150,152,166,165,173,173,176,176,0.340012407,0.340012407,0.360905842,0.381799277,0.373921253,0.366043229,0.364501871,0.362960512,0.354447063,0.367936109,0.359410357,0.354325028,0.378255452,0.363488347,0.377371846,0.374490846,0.385410907,0.365756971,0.361611193,0.367426476,0.384170466,0.364644431,0.363566752,0.369635416,0.353890307,0.353763818,0.335691141,157,157,148,138,139,143,144,143,143,138,140,142,140,143,138,138,134,141,144,142,135,142,143,143,149,148,156,0.264458795,0.263801971,0.275040936,0.274306351,0.272789659,0.271668079,0.273266346,0.268055863,0.268741254,0.274480214,0.26541108,0.26000617,0.276100036,0.28050456,0.292418153,0.284976777,0.273596802,0.263690959,0.268631045,0.27477904,0.276788277,0.271454705,0.272744681,0.272398175,0.265450205,0.264967623,0.259881919,180,180,173,175,176,176,177,178,179,177,176,168,156,156,151,151,163,166,163,163,164,169,169,171,173,172,177,0.122829954,0.120859482,0.133682943,0.110585753,0.113913699,0.118426985,0.124763142,0.110673054,0.121242675,0.124970509,0.121155603,0.130561094,0.152321114,0.155005655,0.167210888,0.165452382,0.157283945,0.159172047,0.159514168,0.163689233,0.167159517,0.170263774,0.176863241,0.184330299,0.185385152,0.188059263,0.190874827,171,173,165,179,180,181,177,186,183,182,186,183,176,177,170,174,181,182,182,183,182,182,181,176,176,179,179,,,,,,,,,,,,,,,,,,,,,,,,,,,,,,,,,,,,,,,,,,,,,,,,,,,,,,,,,,,,,,,,,,,,,,,,,,,,,,,,,,,,,,,,,,,,,,,,,,,,,,,,,,,,,,,,,,,,,,,,,,,,,,,,,,,,,,,,,,,,,,,,,,,,,,,,,,,,,,,,,,,,,,,,,,,,,,,,,,,,,,,,,,,,,,,,,,,,,,,,,,,,,,,,,,,,,,,,,,,,,,,,,,,,,,,,,,,,,,,,,,,,,,,,,,,,,,,,,,,,,,,,,,,,,,,,,,,,,,,,,,,,,,,,,,,,,,,,,,,,,,,,,,,,,,,,,,,,,,,,,,,,,,,,,,,,,,,,,,,,,,,,,,,,,,,,,,,,,,,,,,,,,,,,,,,,,,,,,,
HU,Hungary,0.420123158,0.420123158,0.420123158,0.420123158,0.420123158,0.420123158,0.420123158,0.420123158,0.420123158,0.420123158,0.40661677,0.433014146,0.436998045,0.449662308,0.487428371,0.468610118,0.48302341,0.48412465,0.487266424,0.503202018,0.491898111,0.459314355,0.453710985,0.450860716,0.453686018,0.447402977,0.447402977,92,92,92,92,92,92,92,92,92,92,96,77,78,77,60,69,65,63,63,60,63,75,75,80,79,82,82,0.670647921,0.670647921,0.677459502,0.684271083,0.679935572,0.67560006,0.685003572,0.694407083,0.682365649,0.67543998,0.674346332,0.688406712,0.67449312,0.66240119,0.639439569,0.637329153,0.64130984,0.627059298,0.626544708,0.602055184,0.600310484,0.587066602,0.603222389,0.595765955,0.593991275,0.592652903,0.591909733,40,40,36,35,36,36,35,33,38,36,41,39,38,45,48,51,50,53,54,55,59,63,56,59,63,62,63,0.495250566,0.486327754,0.48795676,0.491736287,0.493205386,0.499750635,0.51134428,0.516620589,0.507031513,0.511472681,0.511659291,0.531834355,0.530217051,0.532055916,0.538224006,0.526212873,0.533443627,0.530636141,0.528349537,0.51960666,0.514546483,0.50243761,0.50149792,0.495770307,0.499361776,0.499521263,0.500534578,31,31,32,32,32,32,31,30,31,31,33,37,38,37,34,39,37,38,40,42,46,48,49,56,56,58,57,0.394980619,0.368212182,0.366287621,0.370814619,0.379557428,0.403528687,0.42890611,0.435331527,0.418605733,0.438854905,0.454014771,0.474082207,0.479159989,0.484104249,0.487804077,0.472699348,0.475997631,0.480724476,0.47123748,0.453562778,0.451430853,0.460931872,0.447560386,0.440684248,0.450408035,0.458507908,0.462291025,29,35,37,35,35,36,35,33,35,35,33,33,33,36,35,40,41,43,45,45,48,45,49,52,51,50,50,,,,,,,,,,,,,,,,,,,,,,,,,,,,,,,,,,,,,,,,,,,,,,,,,,,,,,,,,,,,,,,,,,,,,,,,,,,,,,,,,,,,,,,,,,,,,,,,,,,,,,,,,,,,,,,,,,,,,,,,,,,,,,,,,,,,,,,,,,,,,,,,,,,,,,,,,,,,,,,,,,,,,,,,,,,,,,,,,,,,,,,,,,,,,,,,,,,,,,,,,,,,,,,,,,,,,,,,,,,,,,,,,,,,,,,,,,,,,,,,,,,,,,,,,,,,,,,,,,,,,,,,,,,,,,,,,,,,,,,,,,,,,,,,,,,,,,,,,,,,,,,,,,,,,,,,,,,,,,,,,,,,,,,,,,,,,,,,,,,,,,,,,,,,,,,,,,,,,,,,,,,,,,,,,,,,,,,,,,
IS,Iceland,0.502619008,0.502619008,0.502619008,0.502619008,0.502619008,0.502619008,0.502619008,0.502619008,0.502619008,0.502619008,0.556385444,0.642865194,0.669035845,0.675254613,0.678558334,0.709490229,0.711401205,0.710753417,0.728114145,0.780714562,0.759046041,0.733685126,0.731093972,0.721279978,0.714480562,0.70149561,0.70149561,17,17,17,17,17,17,17,17,17,17,17,37,32,29,28,28,28,28,25,14,15,12,12,13,13,14,14,0.799536872,0.799536872,0.8084449,0.817352928,0.839358054,0.86136318,0.862625976,0.863888772,0.87043751,0.862904439,0.871201491,0.857654086,0.856947362,0.844146288,0.80421084,0.786782987,0.801811665,0.801215566,0.804363903,0.804438405,0.814227817,0.809773,0.81501068,0.822464051,0.824976496,0.818931305,0.826362385,20,20,20,16,13,10,10,9,6,8,6,8,8,11,19,20,17,18,18,20,18,17,17,16,15,15,15,0.565570824,0.562867911,0.578977388,0.612628223,0.615210576,0.64854813,0.648409965,0.675766939,0.678942578,0.687570154,0.690101211,0.711856942,0.738691347,0.724859582,0.73119215,0.731121089,0.72984406,0.713518665,0.714096917,0.753840122,0.733301229,0.715682457,0.715432784,0.735792559,0.725301015,0.718339156,0.720612612,20,21,20,14,14,6,7,6,5,5,5,9,6,9,5,10,10,10,12,7,8,8,9,6,7,8,8,0.394556592,0.386447853,0.425868257,0.517912732,0.503654665,0.581662202,0.57998491,0.660793036,0.663771216,0.697187015,0.642716697,0.635051546,0.690090835,0.655177846,0.710807277,0.697090052,0.676319309,0.628587013,0.609812701,0.676367398,0.626629831,0.603589244,0.600193701,0.663633649,0.636445989,0.634590553,0.633979842,30,30,28,22,24,18,20,14,13,13,13,16,14,16,12,15,17,22,28,18,23,28,27,18,20,20,20,,,,,,,,,,,,,,,,,,,,,,,,,,,,,,,,,,,,,,,,,,,,,,,,,,,,,,,,,,,,,,,,,,,,,,,,,,,,,,,,,,,,,,,,,,,,,,,,,,,,,,,,,,,,,,,,,,,,,,,,,,,,,,,,,,,,,,,,,,,,,,,,,,,,,,,,,,,,,,,,,,,,,,,,,,,,,,,,,,,,,,,,,,,,,,,,,,,,,,,,,,,,,,,,,,,,,,,,,,,,,,,,,,,,,,,,,,,,,,,,,,,,,,,,,,,,,,,,,,,,,,,,,,,,,,,,,,,,,,,,,,,,,,,,,,,,,,,,,,,,,,,,,,,,,,,,,,,,,,,,,,,,,,,,,,,,,,,,,,,,,,,,,,,,,,,,,,,,,,,,,,,,,,,,,,,,,,,,,,
IN,India,0.419928821,0.419928821,0.419928821,0.419928821,0.419928821,0.419928821,0.419928821,0.419928821,0.419928821,0.419928821,0.481080045,0.68824277,0.695886673,0.701392875,0.703271461,0.772325703,0.772131366,0.776925,0.786771384,0.170141619,0.170497903,0.24376277,0.272103511,0.299796465,0.333406054,0.39191889,0.39191889,93,93,93,93,93,93,93,93,93,93,64,32,29,26,24,22,22,20,18,185,183,177,168,153,137,113,113,0.426425401,0.426425401,0.428290084,0.430154767,0.437639314,0.44512386,0.421779609,0.398435358,0.398000423,0.405217059,0.429774148,0.435337735,0.418889941,0.419175369,0.401439748,0.398463458,0.391797213,0.390272981,0.393662389,0.406075969,0.416887824,0.426371411,0.44154162,0.438360258,0.444012669,0.444683835,0.450895777,120,120,120,119,116,112,120,128,125,125,107,108,122,122,128,132,130,132,132,125,120,118,113,113,111,113,108,0.354933458,0.355405161,0.35631344,0.357644157,0.360735601,0.363885668,0.356364022,0.349205901,0.34975285,0.352757174,0.381731053,0.453876691,0.452654757,0.456524699,0.453439463,0.479101088,0.480071026,0.482407686,0.487082067,0.287199226,0.292080724,0.320194279,0.335818645,0.34504592,0.361242686,0.385402757,0.389243162,106,105,106,105,101,97,103,109,110,112,90,60,58,58,58,53,53,53,54,152,150,138,128,123,117,103,104,0.218446153,0.21986126,0.220721416,0.222848884,0.224638669,0.226604323,0.227383635,0.229253522,0.231329306,0.233125644,0.234338966,0.238049567,0.243187658,0.249005853,0.25560718,0.266514102,0.2762845,0.280025076,0.280812428,0.285380088,0.288856445,0.290448657,0.293810802,0.296981038,0.306309334,0.319605546,0.32491482,89,87,87,82,82,84,89,90,95,101,101,106,108,110,110,102,95,97,102,104,105,109,109,110,107,99,98,,,,,,,,,,,,,,,,,,,,,,,,,,,,,,,,,,,,,,,,,,,,,,,,,,,,,,,,,,,,,,,,,,,,,,,,,,,,,,,,,,,,,,,,,,,,,,,,,,,,,,,,,,,,,,,,,,,,,,,,,,,,,,,,,,,,,,,,,,,,,,,,,,,,,,,,,,,,,,,,,,,,,,,,,,,,,,,,,,,,,,,,,,,,,,,,,,,,,,,,,,,,,,,,,,,,,,,,,,,,,,,,,,,,,,,,,,,,,,,,,,,,,,,,,,,,,,,,,,,,,,,,,,,,,,,,,,,,,,,,,,,,,,,,,,,,,,,,,,,,,,,,,,,,,,,,,,,,,,,,,,,,,,,,,,,,,,,,,,,,,,,,,,,,,,,,,,,,,,,,,,,,,,,,,,,,,,,,,,
ID,Indonesia,0.422843869,0.422843869,0.422843869,0.422843869,0.422843869,0.422843869,0.422843869,0.422843869,0.422843869,0.422843869,0.483995092,0.691157818,0.698801721,0.704307922,0.706186509,0.775240751,0.775046414,0.779840048,0.789686432,0.337594917,0.339765008,0.32742464,0.368850707,0.396252156,0.384153695,0.401037355,0.401037355,87,87,87,87,87,87,87,87,87,87,60,31,27,24,23,21,21,19,17,133,130,140,124,110,117,109,109,0.377268506,0.377268506,0.341972571,0.306676636,0.311849119,0.317021601,0.302129789,0.287237977,0.270645443,0.291513844,0.313571765,0.337793829,0.360830806,0.369711915,0.37308934,0.368176733,0.380790833,0.397399356,0.409609438,0.434225783,0.420378946,0.444004143,0.450397981,0.44785367,0.441135476,0.453261579,0.459521932,143,143,155,164,160,158,162,173,172,167,157,147,142,141,139,139,135,129,123,111,119,107,105,106,112,106,101,0.344760949,0.344902182,0.335555704,0.325089965,0.329045149,0.330826543,0.325741183,0.321213403,0.31414691,0.31961666,0.346245128,0.424042451,0.435786286,0.444696469,0.446401675,0.468112968,0.473730443,0.483682687,0.491260329,0.34898864,0.347338684,0.353229356,0.373004071,0.381708143,0.379705463,0.388193187,0.392072478,116,117,121,128,125,122,127,136,142,135,111,67,63,62,64,57,56,52,53,118,120,119,111,106,107,102,102,0.234170472,0.23459417,0.241850671,0.24574939,0.25244246,0.252614159,0.252249892,0.253558363,0.248951418,0.244492266,0.241168525,0.243175706,0.247726331,0.26006957,0.259929177,0.260921421,0.265354083,0.273808656,0.274485119,0.275145219,0.281872097,0.288259285,0.299763525,0.301018604,0.313827218,0.310280628,0.315658146,74,74,68,66,63,65,67,71,79,87,95,99,103,97,103,103,106,104,105,113,111,110,104,106,102,110,111,,,,,,,,,,,,,,,,,,,,,,,,,,,,,,,,,,,,,,,,,,,,,,,,,,,,,,,,,,,,,,,,,,,,,,,,,,,,,,,,,,,,,,,,,,,,,,,,,,,,,,,,,,,,,,,,,,,,,,,,,,,,,,,,,,,,,,,,,,,,,,,,,,,,,,,,,,,,,,,,,,,,,,,,,,,,,,,,,,,,,,,,,,,,,,,,,,,,,,,,,,,,,,,,,,,,,,,,,,,,,,,,,,,,,,,,,,,,,,,,,,,,,,,,,,,,,,,,,,,,,,,,,,,,,,,,,,,,,,,,,,,,,,,,,,,,,,,,,,,,,,,,,,,,,,,,,,,,,,,,,,,,,,,,,,,,,,,,,,,,,,,,,,,,,,,,,,,,,,,,,,,,,,,,,,,,,,,,,,
IRN,Iran,0.428090955,0.428090955,0.428090955,0.428090955,0.428090955,0.428090955,0.428090955,0.428090955,0.428090955,0.428090955,0.416819437,0.3413197,0.339538282,0.335360047,0.329044111,0.33853421,0.337724475,0.330112961,0.335683941,0.359295828,0.362567159,0.417499615,0.412641202,0.384721522,0.405193828,0.394303223,0.394303223,84,84,84,84,84,84,84,84,84,84,88,115,118,123,131,121,123,126,129,120,119,103,105,120,108,112,112,0.343904162,0.343904162,0.337946461,0.331988761,0.336640425,0.34129209,0.3460497,0.35080731,0.356560255,0.352681795,0.34035996,0.310590321,0.300580657,0.290689031,0.254561972,0.24244164,0.267538875,0.283658678,0.285772813,0.304717222,0.316819783,0.331392989,0.321942984,0.286375472,0.260758173,0.251209141,0.242546251,155,155,157,158,154,151,151,149,141,145,149,162,166,166,180,181,171,170,170,167,164,159,164,171,176,176,177,0.31654761,0.317575601,0.315875835,0.314550933,0.317734917,0.321139411,0.326537455,0.330961678,0.337679273,0.345458642,0.349485597,0.327438212,0.353108835,0.378917978,0.347464829,0.344216262,0.358342649,0.360985901,0.369893317,0.401317296,0.412577216,0.437478646,0.434997384,0.396219493,0.39078094,0.382530191,0.380676903,133,133,134,135,131,131,125,125,122,119,108,119,111,98,115,118,111,110,108,94,88,79,79,100,102,105,106,0.177647715,0.180731686,0.181590088,0.183573083,0.188473371,0.194035189,0.205471711,0.213986771,0.228386609,0.255603177,0.291277395,0.330404613,0.419207565,0.510704856,0.458788403,0.451672936,0.469764596,0.469186063,0.488223197,0.539938838,0.558344705,0.563543335,0.570407967,0.517561484,0.506390819,0.502078208,0.505181235,128,128,128,124,123,119,115,108,99,76,64,54,47,32,42,47,42,45,43,32,30,30,30,39,40,41,40,,,,,,,,,,,,,,,,,,,,,,,,,,,,,,,,,,,,,,,,,,,,,,,,,,,,,,,,,,,,,,,,,,,,,,,,,,,,,,,,,,,,,,,,,,,,,,,,,,,,,,,,,,,,,,,,,,,,,,,,,,,,,,,,,,,,,,,,,,,,,,,,,,,,,,,,,,,,,,,,,,,,,,,,,,,,,,,,,,,,,,,,,,,,,,,,,,,,,,,,,,,,,,,,,,,,,,,,,,,,,,,,,,,,,,,,,,,,,,,,,,,,,,,,,,,,,,,,,,,,,,,,,,,,,,,,,,,,,,,,,,,,,,,,,,,,,,,,,,,,,,,,,,,,,,,,,,,,,,,,,,,,,,,,,,,,,,,,,,,,,,,,,,,,,,,,,,,,,,,,,,,,,,,,,,,,,,,,,,
IQ,Iraq,0.46180834,0.46180834,0.46180834,0.46180834,0.46180834,0.46180834,0.46180834,0.46180834,0.46180834,0.46180834,0.373061331,0.346502007,0.337303412,0.329173668,0.311974887,0.318744275,0.305561782,0.300994873,0.31514905,0.35139281,0.326712072,0.385174974,0.415426692,0.414131115,0.405784935,0.395796511,0.395796511,53,53,53,53,53,53,53,53,53,53,124,114,120,128,143,131,135,140,136,125,134,118,103,106,106,111,111,0.148555453,0.148555453,0.158874555,0.169193658,0.168168294,0.16714293,0.173630561,0.180118193,0.17731848,0.108391502,0.146804386,0.145585795,0.143131744,0.168352122,0.198962171,0.192690447,0.223971186,0.213645845,0.207321533,0.189850289,0.191761246,0.184545917,0.181878806,0.170770173,0.171465109,0.167871637,0.187081627,189,189,189,189,190,190,190,190,191,191,191,191,190,190,187,187,186,188,186,187,184,185,186,186,186,186,185,0.284995102,0.284798509,0.288355013,0.291905867,0.291687125,0.291706024,0.294180501,0.296931539,0.297042922,0.275218654,0.258968194,0.252425674,0.250265476,0.256399409,0.260570379,0.260541703,0.267121329,0.262614942,0.266287566,0.274018335,0.267485563,0.287359754,0.299962992,0.297629681,0.297884947,0.293770849,0.300762104,166,167,166,162,162,160,158,158,157,176,180,172,175,172,169,168,166,167,165,166,167,162,157,155,153,156,155,0.244621513,0.244031733,0.244382142,0.244715602,0.245084741,0.246166802,0.247102602,0.248868084,0.252001945,0.255456121,0.257038863,0.26518922,0.270361271,0.271672437,0.27077408,0.270190387,0.27183102,0.273204108,0.276392115,0.280811905,0.28398337,0.29235837,0.302583479,0.307987755,0.316404797,0.317644399,0.319408174,63,63,64,67,67,71,73,75,74,77,81,86,87,91,93,97,100,105,104,107,109,108,102,102,96,102,102,,,,,,,,,,,,,,,,,,,,,,,,,,,,,,,,,,,,,,,,,,,,,,,,,,,,,,,,,,,,,,,,,,,,,,,,,,,,,,,,,,,,,,,,,,,,,,,,,,,,,,,,,,,,,,,,,,,,,,,,,,,,,,,,,,,,,,,,,,,,,,,,,,,,,,,,,,,,,,,,,,,,,,,,,,,,,,,,,,,,,,,,,,,,,,,,,,,,,,,,,,,,,,,,,,,,,,,,,,,,,,,,,,,,,,,,,,,,,,,,,,,,,,,,,,,,,,,,,,,,,,,,,,,,,,,,,,,,,,,,,,,,,,,,,,,,,,,,,,,,,,,,,,,,,,,,,,,,,,,,,,,,,,,,,,,,,,,,,,,,,,,,,,,,,,,,,,,,,,,,,,,,,,,,,,,,,,,,,,
IE,Ireland,0.469873306,0.469873306,0.469873306,0.469873306,0.469873306,0.469873306,0.469873306,0.469873306,0.469873306,0.469873306,0.466893479,0.586345657,0.601730631,0.604645679,0.60124479,0.585568311,0.573649005,0.553146503,0.584726186,0.622848533,0.649828919,0.602410809,0.603965501,0.600078771,0.573128244,0.564364207,0.564364207,43,43,43,43,43,43,43,43,43,43,69,45,41,38,37,42,45,50,44,35,29,36,34,36,47,47,47,0.806828486,0.806828486,0.811085705,0.815342924,0.814548104,0.813753283,0.811402196,0.80905111,0.792729927,0.777362458,0.800608498,0.826156006,0.830956706,0.831511302,0.817864309,0.809321365,0.797195221,0.788606615,0.797449716,0.818326873,0.815680082,0.795047914,0.782920851,0.787560604,0.77629702,0.780556752,0.786356011,19,19,19,17,18,19,20,20,18,20,19,16,15,16,17,17,18,20,20,18,17,20,21,20,21,20,19,0.514502864,0.518068613,0.522776353,0.528578052,0.534524201,0.539277354,0.540269447,0.541866872,0.539587888,0.537713433,0.54821151,0.602537061,0.613412317,0.612301974,0.607261406,0.602042336,0.59790992,0.589013907,0.60526786,0.627580584,0.637608922,0.615289511,0.610565803,0.612142772,0.596640625,0.5972228,0.599930575,29,29,28,28,26,26,26,27,26,26,26,22,21,21,25,27,27,27,26,24,22,25,25,24,25,26,27,0.266806799,0.277504046,0.287370047,0.300517927,0.319151195,0.334205472,0.339532839,0.346676201,0.356160432,0.365904535,0.377132554,0.39510952,0.407549614,0.400748942,0.40267512,0.411237331,0.422885533,0.425288603,0.433627678,0.441566345,0.447317765,0.44840981,0.444811056,0.448788941,0.440496612,0.446747441,0.449071506,56,55,53,49,45,46,47,50,48,49,46,49,48,52,52,52,52,53,49,49,50,50,51,50,56,52,52,,,,,,,,,,,,,,,,,,,,,,,,,,,,,,,,,,,,,,,,,,,,,,,,,,,,,,,,,,,,,,,,,,,,,,,,,,,,,,,,,,,,,,,,,,,,,,,,,,,,,,,,,,,,,,,,,,,,,,,,,,,,,,,,,,,,,,,,,,,,,,,,,,,,,,,,,,,,,,,,,,,,,,,,,,,,,,,,,,,,,,,,,,,,,,,,,,,,,,,,,,,,,,,,,,,,,,,,,,,,,,,,,,,,,,,,,,,,,,,,,,,,,,,,,,,,,,,,,,,,,,,,,,,,,,,,,,,,,,,,,,,,,,,,,,,,,,,,,,,,,,,,,,,,,,,,,,,,,,,,,,,,,,,,,,,,,,,,,,,,,,,,,,,,,,,,,,,,,,,,,,,,,,,,,,,,,,,,,,
IL,Israel,0.416430764,0.416430764,0.416430764,0.416430764,0.416430764,0.416430764,0.416430764,0.416430764,0.416430764,0.416430764,0.385077806,0.449953813,0.458407451,0.46125772,0.4545855,0.455524793,0.451346558,0.45063399,0.463589758,0.499218119,0.487752265,0.425823695,0.431038392,0.425208296,0.433419183,0.45597369,0.45597369,97,97,97,97,97,97,97,97,97,97,113,71,69,68,75,71,75,75,70,62,66,98,92,100,90,77,77,0.646918616,0.646918616,0.633804481,0.620690345,0.619541412,0.618392479,0.612263761,0.606135043,0.588781979,0.579863541,0.578177578,0.598667933,0.591410655,0.59528445,0.573898424,0.592453372,0.610676481,0.61124648,0.612033962,0.621224973,0.628732362,0.653052035,0.624043818,0.618057941,0.628680552,0.607008159,0.611853969,46,46,50,53,52,54,56,62,71,66,69,62,62,61,60,59,56,57,56,52,52,40,52,52,49,58,60,0.519409283,0.522146132,0.520707611,0.51912145,0.52076651,0.523073352,0.513477818,0.510180419,0.510690731,0.514040508,0.504181774,0.525262949,0.541105881,0.543869375,0.526972895,0.537305506,0.537175465,0.53550401,0.5319609,0.543464174,0.548152181,0.535293006,0.531833649,0.529238684,0.528157201,0.540684505,0.542475368,28,28,29,29,29,29,30,31,30,30,38,39,35,34,36,35,34,34,38,36,36,38,39,41,41,40,40,0.49487847,0.503089016,0.511887588,0.520243242,0.526327356,0.534396814,0.511738931,0.507975452,0.52685945,0.545827221,0.549289938,0.527167102,0.573499537,0.575065955,0.552434761,0.563938354,0.549503358,0.54463156,0.520258978,0.509949429,0.527971916,0.527003289,0.540418737,0.544449813,0.522371869,0.559071667,0.559598445,22,22,22,21,23,24,27,27,27,27,27,29,27,29,30,29,30,31,35,38,37,36,35,34,35,33,33,,,,,,,,,,,,,,,,,,,,,,,,,,,,,,,,,,,,,,,,,,,,,,,,,,,,,,,,,,,,,,,,,,,,,,,,,,,,,,,,,,,,,,,,,,,,,,,,,,,,,,,,,,,,,,,,,,,,,,,,,,,,,,,,,,,,,,,,,,,,,,,,,,,,,,,,,,,,,,,,,,,,,,,,,,,,,,,,,,,,,,,,,,,,,,,,,,,,,,,,,,,,,,,,,,,,,,,,,,,,,,,,,,,,,,,,,,,,,,,,,,,,,,,,,,,,,,,,,,,,,,,,,,,,,,,,,,,,,,,,,,,,,,,,,,,,,,,,,,,,,,,,,,,,,,,,,,,,,,,,,,,,,,,,,,,,,,,,,,,,,,,,,,,,,,,,,,,,,,,,,,,,,,,,,,,,,,,,,,
IT,Italy,0.367069289,0.367069289,0.367069289,0.367069289,0.367069289,0.367069289,0.367069289,0.367069289,0.367069289,0.367069289,0.390551618,0.402308977,0.407620842,0.400009328,0.398454636,0.39207392,0.386664887,0.374065403,0.383814619,0.440236987,0.453095586,0.423232542,0.409337481,0.433208483,0.41862987,0.405548256,0.405548256,144,144,144,144,144,144,144,144,144,144,106,89,88,93,96,93,98,101,104,90,84,99,107,93,101,106,106,0.667614601,0.667614601,0.661953934,0.656293268,0.659239964,0.66218666,0.655823575,0.649460491,0.634148604,0.617220771,0.62076192,0.61943028,0.609968069,0.611103316,0.595746301,0.605479043,0.6000169,0.591714141,0.587579672,0.574567106,0.572672819,0.578487419,0.578695107,0.579659874,0.5964118,0.587860149,0.598476078,41,41,42,44,42,40,42,44,50,53,55,53,56,56,58,56,58,58,58,62,65,64,64,65,61,63,61,0.474416035,0.474864999,0.474418384,0.473036624,0.477505491,0.493956877,0.495863587,0.496890312,0.495692113,0.49545733,0.508487034,0.516225903,0.517221328,0.511636307,0.507825636,0.509336875,0.505217015,0.495311241,0.495216281,0.510282419,0.515149721,0.509074986,0.504871934,0.519014655,0.522089188,0.52353121,0.52843544,33,33,33,34,34,33,33,33,37,36,35,42,40,40,43,44,48,50,51,47,45,43,47,44,44,47,47,0.388564216,0.389911108,0.394231929,0.395747316,0.406207221,0.452614681,0.464697896,0.474141157,0.485858447,0.502081931,0.514147565,0.526938452,0.534075073,0.523796278,0.529275971,0.530457661,0.528969259,0.520154178,0.514254553,0.516043166,0.519680758,0.525504998,0.526583215,0.544175609,0.551225895,0.577185224,0.581281985,31,29,31,33,33,31,32,31,30,29,29,30,31,31,31,31,31,34,37,36,39,38,38,35,32,31,31,,,,,,,,,,,,,,,,,,,,,,,,,,,,,,,,,,,,,,,,,,,,,,,,,,,,,,,,,,,,,,,,,,,,,,,,,,,,,,,,,,,,,,,,,,,,,,,,,,,,,,,,,,,,,,,,,,,,,,,,,,,,,,,,,,,,,,,,,,,,,,,,,,,,,,,,,,,,,,,,,,,,,,,,,,,,,,,,,,,,,,,,,,,,,,,,,,,,,,,,,,,,,,,,,,,,,,,,,,,,,,,,,,,,,,,,,,,,,,,,,,,,,,,,,,,,,,,,,,,,,,,,,,,,,,,,,,,,,,,,,,,,,,,,,,,,,,,,,,,,,,,,,,,,,,,,,,,,,,,,,,,,,,,,,,,,,,,,,,,,,,,,,,,,,,,,,,,,,,,,,,,,,,,,,,,,,,,,,,
JM,Jamaica,0.409143144,0.409143144,0.409143144,0.409143144,0.409143144,0.409143144,0.409143144,0.409143144,0.409143144,0.409143144,0.377822576,0.329465173,0.331635264,0.329497562,0.338922883,0.315246218,0.320914366,0.314501261,0.347441301,0.377304345,0.355571045,0.399588266,0.410341553,0.414487399,0.405516036,0.426975038,0.426975038,103,103,103,103,103,103,103,103,103,103,121,124,125,127,122,134,132,133,124,115,123,112,106,105,107,90,90,0.511352611,0.511352611,0.511924281,0.512495951,0.507074822,0.501653692,0.480109061,0.458564431,0.446644691,0.451960483,0.457653262,0.463000084,0.467860297,0.467413878,0.459116017,0.458775609,0.482615661,0.48262134,0.485984674,0.476532497,0.484696742,0.502594662,0.502209379,0.506146273,0.504838704,0.504442506,0.511562197,88,88,88,90,91,92,100,103,108,101,97,91,88,90,95,95,89,89,88,93,85,84,80,80,82,83,82,0.369807124,0.369436899,0.369151387,0.368042159,0.364862573,0.350272548,0.327387056,0.35473913,0.3545922,0.359219292,0.34977034,0.338016984,0.340873628,0.342972723,0.343817915,0.337842805,0.350243418,0.349449112,0.361136189,0.370276098,0.363378142,0.387043185,0.39097989,0.399305157,0.395285469,0.404488809,0.407936091,85,86,86,92,98,111,124,106,108,104,107,114,114,115,118,125,120,121,112,109,110,105,101,99,101,98,98,0.188925617,0.18781494,0.186386737,0.182487383,0.178369753,0.140020809,0.092908961,0.196509815,0.207988763,0.21655425,0.213835181,0.221585693,0.223125322,0.23200673,0.233414845,0.239506589,0.247200227,0.251224736,0.249982593,0.256991454,0.249866638,0.258946628,0.260388737,0.277281801,0.275501666,0.282048883,0.285271039,115,117,118,126,131,162,190,122,118,112,121,118,124,121,126,129,124,124,128,127,133,131,130,125,129,128,130,,,,,,,,,,,,,,,,,,,,,,,,,,,,,,,,,,,,,,,,,,,,,,,,,,,,,,,,,,,,,,,,,,,,,,,,,,,,,,,,,,,,,,,,,,,,,,,,,,,,,,,,,,,,,,,,,,,,,,,,,,,,,,,,,,,,,,,,,,,,,,,,,,,,,,,,,,,,,,,,,,,,,,,,,,,,,,,,,,,,,,,,,,,,,,,,,,,,,,,,,,,,,,,,,,,,,,,,,,,,,,,,,,,,,,,,,,,,,,,,,,,,,,,,,,,,,,,,,,,,,,,,,,,,,,,,,,,,,,,,,,,,,,,,,,,,,,,,,,,,,,,,,,,,,,,,,,,,,,,,,,,,,,,,,,,,,,,,,,,,,,,,,,,,,,,,,,,,,,,,,,,,,,,,,,,,,,,,,,
JP,Japan,0.486683414,0.486683414,0.486683414,0.486683414,0.486683414,0.486683414,0.486683414,0.486683414,0.486683414,0.486683414,0.547834638,0.754997364,0.762641266,0.768147468,0.770026054,0.839080296,0.838885959,0.843679593,0.853525977,0.698445437,0.683190021,0.633828546,0.643221478,0.641148555,0.633606543,0.625261376,0.625261376,34,34,34,34,34,34,34,34,34,34,28,15,14,12,11,11,11,11,11,22,23,22,22,24,25,30,30,0.725109052,0.725109052,0.717954615,0.710800177,0.719005829,0.727211481,0.707380981,0.68755048,0.723755243,0.73292941,0.738756578,0.755848852,0.737090221,0.737091621,0.74039021,0.744466667,0.751555533,0.758738279,0.766206437,0.775849217,0.772426811,0.771742618,0.781837186,0.770337525,0.771492937,0.774329004,0.782060956,29,29,32,31,32,31,33,36,29,26,27,22,27,26,25,27,23,23,23,22,22,22,22,22,22,21,20,0.577083092,0.579941175,0.580535478,0.580407697,0.586438324,0.592474652,0.589588415,0.586817501,0.601309595,0.609074876,0.633824553,0.710223254,0.708390805,0.711318409,0.716510601,0.741788498,0.74524374,0.750051799,0.758480779,0.710859268,0.705541009,0.689804872,0.696342768,0.691629921,0.690887569,0.688942074,0.690355888,18,18,19,20,18,19,20,20,19,19,13,10,10,10,9,9,9,7,6,16,16,16,15,14,15,13,13,0.51945681,0.528031059,0.536968406,0.5437395,0.553625729,0.563529059,0.574700851,0.586218608,0.593490129,0.607611803,0.614882444,0.619823547,0.625440926,0.628716137,0.63911554,0.64181853,0.645289728,0.647737525,0.655709922,0.658283149,0.661006194,0.663843452,0.663969641,0.663403682,0.667563226,0.667235844,0.663745333,19,19,18,17,21,21,21,22,21,19,19,18,20,21,19,21,22,20,20,20,18,18,18,19,17,16,18,,,,,,,,,,,,,,,,,,,,,,,,,,,,,,,,,,,,,,,,,,,,,,,,,,,,,,,,,,,,,,,,,,,,,,,,,,,,,,,,,,,,,,,,,,,,,,,,,,,,,,,,,,,,,,,,,,,,,,,,,,,,,,,,,,,,,,,,,,,,,,,,,,,,,,,,,,,,,,,,,,,,,,,,,,,,,,,,,,,,,,,,,,,,,,,,,,,,,,,,,,,,,,,,,,,,,,,,,,,,,,,,,,,,,,,,,,,,,,,,,,,,,,,,,,,,,,,,,,,,,,,,,,,,,,,,,,,,,,,,,,,,,,,,,,,,,,,,,,,,,,,,,,,,,,,,,,,,,,,,,,,,,,,,,,,,,,,,,,,,,,,,,,,,,,,,,,,,,,,,,,,,,,,,,,,,,,,,,,
JO,Jordan,0.322080385,0.322080385,0.322080385,0.322080385,0.322080385,0.322080385,0.322080385,0.322080385,0.322080385,0.322080385,0.327197914,0.330825529,0.35194343,0.361465919,0.356218833,0.374875139,0.376948062,0.390260113,0.393887728,0.422001744,0.423977498,0.399653045,0.392365425,0.384753912,0.372328689,0.380512753,0.380512753,174,174,174,174,174,174,174,174,174,174,159,122,111,109,112,101,104,98,98,97,96,111,115,119,123,118,118,0.51301617,0.51301617,0.528229961,0.543443751,0.540179993,0.536916234,0.510048227,0.483180219,0.543552616,0.537968796,0.531174572,0.516500268,0.539198776,0.544299192,0.520971677,0.509486096,0.511021757,0.512368882,0.506529973,0.514598273,0.518851976,0.513934625,0.514734466,0.508667202,0.506973683,0.51812012,0.511130655,87,87,86,82,81,82,89,97,77,77,80,80,75,71,77,78,79,77,77,76,74,80,76,79,81,80,83,0.357387892,0.35849566,0.365283655,0.370548738,0.369632102,0.368912089,0.359287446,0.348379751,0.373398897,0.378370264,0.383101313,0.383565889,0.400160989,0.408034483,0.399438547,0.397890157,0.399841407,0.40854105,0.406852215,0.418849881,0.421199553,0.410373288,0.407653835,0.405150923,0.400715944,0.409608967,0.409060606,101,99,94,87,89,93,100,112,90,83,88,87,82,81,86,89,91,88,88,85,82,91,94,96,99,96,96,0.23706712,0.240390424,0.24554062,0.246122078,0.246635928,0.247739647,0.245733726,0.239878647,0.25456369,0.27506161,0.290931454,0.303371871,0.309340761,0.318338338,0.321125129,0.309309235,0.311554404,0.322994155,0.320138945,0.319949625,0.320769184,0.317532194,0.315861614,0.322031655,0.322845458,0.330194028,0.335538409,72,68,63,65,65,69,74,82,72,68,65,64,68,65,68,77,77,74,79,85,88,87,92,93,93,91,90,,,,,,,,,,,,,,,,,,,,,,,,,,,,,,,,,,,,,,,,,,,,,,,,,,,,,,,,,,,,,,,,,,,,,,,,,,,,,,,,,,,,,,,,,,,,,,,,,,,,,,,,,,,,,,,,,,,,,,,,,,,,,,,,,,,,,,,,,,,,,,,,,,,,,,,,,,,,,,,,,,,,,,,,,,,,,,,,,,,,,,,,,,,,,,,,,,,,,,,,,,,,,,,,,,,,,,,,,,,,,,,,,,,,,,,,,,,,,,,,,,,,,,,,,,,,,,,,,,,,,,,,,,,,,,,,,,,,,,,,,,,,,,,,,,,,,,,,,,,,,,,,,,,,,,,,,,,,,,,,,,,,,,,,,,,,,,,,,,,,,,,,,,,,,,,,,,,,,,,,,,,,,,,,,,,,,,,,,,
KZ,Kazakhstan,0.422843869,0.422843869,0.422843869,0.422843869,0.422843869,0.422843869,0.422843869,0.422843869,0.422843869,0.422843869,0.421192008,0.355992107,0.36198415,0.360947688,0.389061704,0.390389671,0.413321379,0.430358214,0.457079485,0.500384139,0.506602907,0.589357873,0.620095432,0.607269222,0.608667703,0.609763207,0.609763207,87,87,87,87,87,87,87,87,87,87,87,110,107,110,98,94,84,82,74,61,58,41,30,33,33,34,34,0.346433803,0.346433803,0.359977667,0.373521532,0.36331713,0.353112727,0.356642011,0.360171294,0.384641498,0.362893047,0.391286657,0.382783444,0.404947615,0.412677387,0.433219704,0.418935484,0.387149248,0.374346946,0.377591232,0.414505565,0.423749942,0.42395854,0.441600042,0.454616874,0.461625715,0.45488386,0.45814599,154,154,149,140,143,146,147,145,132,141,132,136,130,128,109,118,133,136,136,121,117,120,112,103,99,105,102,0.36072061,0.358373145,0.366473139,0.372853744,0.372099488,0.374886098,0.385035119,0.391916014,0.40663111,0.407203808,0.420267795,0.393943934,0.408191129,0.408484112,0.425595378,0.427158059,0.423149151,0.433623605,0.44805075,0.472226446,0.466036297,0.487961617,0.507659224,0.503790681,0.511376391,0.515337655,0.517561576,97,100,90,84,86,84,79,74,69,67,65,80,79,79,77,76,76,73,71,58,64,57,46,50,49,50,51,0.312884159,0.305841764,0.316597881,0.322195833,0.330137467,0.348701698,0.375619478,0.392732881,0.412407963,0.435874509,0.44832472,0.443056251,0.457641621,0.451827262,0.454504724,0.472149022,0.468976826,0.496165654,0.509481533,0.501789634,0.467756042,0.450568437,0.461282199,0.449485946,0.463835754,0.481365896,0.484775531,43,47,45,44,43,43,40,38,37,37,35,38,36,43,44,41,43,38,38,39,45,49,46,49,49,46,46,,,,,,,,,,,,,,,,,,,,,,,,,,,,,,,,,,,,,,,,,,,,,,,,,,,,,,,,,,,,,,,,,,,,,,,,,,,,,,,,,,,,,,,,,,,,,,,,,,,,,,,,,,,,,,,,,,,,,,,,,,,,,,,,,,,,,,,,,,,,,,,,,,,,,,,,,,,,,,,,,,,,,,,,,,,,,,,,,,,,,,,,,,,,,,,,,,,,,,,,,,,,,,,,,,,,,,,,,,,,,,,,,,,,,,,,,,,,,,,,,,,,,,,,,,,,,,,,,,,,,,,,,,,,,,,,,,,,,,,,,,,,,,,,,,,,,,,,,,,,,,,,,,,,,,,,,,,,,,,,,,,,,,,,,,,,,,,,,,,,,,,,,,,,,,,,,,,,,,,,,,,,,,,,,,,,,,,,,,
KE,Kenya,0.377952134,0.377952134,0.377952134,0.377952134,0.377952134,0.377952134,0.377952134,0.377952134,0.377952134,0.377952134,0.358583261,0.298598056,0.299569739,0.306857358,0.313561968,0.258597124,0.237446833,0.224847349,0.229187531,0.242661529,0.23647515,0.284702996,0.313205684,0.322242332,0.327670765,0.33678923,0.33678923,134,134,134,134,134,134,134,134,134,134,136,144,144,140,142,152,162,167,165,165,168,163,146,143,141,133,133,0.341633172,0.341633172,0.337270898,0.332908625,0.32927132,0.325634015,0.331384794,0.337135573,0.330755427,0.347740195,0.332652687,0.344741549,0.326331458,0.317983904,0.320262685,0.346071641,0.336473393,0.325532248,0.34117086,0.355574198,0.349460108,0.353802613,0.365325334,0.370053669,0.371749101,0.357854046,0.373076693,156,156,159,156,156,155,155,156,159,150,151,145,155,162,159,151,153,156,152,152,153,148,141,142,141,145,140,0.290759916,0.290763085,0.289405715,0.28755223,0.285852208,0.28422748,0.285903087,0.287630365,0.285509119,0.291076702,0.279706323,0.264725194,0.260196579,0.261505657,0.265282088,0.257578169,0.248667867,0.241508749,0.249181522,0.259715593,0.256133088,0.274899293,0.288525548,0.293951478,0.2970141,0.296439544,0.302249307,162,162,164,165,168,169,169,167,165,162,162,164,170,168,166,170,174,178,175,172,174,168,161,157,155,155,152,0.152694442,0.152703951,0.152994113,0.151795932,0.15033317,0.149096291,0.148372333,0.147803389,0.147819795,0.147537778,0.147883022,0.150835977,0.154688541,0.159675708,0.162021609,0.168065742,0.172083375,0.174146652,0.177186174,0.180911053,0.182464006,0.186192272,0.187045626,0.189558433,0.191622435,0.194675356,0.196881997,147,146,148,151,152,154,157,165,168,171,172,172,173,171,175,172,171,171,172,172,174,174,174,175,175,175,176,,,,,,,,,,,,,,,,,,,,,,,,,,,,,,,,,,,,,,,,,,,,,,,,,,,,,,,,,,,,,,,,,,,,,,,,,,,,,,,,,,,,,,,,,,,,,,,,,,,,,,,,,,,,,,,,,,,,,,,,,,,,,,,,,,,,,,,,,,,,,,,,,,,,,,,,,,,,,,,,,,,,,,,,,,,,,,,,,,,,,,,,,,,,,,,,,,,,,,,,,,,,,,,,,,,,,,,,,,,,,,,,,,,,,,,,,,,,,,,,,,,,,,,,,,,,,,,,,,,,,,,,,,,,,,,,,,,,,,,,,,,,,,,,,,,,,,,,,,,,,,,,,,,,,,,,,,,,,,,,,,,,,,,,,,,,,,,,,,,,,,,,,,,,,,,,,,,,,,,,,,,,,,,,,,,,,,,,,,
KI,Kiribati,0.39344353,0.39344353,0.39344353,0.39344353,0.39344353,0.39344353,0.39344353,0.39344353,0.39344353,0.39344353,0.388150174,0.419169983,0.42698046,0.422834615,0.422020252,0.373750763,0.364459627,0.36116516,0.367643044,0.380487762,0.37241817,0.335734839,0.335401691,0.324629895,0.316830793,0.306777927,0.306777927,116,116,116,116,116,116,116,116,116,116,109,81,82,83,84,103,107,108,113,112,115,136,136,141,144,148,148,0.609178448,0.609178448,0.610832574,0.6124867,0.611583223,0.610679746,0.610538158,0.610396571,0.610364078,0.598553483,0.566869676,0.559151563,0.553750036,0.523676682,0.501334238,0.497336365,0.501193777,0.502309432,0.50026484,0.501994464,0.499987746,0.529231329,0.552359251,0.55753837,0.583669872,0.600722652,0.589362345,62,62,57,57,56,59,58,60,61,62,71,72,73,77,83,83,83,82,81,81,81,72,71,70,65,60,64,0.501310989,0.501310989,0.502138052,0.502965115,0.502513377,0.502061638,0.501990844,0.50192005,0.501903804,0.495998507,0.477509925,0.489160773,0.490365248,0.473255648,0.461677245,0.435543564,0.432826702,0.431737296,0.433953942,0.441241113,0.436202958,0.432483084,0.443880471,0.441084133,0.450250333,0.453750289,0.448070136,30,30,30,30,31,31,32,32,32,35,46,49,49,52,56,70,71,75,77,73,76,81,75,77,77,77,79,NA,NA,NA,NA,NA,NA,NA,NA,NA,NA,NA,NA,NA,NA,NA,NA,NA,NA,NA,NA,NA,NA,NA,NA,NA,NA,NA,NA,NA,NA,NA,NA,NA,NA,NA,NA,NA,NA,NA,NA,NA,NA,NA,NA,NA,NA,NA,NA,NA,NA,NA,NA,NA,NA,,,,,,,,,,,,,,,,,,,,,,,,,,,,,,,,,,,,,,,,,,,,,,,,,,,,,,,,,,,,,,,,,,,,,,,,,,,,,,,,,,,,,,,,,,,,,,,,,,,,,,,,,,,,,,,,,,,,,,,,,,,,,,,,,,,,,,,,,,,,,,,,,,,,,,,,,,,,,,,,,,,,,,,,,,,,,,,,,,,,,,,,,,,,,,,,,,,,,,,,,,,,,,,,,,,,,,,,,,,,,,,,,,,,,,,,,,,,,,,,,,,,,,,,,,,,,,,,,,,,,,,,,,,,,,,,,,,,,,,,,,,,,,,,,,,,,,,,,,,,,,,,,,,,,,,,,,,,,,,,,,,,,,,,,,,,,,,,,,,,,,,,,,,,,,,,,,,,,,,,,,,,,,,,,,,,,,,,,,
PRK,North Korea,NA,NA,NA,NA,NA,NA,NA,NA,NA,NA,NA,NA,NA,NA,NA,NA,NA,NA,NA,NA,NA,NA,NA,NA,NA,NA,NA,NA,NA,NA,NA,NA,NA,NA,NA,NA,NA,NA,NA,NA,NA,NA,NA,NA,NA,NA,NA,NA,NA,NA,NA,NA,NA,NA,0.236938388,0.236938388,0.243610692,0.250282996,0.259090606,0.267898216,0.280635373,0.293372531,0.26972179,0.257102603,0.260339755,0.236785961,0.261742769,0.268509183,0.242339702,0.226628155,0.22600271,0.235999273,0.21615331,0.190560278,0.184429316,0.192070735,0.194872889,0.199583944,0.196941294,0.192370647,0.195267963,182,182,180,177,177,175,172,164,174,174,174,180,178,178,182,185,185,183,185,186,188,183,184,184,184,184,184,0.360219537,0.360212929,0.363543048,0.36687374,0.371272596,0.375672018,0.382484416,0.388916569,0.37716306,0.370869471,0.372480345,0.3606967,0.373385212,0.376761904,0.363741443,0.355953585,0.355914451,0.360989378,0.351155804,0.338100726,0.334831406,0.338521813,0.339630731,0.341710069,0.340580957,0.339967263,0.341387142,98,97,97,93,88,83,82,80,89,92,94,103,96,99,108,109,113,109,118,123,124,124,126,127,130,131,130,0.483500686,0.48348747,0.483475404,0.483464485,0.483454587,0.48344582,0.484333459,0.484460607,0.484604329,0.484636339,0.484620934,0.48460744,0.485027655,0.485014624,0.485143184,0.485279015,0.485826191,0.485979482,0.486158298,0.485641175,0.485233496,0.484972891,0.484388573,0.483836194,0.48422062,0.487563879,0.487506321,23,24,24,26,28,29,29,30,31,31,31,32,32,35,36,37,40,42,44,43,41,42,42,43,44,45,45,,,,,,,,,,,,,,,,,,,,,,,,,,,,,,,,,,,,,,,,,,,,,,,,,,,,,,,,,,,,,,,,,,,,,,,,,,,,,,,,,,,,,,,,,,,,,,,,,,,,,,,,,,,,,,,,,,,,,,,,,,,,,,,,,,,,,,,,,,,,,,,,,,,,,,,,,,,,,,,,,,,,,,,,,,,,,,,,,,,,,,,,,,,,,,,,,,,,,,,,,,,,,,,,,,,,,,,,,,,,,,,,,,,,,,,,,,,,,,,,,,,,,,,,,,,,,,,,,,,,,,,,,,,,,,,,,,,,,,,,,,,,,,,,,,,,,,,,,,,,,,,,,,,,,,,,,,,,,,,,,,,,,,,,,,,,,,,,,,,,,,,,,,,,,,,,,,,,,,,,,,,,,,,,,,,,,,,,,,
KR,South Korea,0.484448544,0.484448544,0.484448544,0.484448544,0.484448544,0.484448544,0.484448544,0.484448544,0.484448544,0.484448544,0.486132794,0.578896091,0.59178708,0.606232761,0.602831872,0.692906847,0.691514102,0.711433595,0.739353274,0.785378639,0.77971049,0.714866873,0.71506121,0.710721027,0.701882258,0.695953645,0.695953645,36,36,36,36,36,36,36,36,36,36,58,48,43,37,36,29,29,27,23,13,13,14,14,14,15,15,15,0.609793306,0.609793306,0.602551787,0.595310268,0.599464098,0.603617928,0.613381462,0.623144996,0.619037491,0.626389155,0.64480551,0.614523169,0.654499023,0.622964558,0.639409292,0.63571321,0.646714742,0.633392625,0.64294233,0.641867424,0.630824729,0.646786824,0.657636455,0.679013318,0.679255174,0.677208844,0.684137194,60,60,62,65,63,63,55,54,55,49,46,55,45,55,49,52,49,51,50,46,50,44,40,34,34,35,34,0.53885186,0.543766154,0.55456169,0.552808034,0.567624171,0.582440018,0.595193088,0.603508215,0.60593418,0.61284789,0.623166005,0.650458968,0.67260186,0.670161191,0.676305693,0.705757418,0.708180304,0.708326856,0.719940347,0.735072814,0.730116863,0.714483443,0.719139501,0.725929558,0.7250254,0.725657692,0.728628643,23,24,22,22,22,22,18,18,18,18,16,18,17,18,16,13,13,12,10,9,9,9,8,8,8,7,6,0.52231373,0.537056612,0.576684739,0.578665291,0.61895987,0.659253581,0.687749257,0.702931105,0.714316505,0.727705969,0.738559711,0.757957643,0.771519479,0.781286254,0.786675916,0.788652196,0.78631207,0.780154349,0.777525437,0.777972377,0.77981537,0.781796631,0.784720837,0.788054329,0.793938768,0.803810587,0.805795088,17,17,13,12,13,9,8,8,8,9,8,9,9,9,8,9,9,8,7,8,7,8,8,7,8,8,8,,,,,,,,,,,,,,,,,,,,,,,,,,,,,,,,,,,,,,,,,,,,,,,,,,,,,,,,,,,,,,,,,,,,,,,,,,,,,,,,,,,,,,,,,,,,,,,,,,,,,,,,,,,,,,,,,,,,,,,,,,,,,,,,,,,,,,,,,,,,,,,,,,,,,,,,,,,,,,,,,,,,,,,,,,,,,,,,,,,,,,,,,,,,,,,,,,,,,,,,,,,,,,,,,,,,,,,,,,,,,,,,,,,,,,,,,,,,,,,,,,,,,,,,,,,,,,,,,,,,,,,,,,,,,,,,,,,,,,,,,,,,,,,,,,,,,,,,,,,,,,,,,,,,,,,,,,,,,,,,,,,,,,,,,,,,,,,,,,,,,,,,,,,,,,,,,,,,,,,,,,,,,,,,,,,,,,,,,,
KW,Kuwait,0.417110942,0.417110942,0.417110942,0.417110942,0.417110942,0.417110942,0.417110942,0.417110942,0.417110942,0.417110942,0.402082251,0.417855898,0.427605113,0.421224398,0.412997485,0.415556249,0.402956765,0.4199936,0.435216627,0.460059312,0.432398747,0.44117628,0.42391272,0.444965842,0.458776893,0.545611745,0.545611745,95,95,95,95,95,95,95,95,95,95,100,83,81,84,87,86,88,86,84,82,93,90,98,82,77,51,51,0.581999546,0.581999546,0.581458398,0.58091725,0.586236199,0.591555147,0.594623554,0.597691962,0.604513588,0.613846622,0.591070021,0.585012792,0.591744032,0.584603871,0.570928373,0.575359593,0.550705398,0.515397157,0.512161296,0.48827017,0.470947195,0.481578493,0.482504876,0.500925166,0.516091008,0.539324016,0.534554913,69,69,69,70,69,65,67,66,65,56,66,66,61,63,62,62,66,75,73,86,92,90,90,82,80,74,76,0.375426305,0.378777741,0.379192088,0.379149498,0.38144083,0.383832349,0.386751192,0.38977578,0.394768353,0.397853316,0.388444693,0.393524361,0.403909561,0.403488537,0.401349853,0.408765664,0.399690671,0.396999792,0.404530608,0.407971766,0.396865766,0.406539346,0.402495231,0.414206054,0.424493225,0.46529828,0.463856449,80,78,75,79,77,76,78,76,74,71,85,81,80,86,84,87,92,94,89,90,95,93,96,91,89,71,73,0.127168428,0.137222737,0.139006926,0.139420302,0.14097535,0.142830959,0.148519079,0.154524436,0.16268053,0.162602385,0.172181808,0.177704393,0.192379539,0.204637342,0.2201237,0.23538115,0.24540985,0.255608618,0.266213901,0.275585816,0.287251356,0.296863266,0.301068098,0.296727155,0.298611776,0.31095908,0.311402688,166,161,158,160,159,159,156,159,153,161,157,153,147,146,137,131,127,121,118,112,108,103,103,111,111,108,113,,,,,,,,,,,,,,,,,,,,,,,,,,,,,,,,,,,,,,,,,,,,,,,,,,,,,,,,,,,,,,,,,,,,,,,,,,,,,,,,,,,,,,,,,,,,,,,,,,,,,,,,,,,,,,,,,,,,,,,,,,,,,,,,,,,,,,,,,,,,,,,,,,,,,,,,,,,,,,,,,,,,,,,,,,,,,,,,,,,,,,,,,,,,,,,,,,,,,,,,,,,,,,,,,,,,,,,,,,,,,,,,,,,,,,,,,,,,,,,,,,,,,,,,,,,,,,,,,,,,,,,,,,,,,,,,,,,,,,,,,,,,,,,,,,,,,,,,,,,,,,,,,,,,,,,,,,,,,,,,,,,,,,,,,,,,,,,,,,,,,,,,,,,,,,,,,,,,,,,,,,,,,,,,,,,,,,,,,,
KG,Kyrgyzstan,0.444123717,0.444123717,0.444123717,0.444123717,0.444123717,0.444123717,0.444123717,0.444123717,0.444123717,0.444123717,0.450245317,0.300347085,0.300379474,0.309610459,0.352072988,0.352947502,0.393175161,0.355992107,0.378567533,0.427086883,0.415232355,0.492124837,0.477808713,0.476610305,0.473823971,0.488677725,0.488677725,68,68,68,68,68,68,68,68,68,68,75,143,143,139,115,112,93,117,106,96,100,62,68,68,69,66,66,0.387146873,0.387146873,0.386438578,0.385730284,0.383008089,0.380285894,0.372950331,0.365614768,0.338082724,0.329936117,0.273725905,0.269200591,0.297616376,0.321670029,0.318107604,0.314621994,0.314310433,0.324026412,0.325273614,0.334392029,0.323931061,0.343753391,0.362102205,0.362906354,0.376755712,0.353426114,0.337868122,140,140,138,136,136,135,139,140,152,157,169,175,167,161,161,163,160,157,161,158,161,155,145,146,139,149,155,0.360119136,0.361404294,0.364493326,0.362954366,0.362848937,0.371448375,0.373288885,0.374885666,0.372548173,0.359700249,0.335752548,0.28716791,0.312615399,0.313420103,0.327663878,0.325283314,0.341386293,0.333098843,0.343987284,0.364812634,0.357519205,0.388509891,0.393998652,0.392656543,0.396861602,0.396211804,0.396104856,99,96,95,100,100,91,90,88,92,102,121,148,129,130,126,129,124,127,122,111,113,103,100,102,100,101,100,0.249086816,0.252942291,0.262917682,0.259009096,0.261415005,0.289935513,0.302792606,0.314918513,0.335438077,0.305040912,0.28328642,0.291956054,0.339850346,0.308979821,0.312811041,0.308280446,0.316673286,0.31927801,0.328120706,0.332958991,0.3333942,0.329651445,0.342085036,0.338452971,0.340005124,0.346531572,0.361768721,61,61,60,61,61,56,55,53,53,57,70,70,55,73,71,78,74,77,75,74,79,82,81,83,82,83,79,,,,,,,,,,,,,,,,,,,,,,,,,,,,,,,,,,,,,,,,,,,,,,,,,,,,,,,,,,,,,,,,,,,,,,,,,,,,,,,,,,,,,,,,,,,,,,,,,,,,,,,,,,,,,,,,,,,,,,,,,,,,,,,,,,,,,,,,,,,,,,,,,,,,,,,,,,,,,,,,,,,,,,,,,,,,,,,,,,,,,,,,,,,,,,,,,,,,,,,,,,,,,,,,,,,,,,,,,,,,,,,,,,,,,,,,,,,,,,,,,,,,,,,,,,,,,,,,,,,,,,,,,,,,,,,,,,,,,,,,,,,,,,,,,,,,,,,,,,,,,,,,,,,,,,,,,,,,,,,,,,,,,,,,,,,,,,,,,,,,,,,,,,,,,,,,,,,,,,,,,,,,,,,,,,,,,,,,,,
LA,Laos,0.339806652,0.339806652,0.339806652,0.339806652,0.339806652,0.339806652,0.339806652,0.339806652,0.339806652,0.339806652,0.316893451,0.282431109,0.294905663,0.298940459,0.29609019,0.243267674,0.254150519,0.260517353,0.261405749,0.252336712,0.248524014,0.289538273,0.314339314,0.337067432,0.331376149,0.336273699,0.336273699,165,165,165,165,165,165,165,165,165,165,163,153,148,143,149,159,155,155,155,160,163,159,145,136,139,134,134,0.373621826,0.373621826,0.361496265,0.349370704,0.334290426,0.319210148,0.328528273,0.337846398,0.264549721,0.283590051,0.281388075,0.308710229,0.315176445,0.334381995,0.318891757,0.32313121,0.333396545,0.36140331,0.369057531,0.393813781,0.392134511,0.394079227,0.385283674,0.382906686,0.380943435,0.38754567,0.398160901,145,145,147,152,155,156,156,155,176,169,168,164,162,154,160,158,155,144,139,133,131,131,134,137,138,132,132,0.304222408,0.304647891,0.300711031,0.297130767,0.293046513,0.288980227,0.293125142,0.297640701,0.273015618,0.279224783,0.272094094,0.270355157,0.277923071,0.287370876,0.284716226,0.269144457,0.276760287,0.288586811,0.292962324,0.298576532,0.297008983,0.31239489,0.317048063,0.326006977,0.326267671,0.331061097,0.335982734,149,149,152,157,159,165,159,157,177,172,170,159,154,152,156,163,160,149,147,143,144,142,141,137,138,137,136,0.199238747,0.200515194,0.200830176,0.202214946,0.205042461,0.207923881,0.211040503,0.215269054,0.214690482,0.214277647,0.218000756,0.219924134,0.223687106,0.228790175,0.239166733,0.241034488,0.242733798,0.243839769,0.248423692,0.249579104,0.250368423,0.25356717,0.251521201,0.258046812,0.26648343,0.269363923,0.273513603,100,101,103,101,102,105,104,105,112,116,116,121,123,123,119,128,128,128,129,132,132,135,140,140,132,137,139,,,,,,,,,,,,,,,,,,,,,,,,,,,,,,,,,,,,,,,,,,,,,,,,,,,,,,,,,,,,,,,,,,,,,,,,,,,,,,,,,,,,,,,,,,,,,,,,,,,,,,,,,,,,,,,,,,,,,,,,,,,,,,,,,,,,,,,,,,,,,,,,,,,,,,,,,,,,,,,,,,,,,,,,,,,,,,,,,,,,,,,,,,,,,,,,,,,,,,,,,,,,,,,,,,,,,,,,,,,,,,,,,,,,,,,,,,,,,,,,,,,,,,,,,,,,,,,,,,,,,,,,,,,,,,,,,,,,,,,,,,,,,,,,,,,,,,,,,,,,,,,,,,,,,,,,,,,,,,,,,,,,,,,,,,,,,,,,,,,,,,,,,,,,,,,,,,,,,,,,,,,,,,,,,,,,,,,,,,
LV,Latvia,0.469193128,0.469193128,0.469193128,0.469193128,0.469193128,0.469193128,0.469193128,0.469193128,0.469193128,0.469193128,0.4573386,0.493420413,0.523348237,0.53432825,0.532320106,0.518748939,0.523477794,0.583333441,0.590459114,0.656663087,0.650930159,0.623755437,0.623852605,0.607269222,0.600000328,0.592911769,0.592911769,45,45,45,45,45,45,45,45,45,45,73,57,54,53,53,55,56,41,40,30,28,27,29,33,37,40,40,0.565973278,0.565973278,0.565529491,0.565085704,0.562342018,0.559598332,0.581002174,0.602406017,0.635042964,0.609632942,0.629401268,0.63527976,0.628241439,0.610193211,0.61326269,0.619833701,0.615636824,0.623732557,0.634974213,0.647260684,0.640458687,0.647308134,0.655166188,0.641491668,0.658900684,0.66956886,0.683460443,72,72,72,73,73,73,70,64,48,60,50,48,50,57,55,54,54,55,52,45,45,43,42,42,37,39,35,0.459029026,0.457985931,0.456089076,0.465604027,0.452673623,0.456775679,0.472258964,0.49149723,0.496309773,0.496151924,0.501378888,0.516548431,0.53327971,0.54535912,0.551468695,0.533452125,0.53460558,0.56170233,0.576391461,0.580290775,0.585227094,0.574539434,0.580642589,0.573029836,0.576892965,0.580490079,0.585590039,36,38,41,36,42,42,37,36,36,34,39,41,37,33,31,37,36,30,30,29,30,29,28,30,31,30,29,0.341920673,0.338791387,0.333544608,0.362533249,0.326485724,0.341535578,0.366581589,0.402892544,0.384693227,0.409629701,0.417396797,0.420945121,0.448249455,0.491555901,0.50882329,0.461773733,0.464702121,0.478040992,0.503741055,0.436948555,0.464292435,0.452554733,0.462908973,0.470328618,0.471777883,0.478989608,0.480397906,38,39,43,37,44,44,43,35,41,41,42,42,39,33,32,44,44,44,40,51,46,48,45,45,46,47,47,,,,,,,,,,,,,,,,,,,,,,,,,,,,,,,,,,,,,,,,,,,,,,,,,,,,,,,,,,,,,,,,,,,,,,,,,,,,,,,,,,,,,,,,,,,,,,,,,,,,,,,,,,,,,,,,,,,,,,,,,,,,,,,,,,,,,,,,,,,,,,,,,,,,,,,,,,,,,,,,,,,,,,,,,,,,,,,,,,,,,,,,,,,,,,,,,,,,,,,,,,,,,,,,,,,,,,,,,,,,,,,,,,,,,,,,,,,,,,,,,,,,,,,,,,,,,,,,,,,,,,,,,,,,,,,,,,,,,,,,,,,,,,,,,,,,,,,,,,,,,,,,,,,,,,,,,,,,,,,,,,,,,,,,,,,,,,,,,,,,,,,,,,,,,,,,,,,,,,,,,,,,,,,,,,,,,,,,,,
LB,Lebanon,0.354437415,0.354437415,0.354437415,0.354437415,0.354437415,0.354437415,0.354437415,0.354437415,0.354437415,0.354437415,0.337886422,0.320558083,0.318226044,0.314760377,0.328461101,0.338177927,0.33798359,0.340186071,0.351911041,0.369692832,0.357320074,0.33629934,0.32347313,0.313076127,0.302313055,0.286234914,0.286234914,155,155,155,155,155,155,155,155,155,155,151,131,134,138,133,122,122,123,119,117,122,135,142,146,152,163,163,0.401341595,0.401341595,0.399446774,0.397551953,0.410909082,0.42426621,0.426443155,0.428620099,0.422795278,0.422735543,0.408233562,0.324039026,0.307734474,0.325584364,0.349664668,0.349114143,0.346275506,0.339626453,0.336411727,0.319199807,0.322408342,0.317550216,0.317310468,0.308696219,0.297827501,0.285078668,0.270809045,132,132,135,134,127,120,116,114,115,114,120,155,163,158,148,148,146,152,153,162,162,164,165,166,167,170,173,0.300699259,0.301099352,0.302211155,0.302731256,0.308766636,0.314729613,0.315223431,0.316252427,0.314830004,0.315154423,0.305645375,0.274382007,0.270968674,0.278776332,0.299643081,0.311962837,0.315877281,0.319034852,0.324908238,0.328188121,0.327654099,0.321333414,0.313269283,0.306632574,0.297533156,0.289611053,0.286414527,151,152,149,149,144,138,140,140,140,140,149,155,161,159,144,132,131,132,129,128,128,137,145,149,154,159,161,0.146318766,0.147519046,0.152749275,0.1562044,0.160953411,0.165485212,0.164789723,0.165699766,0.167257319,0.168290312,0.170816141,0.178548912,0.186945503,0.195984254,0.220803475,0.24859644,0.263372746,0.277292031,0.286401947,0.295671724,0.303233883,0.310150686,0.299024252,0.298125377,0.292458912,0.297519578,0.302199622,152,153,149,146,140,139,142,145,149,155,159,151,151,149,136,117,111,99,98,100,97,94,105,108,115,115,115,,,,,,,,,,,,,,,,,,,,,,,,,,,,,,,,,,,,,,,,,,,,,,,,,,,,,,,,,,,,,,,,,,,,,,,,,,,,,,,,,,,,,,,,,,,,,,,,,,,,,,,,,,,,,,,,,,,,,,,,,,,,,,,,,,,,,,,,,,,,,,,,,,,,,,,,,,,,,,,,,,,,,,,,,,,,,,,,,,,,,,,,,,,,,,,,,,,,,,,,,,,,,,,,,,,,,,,,,,,,,,,,,,,,,,,,,,,,,,,,,,,,,,,,,,,,,,,,,,,,,,,,,,,,,,,,,,,,,,,,,,,,,,,,,,,,,,,,,,,,,,,,,,,,,,,,,,,,,,,,,,,,,,,,,,,,,,,,,,,,,,,,,,,,,,,,,,,,,,,,,,,,,,,,,,,,,,,,,,
LS,Lesotho,0.339959345,0.339959345,0.339959345,0.339959345,0.339959345,0.339959345,0.339959345,0.339959345,0.339959345,0.339959345,0.311132762,0.254807562,0.260216595,0.259504027,0.256362254,0.233592492,0.23372205,0.228151069,0.275180506,0.330015793,0.322631005,0.35025918,0.344752979,0.338242706,0.329249581,0.338174722,0.338174722,164,164,164,164,164,164,164,164,164,164,167,163,161,164,165,164,165,164,153,135,136,130,133,135,140,132,132,0.507676823,0.507676823,0.495896006,0.48411519,0.488881845,0.4936485,0.482414896,0.471181291,0.472739575,0.475840285,0.464572141,0.452734053,0.431177737,0.451639743,0.483000225,0.486952661,0.482786004,0.481223753,0.504195788,0.467053461,0.460565505,0.459508091,0.460164875,0.444224974,0.429515846,0.429728542,0.417944593,91,91,93,97,95,94,95,100,96,90,95,95,109,99,86,88,88,90,80,97,95,98,99,108,119,120,122,0.319711108,0.318310077,0.314350134,0.310388782,0.311931426,0.313700274,0.310245803,0.307104396,0.307814203,0.309404055,0.296517365,0.274426048,0.270286569,0.2779627,0.288283991,0.284121874,0.285244164,0.284306674,0.308482097,0.315801616,0.311354063,0.321795133,0.32176212,0.314365425,0.306244888,0.309404629,0.306577258,130,132,136,139,139,139,143,150,148,145,152,154,163,160,153,153,151,152,138,133,137,136,139,144,149,148,150,0.111497155,0.107294065,0.107195052,0.107091813,0.106953088,0.107492976,0.10836317,0.110172553,0.11074369,0.112412536,0.113847193,0.11573653,0.119465375,0.12274433,0.125489495,0.131820471,0.139224438,0.143545199,0.146069997,0.150335592,0.150865679,0.155618126,0.160368507,0.160628596,0.159969238,0.160310622,0.16361246,178,182,182,183,183,184,185,187,188,188,188,188,188,188,188,188,188,187,187,186,186,186,186,188,189,189,189,,,,,,,,,,,,,,,,,,,,,,,,,,,,,,,,,,,,,,,,,,,,,,,,,,,,,,,,,,,,,,,,,,,,,,,,,,,,,,,,,,,,,,,,,,,,,,,,,,,,,,,,,,,,,,,,,,,,,,,,,,,,,,,,,,,,,,,,,,,,,,,,,,,,,,,,,,,,,,,,,,,,,,,,,,,,,,,,,,,,,,,,,,,,,,,,,,,,,,,,,,,,,,,,,,,,,,,,,,,,,,,,,,,,,,,,,,,,,,,,,,,,,,,,,,,,,,,,,,,,,,,,,,,,,,,,,,,,,,,,,,,,,,,,,,,,,,,,,,,,,,,,,,,,,,,,,,,,,,,,,,,,,,,,,,,,,,,,,,,,,,,,,,,,,,,,,,,,,,,,,,,,,,,,,,,,,,,,,,
LR,Liberia,0.447621774,0.447621774,0.447621774,0.447621774,0.447621774,0.447621774,0.447621774,0.447621774,0.447621774,0.447621774,0.508772998,0.715935724,0.193429612,0.180409065,0.210628394,0.179145878,0.177202513,0.194789968,0.223260267,0.250499769,0.240750554,0.244151443,0.241236395,0.235794972,0.213416077,0.214672685,0.214672685,65,65,65,65,65,65,65,65,65,65,45,25,179,182,176,178,177,174,167,162,166,176,179,182,185,184,184,0.125860222,0.125860222,0.144523095,0.163185969,0.169955948,0.176725928,0.182836457,0.188946985,0.186959184,0.19833262,0.231148234,0.293350455,0.321593409,0.284089631,0.313499085,0.349682426,0.344495735,0.350823096,0.351404349,0.347837591,0.344041902,0.347178986,0.354787134,0.347412744,0.338747075,0.335042884,0.346578298,191,191,190,190,189,189,188,188,188,186,181,169,159,170,163,147,149,148,149,154,154,153,149,154,156,156,151,0.271144118,0.271143884,0.277374697,0.283592471,0.28584972,0.296395993,0.297692199,0.298993902,0.29775131,0.300977853,0.331832323,0.42131959,0.256790054,0.24008528,0.26027761,0.262612472,0.262342696,0.272072561,0.28229517,0.291103713,0.287868413,0.29163566,0.292801877,0.288215367,0.278103326,0.277746014,0.283083134,175,175,172,169,169,154,155,156,156,152,124,71,172,179,170,167,168,161,155,147,153,160,160,162,166,168,164,0.239950358,0.239949656,0.23997922,0.23996967,0.239971438,0.264840277,0.262618365,0.260412946,0.258672972,0.256979166,0.255575735,0.254672591,0.255347141,0.255757144,0.256705351,0.259009112,0.26532984,0.270604618,0.272220894,0.27497378,0.278812783,0.283576551,0.282382103,0.281438385,0.282146826,0.283522472,0.28799842,69,69,69,71,70,62,64,65,70,75,84,91,95,104,108,107,107,109,111,114,114,116,118,122,123,127,128,,,,,,,,,,,,,,,,,,,,,,,,,,,,,,,,,,,,,,,,,,,,,,,,,,,,,,,,,,,,,,,,,,,,,,,,,,,,,,,,,,,,,,,,,,,,,,,,,,,,,,,,,,,,,,,,,,,,,,,,,,,,,,,,,,,,,,,,,,,,,,,,,,,,,,,,,,,,,,,,,,,,,,,,,,,,,,,,,,,,,,,,,,,,,,,,,,,,,,,,,,,,,,,,,,,,,,,,,,,,,,,,,,,,,,,,,,,,,,,,,,,,,,,,,,,,,,,,,,,,,,,,,,,,,,,,,,,,,,,,,,,,,,,,,,,,,,,,,,,,,,,,,,,,,,,,,,,,,,,,,,,,,,,,,,,,,,,,,,,,,,,,,,,,,,,,,,,,,,,,,,,,,,,,,,,,,,,,,,
LY,Libya,0.43226919,0.43226919,0.43226919,0.43226919,0.43226919,0.43226919,0.43226919,0.43226919,0.43226919,0.43226919,0.493420413,0.700583139,0.708227042,0.713733243,0.71561183,0.784666072,0.784471735,0.789265369,0.458310283,0.489112621,0.479881636,0.486489078,0.478488891,0.474213488,0.474998425,0.467748762,0.467748762,78,78,78,78,78,78,78,78,78,78,55,30,26,23,21,20,20,18,73,65,68,64,67,70,68,72,72,0.265472421,0.265472421,0.266033502,0.266594582,0.285248807,0.303903032,0.305638285,0.307373538,0.336920262,0.352783919,0.343960858,0.32957694,0.372105161,0.386374533,0.363312779,0.316911625,0.252325749,0.229847567,0.191707978,0.141390843,0.134020889,0.122097348,0.124660259,0.118907674,0.103179304,0.106069258,0.126015298,174,174,175,174,169,163,160,159,153,144,148,150,141,137,142,161,178,185,188,191,191,190,189,189,190,190,188,0.29367652,0.294493641,0.294755849,0.295251638,0.30162521,0.305251872,0.30989949,0.314815,0.326356923,0.332737002,0.353562474,0.42124992,0.438189584,0.445806793,0.439641822,0.448463113,0.426470611,0.420580882,0.297780576,0.291867771,0.286631624,0.286320333,0.285963342,0.282535372,0.277041969,0.2740193,0.28053228,159,158,158,158,150,148,145,143,130,125,105,72,62,61,66,64,75,82,144,146,155,164,163,165,167,170,168,0.18328795,0.185739312,0.185964857,0.186891142,0.187357633,0.179583394,0.191790993,0.204802273,0.209881318,0.213157896,0.223306152,0.233589682,0.234236549,0.237312603,0.240000858,0.243811643,0.242614347,0.242629711,0.243323467,0.24509985,0.245992346,0.250374573,0.254740876,0.254484955,0.252948177,0.248239881,0.24783278,122,119,119,120,125,131,122,117,116,118,113,110,114,118,118,124,129,130,134,134,138,139,137,141,141,146,147,,,,,,,,,,,,,,,,,,,,,,,,,,,,,,,,,,,,,,,,,,,,,,,,,,,,,,,,,,,,,,,,,,,,,,,,,,,,,,,,,,,,,,,,,,,,,,,,,,,,,,,,,,,,,,,,,,,,,,,,,,,,,,,,,,,,,,,,,,,,,,,,,,,,,,,,,,,,,,,,,,,,,,,,,,,,,,,,,,,,,,,,,,,,,,,,,,,,,,,,,,,,,,,,,,,,,,,,,,,,,,,,,,,,,,,,,,,,,,,,,,,,,,,,,,,,,,,,,,,,,,,,,,,,,,,,,,,,,,,,,,,,,,,,,,,,,,,,,,,,,,,,,,,,,,,,,,,,,,,,,,,,,,,,,,,,,,,,,,,,,,,,,,,,,,,,,,,,,,,,,,,,,,,,,,,,,,,,,,
LI,Liechtenstein,0.580732335,0.580732335,0.580732335,0.580732335,0.580732335,0.580732335,0.580732335,0.580732335,0.580732335,0.580732335,0.580732335,0.580732335,0.580732335,0.580732335,0.580732335,0.580732335,0.580732335,0.580732335,0.580732335,0.580732335,0.580732335,0.580732335,0.580732335,0.580732335,0.580732335,0.574610397,0.574610397,8,8,8,8,8,8,8,8,8,8,8,47,44,43,40,44,44,43,46,42,44,45,43,42,43,43,43,0.774923825,0.774923825,0.775265157,0.775606489,0.774637322,0.773668155,0.780843668,0.788019182,0.786389284,0.775426582,0.761750212,0.751036895,0.759057456,0.766323677,0.819547774,0.829242757,0.823246173,0.820229222,0.82299167,0.840269876,0.834534089,0.833159034,0.83965723,0.838498323,0.842956317,0.856477342,0.832018395,22,22,22,22,22,22,22,21,21,21,21,23,21,21,16,15,16,16,16,15,14,15,13,13,12,9,13,0.527020977,0.530063851,0.532931211,0.535903039,0.539256887,0.542522002,0.548880798,0.557180204,0.561254484,0.570421318,0.573011382,0.57787724,0.590692485,0.603138402,0.620936228,0.62630661,0.631452755,0.631508179,0.632185565,0.636397874,0.630186008,0.631586585,0.634705465,0.636417018,0.639388746,0.644577059,0.636907445,26,26,26,27,24,25,25,25,23,23,23,26,24,25,22,23,23,22,21,22,23,21,21,21,21,21,22,0.225406772,0.234535393,0.24279614,0.251370292,0.262401005,0.273165516,0.285066391,0.302789095,0.316641834,0.355105038,0.3765516,0.401862488,0.432287665,0.462359194,0.462528576,0.468944738,0.490379758,0.493562981,0.49283269,0.488191411,0.475291599,0.480868385,0.483726831,0.490020398,0.494477587,0.502643438,0.504093544,82,75,66,63,60,61,58,57,55,51,48,46,46,39,41,42,38,40,42,41,43,43,43,42,42,40,41,,,,,,,,,,,,,,,,,,,,,,,,,,,,,,,,,,,,,,,,,,,,,,,,,,,,,,,,,,,,,,,,,,,,,,,,,,,,,,,,,,,,,,,,,,,,,,,,,,,,,,,,,,,,,,,,,,,,,,,,,,,,,,,,,,,,,,,,,,,,,,,,,,,,,,,,,,,,,,,,,,,,,,,,,,,,,,,,,,,,,,,,,,,,,,,,,,,,,,,,,,,,,,,,,,,,,,,,,,,,,,,,,,,,,,,,,,,,,,,,,,,,,,,,,,,,,,,,,,,,,,,,,,,,,,,,,,,,,,,,,,,,,,,,,,,,,,,,,,,,,,,,,,,,,,,,,,,,,,,,,,,,,,,,,,,,,,,,,,,,,,,,,,,,,,,,,,,,,,,,,,,,,,,,,,,,,,,,,,
LT,Lithuania,0.433823882,0.433823882,0.433823882,0.433823882,0.433823882,0.433823882,0.433823882,0.433823882,0.433823882,0.433823882,0.50809282,0.604840016,0.625083403,0.627253494,0.623366764,0.610378606,0.607625506,0.616143923,0.631658455,0.696566851,0.670655316,0.628095619,0.631334561,0.65591813,0.653132302,0.656289933,0.656289933,76,76,76,76,76,76,76,76,76,76,46,42,38,35,33,39,40,38,34,23,27,25,24,21,22,23,23,0.624370749,0.624370749,0.617425889,0.61048103,0.599245694,0.588010359,0.606744893,0.625479427,0.642887546,0.636306444,0.628325692,0.631495105,0.626988419,0.625968116,0.624967805,0.640021649,0.633028004,0.655059316,0.665316512,0.67083995,0.682431675,0.684804572,0.672766692,0.663591584,0.682791699,0.690749838,0.703923852,51,51,54,59,64,67,61,53,46,45,51,51,51,54,53,48,53,47,43,39,36,33,36,39,33,32,31,0.445525651,0.446493507,0.449844154,0.452721027,0.447874822,0.447119149,0.458003712,0.472853278,0.479327236,0.482585135,0.50436781,0.545083498,0.553132757,0.559640552,0.560727325,0.562206159,0.560496859,0.571756756,0.579071165,0.602112037,0.594396107,0.582029688,0.577998658,0.584170901,0.590265583,0.594306764,0.599581362,44,44,45,43,45,46,45,39,38,38,37,34,33,31,29,30,31,28,28,26,28,27,29,27,27,28,28,0.278382323,0.28128589,0.29828269,0.313858171,0.310554889,0.319523206,0.333442361,0.359256525,0.36127028,0.377625078,0.376684916,0.398915373,0.407326449,0.425700048,0.433847406,0.436218221,0.440837066,0.44406703,0.440238529,0.438929309,0.430101331,0.433188873,0.42989472,0.433002989,0.434872749,0.435880521,0.438530301,53,54,51,46,47,48,49,46,46,47,47,47,49,48,48,50,50,48,48,50,53,53,55,55,57,58,59,,,,,,,,,,,,,,,,,,,,,,,,,,,,,,,,,,,,,,,,,,,,,,,,,,,,,,,,,,,,,,,,,,,,,,,,,,,,,,,,,,,,,,,,,,,,,,,,,,,,,,,,,,,,,,,,,,,,,,,,,,,,,,,,,,,,,,,,,,,,,,,,,,,,,,,,,,,,,,,,,,,,,,,,,,,,,,,,,,,,,,,,,,,,,,,,,,,,,,,,,,,,,,,,,,,,,,,,,,,,,,,,,,,,,,,,,,,,,,,,,,,,,,,,,,,,,,,,,,,,,,,,,,,,,,,,,,,,,,,,,,,,,,,,,,,,,,,,,,,,,,,,,,,,,,,,,,,,,,,,,,,,,,,,,,,,,,,,,,,,,,,,,,,,,,,,,,,,,,,,,,,,,,,,,,,,,,,,,,
LU,Luxembourg,0.488821116,0.488821116,0.488821116,0.488821116,0.488821116,0.488821116,0.488821116,0.488821116,0.488821116,0.488821116,0.549972339,0.757135065,0.577373788,0.581487244,0.572547765,0.574620688,0.573098385,0.574329183,0.583462999,0.613358433,0.634443945,0.600629391,0.595447084,0.587479287,0.575254812,0.566909644,0.566909644,30,30,30,30,30,30,30,30,30,30,23,13,45,42,43,46,46,45,45,37,34,37,38,39,45,46,46,0.844775287,0.844775287,0.837733879,0.83069247,0.848356569,0.866020667,0.869195765,0.872370862,0.836897307,0.842494623,0.824624556,0.835845218,0.850644582,0.849699128,0.848181578,0.855675314,0.864233546,0.856155051,0.857713253,0.854310944,0.858121631,0.854587868,0.841793117,0.85601244,0.853242847,0.85232543,0.844255872,11,11,12,13,10,9,8,7,11,12,15,12,11,10,9,8,9,12,11,12,10,11,11,9,9,11,10,0.524952719,0.548475153,0.541897267,0.537245815,0.522533364,0.603528511,0.567341992,0.558418005,0.522204608,0.536434858,0.555362064,0.632835617,0.56987214,0.608259645,0.621519497,0.647818346,0.654500785,0.673858043,0.679497552,0.691693641,0.700853059,0.688788017,0.682631805,0.684457553,0.666641072,0.672779386,0.670269218,27,22,24,25,28,18,23,24,28,27,25,20,29,23,21,21,21,19,18,17,17,17,17,17,17,17,17,0.241261756,0.311829058,0.299136806,0.292223857,0.230422407,0.45574375,0.344009094,0.314062038,0.240895402,0.277988834,0.291489299,0.305526568,0.281598051,0.393592563,0.44382915,0.513159037,0.526170425,0.591089896,0.597316403,0.607411545,0.6099936,0.611146793,0.610655214,0.609880933,0.571425557,0.599103084,0.599642139,66,45,49,55,77,30,46,54,86,65,63,63,82,53,47,33,32,29,29,25,27,26,25,24,29,27,27,,,,,,,,,,,,,,,,,,,,,,,,,,,,,,,,,,,,,,,,,,,,,,,,,,,,,,,,,,,,,,,,,,,,,,,,,,,,,,,,,,,,,,,,,,,,,,,,,,,,,,,,,,,,,,,,,,,,,,,,,,,,,,,,,,,,,,,,,,,,,,,,,,,,,,,,,,,,,,,,,,,,,,,,,,,,,,,,,,,,,,,,,,,,,,,,,,,,,,,,,,,,,,,,,,,,,,,,,,,,,,,,,,,,,,,,,,,,,,,,,,,,,,,,,,,,,,,,,,,,,,,,,,,,,,,,,,,,,,,,,,,,,,,,,,,,,,,,,,,,,,,,,,,,,,,,,,,,,,,,,,,,,,,,,,,,,,,,,,,,,,,,,,,,,,,,,,,,,,,,,,,,,,,,,,,,,,,,,,
MK,North Macedonia,0.388349137,0.388349137,0.388349137,0.388349137,0.388349137,0.388349137,0.388349137,0.388349137,0.388349137,0.388349137,0.363020611,0.360720963,0.376073547,0.385855152,0.404835352,0.427896618,0.433532377,0.477063757,0.505469277,0.565162977,0.594896464,0.58563309,0.580547951,0.565940323,0.565266387,0.557501192,0.557501192,126,126,126,126,126,126,126,126,126,126,133,107,97,95,91,80,81,66,60,46,42,43,44,46,50,50,50,0.413882742,0.413882742,0.407213961,0.400545179,0.398733934,0.396922689,0.385323195,0.373723702,0.388774969,0.425267295,0.398277051,0.416263619,0.442573385,0.467484265,0.476204761,0.471454876,0.466889229,0.478771678,0.481966041,0.529489264,0.48400042,0.474885742,0.482163987,0.483912588,0.485927654,0.497874504,0.504226119,126,126,130,133,131,128,133,136,129,112,128,121,103,88,89,92,93,92,90,71,88,93,91,87,89,84,84,0.367933249,0.358762673,0.359970588,0.361856721,0.352326049,0.347922962,0.343274899,0.338262207,0.347245408,0.360374371,0.345326131,0.348652212,0.378205638,0.382311673,0.394453002,0.397562077,0.401638624,0.423564462,0.433865972,0.470800826,0.467811538,0.462803742,0.464742113,0.462506624,0.463525599,0.465965126,0.468883209,89,98,101,101,109,113,115,119,114,100,112,111,92,96,89,90,90,79,78,60,62,65,63,66,70,69,70,0.301567867,0.274056141,0.284348667,0.296675847,0.269895076,0.258497061,0.256152363,0.252713783,0.264612116,0.267506681,0.27468073,0.268972055,0.315969981,0.293595601,0.302318894,0.293334737,0.304494265,0.314857953,0.314162598,0.317750238,0.324537729,0.327892395,0.331514402,0.337666962,0.339382755,0.342519682,0.344922317,49,57,56,53,59,64,65,72,67,72,76,81,66,80,81,88,81,80,83,87,85,85,85,85,83,85,86,,,,,,,,,,,,,,,,,,,,,,,,,,,,,,,,,,,,,,,,,,,,,,,,,,,,,,,,,,,,,,,,,,,,,,,,,,,,,,,,,,,,,,,,,,,,,,,,,,,,,,,,,,,,,,,,,,,,,,,,,,,,,,,,,,,,,,,,,,,,,,,,,,,,,,,,,,,,,,,,,,,,,,,,,,,,,,,,,,,,,,,,,,,,,,,,,,,,,,,,,,,,,,,,,,,,,,,,,,,,,,,,,,,,,,,,,,,,,,,,,,,,,,,,,,,,,,,,,,,,,,,,,,,,,,,,,,,,,,,,,,,,,,,,,,,,,,,,,,,,,,,,,,,,,,,,,,,,,,,,,,,,,,,,,,,,,,,,,,,,,,,,,,,,,,,,,,,,,,,,,,,,,,,,,,,,,,,,,,
MG,Madagascar,0.325481274,0.325481274,0.325481274,0.325481274,0.325481274,0.325481274,0.325481274,0.325481274,0.325481274,0.325481274,0.294646547,0.225138853,0.248070562,0.278549006,0.267018373,0.213413884,0.205737591,0.224134781,0.22977054,0.239390198,0.232102579,0.238936746,0.243633212,0.258467566,0.250534351,0.246506761,0.246506761,169,169,169,169,169,169,169,169,169,169,174,172,166,155,161,168,171,168,164,169,169,182,178,175,177,179,179,0.425151829,0.425151829,0.422950939,0.420750048,0.433574699,0.44639935,0.456961389,0.467523429,0.488263961,0.461589641,0.466367968,0.46522123,0.461977032,0.425775329,0.388778069,0.362951486,0.37266418,0.366485813,0.352025475,0.358085543,0.361752862,0.360947042,0.350464043,0.341227018,0.341711797,0.34082922,0.337985759,121,121,123,124,120,111,106,102,94,95,94,89,92,115,133,142,140,139,148,149,146,146,153,156,155,153,154,0.305611074,0.305089577,0.304283838,0.303194441,0.306739301,0.307862254,0.308207378,0.315001057,0.325328249,0.320213033,0.31475956,0.290912313,0.29772043,0.296676903,0.280339623,0.2540112,0.255158151,0.259346751,0.256420012,0.262476156,0.261598317,0.262678348,0.261547604,0.264522436,0.263430308,0.263049564,0.263350335,145,147,146,148,147,146,150,142,132,134,142,145,142,146,159,171,171,169,172,170,170,175,175,176,176,173,173,0.166200118,0.164635627,0.1644193,0.163351999,0.16116193,0.151706139,0.142179472,0.151998469,0.162239513,0.173568185,0.183264166,0.182376854,0.183113695,0.185706373,0.185222426,0.185668231,0.187072683,0.187419659,0.18746402,0.189952729,0.190939511,0.188151256,0.190545557,0.193872724,0.198044778,0.201812712,0.205558486,136,139,137,139,139,152,165,161,157,150,142,148,153,154,156,159,161,163,166,167,168,171,172,173,172,171,171,,,,,,,,,,,,,,,,,,,,,,,,,,,,,,,,,,,,,,,,,,,,,,,,,,,,,,,,,,,,,,,,,,,,,,,,,,,,,,,,,,,,,,,,,,,,,,,,,,,,,,,,,,,,,,,,,,,,,,,,,,,,,,,,,,,,,,,,,,,,,,,,,,,,,,,,,,,,,,,,,,,,,,,,,,,,,,,,,,,,,,,,,,,,,,,,,,,,,,,,,,,,,,,,,,,,,,,,,,,,,,,,,,,,,,,,,,,,,,,,,,,,,,,,,,,,,,,,,,,,,,,,,,,,,,,,,,,,,,,,,,,,,,,,,,,,,,,,,,,,,,,,,,,,,,,,,,,,,,,,,,,,,,,,,,,,,,,,,,,,,,,,,,,,,,,,,,,,,,,,,,,,,,,,,,,,,,,,,,
MW,Malawi,0.350745021,0.350745021,0.350745021,0.350745021,0.350745021,0.350745021,0.350745021,0.350745021,0.350745021,0.350745021,0.337692085,0.302905849,0.296071682,0.289399461,0.285286005,0.24431339,0.254451278,0.24373038,0.232912314,0.212701316,0.213834946,0.28279202,0.271002271,0.267536603,0.273507728,0.270575642,0.270575642,156,156,156,156,156,156,156,156,156,156,153,141,147,150,153,157,153,159,163,173,175,164,170,171,167,169,169,0.431549132,0.431549132,0.4446104,0.457671668,0.449515187,0.441358705,0.419793131,0.398227557,0.427040363,0.424242634,0.434299616,0.435928301,0.442715664,0.441252316,0.45115231,0.437637905,0.429030376,0.427496901,0.41604788,0.407128239,0.401723271,0.391405348,0.39616555,0.386416339,0.392669381,0.424700228,0.429453114,117,117,107,106,111,113,122,129,113,113,105,107,101,104,101,106,110,113,119,124,128,132,131,135,132,123,116,0.306517421,0.306566484,0.310870732,0.317042173,0.316127577,0.315394436,0.310117087,0.304862799,0.316399334,0.317459796,0.315055742,0.302623917,0.301485463,0.297439671,0.298544729,0.279502719,0.280773569,0.277301738,0.270203731,0.260754485,0.259779907,0.279720377,0.27790653,0.273410584,0.279430697,0.290693351,0.294208207,144,144,140,132,133,137,144,152,138,138,141,133,137,145,146,157,154,155,162,171,171,165,168,168,164,157,157,0.13725811,0.137405299,0.137256773,0.142709829,0.148122522,0.15407958,0.15981311,0.165615819,0.171412617,0.177391731,0.173175524,0.169037601,0.165669042,0.161667235,0.159195871,0.156556864,0.158839052,0.160677931,0.161650999,0.162433899,0.163781503,0.164963763,0.16655177,0.166278811,0.172114983,0.176804184,0.182595865,158,160,159,156,154,148,145,146,144,143,154,161,165,170,179,181,180,181,181,184,184,184,184,186,186,185,184,,,,,,,,,,,,,,,,,,,,,,,,,,,,,,,,,,,,,,,,,,,,,,,,,,,,,,,,,,,,,,,,,,,,,,,,,,,,,,,,,,,,,,,,,,,,,,,,,,,,,,,,,,,,,,,,,,,,,,,,,,,,,,,,,,,,,,,,,,,,,,,,,,,,,,,,,,,,,,,,,,,,,,,,,,,,,,,,,,,,,,,,,,,,,,,,,,,,,,,,,,,,,,,,,,,,,,,,,,,,,,,,,,,,,,,,,,,,,,,,,,,,,,,,,,,,,,,,,,,,,,,,,,,,,,,,,,,,,,,,,,,,,,,,,,,,,,,,,,,,,,,,,,,,,,,,,,,,,,,,,,,,,,,,,,,,,,,,,,,,,,,,,,,,,,,,,,,,,,,,,,,,,,,,,,,,,,,,,,
MY,Malaysia,0.40661677,0.40661677,0.40661677,0.40661677,0.40661677,0.40661677,0.40661677,0.40661677,0.40661677,0.40661677,0.37814647,0.424722455,0.423297321,0.428058565,0.448269563,0.487298813,0.501031927,0.57562476,0.61073489,0.659448577,0.675189834,0.617925341,0.579122817,0.573195553,0.614435212,0.606476694,0.606476694,104,104,104,104,104,104,104,104,104,104,119,80,83,80,77,66,61,44,38,29,24,29,45,45,30,35,35,0.613213775,0.613213775,0.591636529,0.570059283,0.564227972,0.558396662,0.57153076,0.584664858,0.593405381,0.581098991,0.589041479,0.575462881,0.563071628,0.527988306,0.526703388,0.561238083,0.553671788,0.556495907,0.568449795,0.60177158,0.581773919,0.564603679,0.562285515,0.587921915,0.576189841,0.584431235,0.581120942,56,56,67,72,72,74,71,68,69,65,67,68,69,76,75,65,65,64,64,56,63,68,67,63,68,65,66,0.394558347,0.39820744,0.392465203,0.390285981,0.39252988,0.396584855,0.405417518,0.415430326,0.423968458,0.42633017,0.416166807,0.424569956,0.420101987,0.413549726,0.426143309,0.451871284,0.452448677,0.480759034,0.496228076,0.526933113,0.52909984,0.503965615,0.489859479,0.496868489,0.505686439,0.505865255,0.506829949,66,64,70,73,72,72,68,62,60,57,67,66,73,76,76,63,62,55,50,41,41,46,56,54,53,54,54,0.163844495,0.174791775,0.17914231,0.19418189,0.206744896,0.224741134,0.238105025,0.255009349,0.271883223,0.291274751,0.281312473,0.273524532,0.273937013,0.284602306,0.303456977,0.307076956,0.302642315,0.310156435,0.309499542,0.319579183,0.330335766,0.329367825,0.328170105,0.329487998,0.326434264,0.326687835,0.332892212,138,132,131,110,100,89,80,70,65,60,71,79,85,84,80,79,82,83,86,86,80,83,87,88,91,93,91,,,,,,,,,,,,,,,,,,,,,,,,,,,,,,,,,,,,,,,,,,,,,,,,,,,,,,,,,,,,,,,,,,,,,,,,,,,,,,,,,,,,,,,,,,,,,,,,,,,,,,,,,,,,,,,,,,,,,,,,,,,,,,,,,,,,,,,,,,,,,,,,,,,,,,,,,,,,,,,,,,,,,,,,,,,,,,,,,,,,,,,,,,,,,,,,,,,,,,,,,,,,,,,,,,,,,,,,,,,,,,,,,,,,,,,,,,,,,,,,,,,,,,,,,,,,,,,,,,,,,,,,,,,,,,,,,,,,,,,,,,,,,,,,,,,,,,,,,,,,,,,,,,,,,,,,,,,,,,,,,,,,,,,,,,,,,,,,,,,,,,,,,,,,,,,,,,,,,,,,,,,,,,,,,,,,,,,,,,
MV,Maldives,0.462585686,0.462585686,0.462585686,0.462585686,0.462585686,0.462585686,0.462585686,0.462585686,0.462585686,0.462585686,0.467032291,0.565634937,0.564154278,0.559758571,0.552415427,0.517508887,0.506311402,0.50420609,0.460383206,0.456399307,0.452221072,0.469711358,0.462520907,0.472075786,0.466832074,0.454459316,0.454459316,52,52,52,52,52,52,52,52,52,52,68,49,48,46,46,56,59,60,71,84,85,72,73,72,75,79,79,0.573256925,0.573256925,0.574093444,0.574929963,0.587895109,0.600860254,0.593798646,0.586737038,0.59197911,0.492052313,0.542473102,0.518599365,0.452677322,0.421031233,0.427596044,0.429333615,0.414290226,0.399713574,0.405621607,0.466347341,0.444130938,0.440966777,0.415634226,0.405912196,0.444469917,0.461492565,0.468126844,71,71,71,71,68,64,68,67,70,87,74,79,98,119,116,109,126,128,126,98,105,111,122,128,109,101,97,0.378520816,0.378645556,0.379136868,0.379592217,0.391272091,0.403248747,0.408943394,0.41513916,0.425209354,0.402859032,0.426206024,0.45442098,0.435718094,0.427824528,0.427414546,0.416895028,0.410435142,0.40638722,0.395558429,0.415969102,0.413267056,0.424358719,0.420035438,0.423498093,0.437810043,0.440156509,0.44565934,76,79,76,78,73,66,66,63,59,69,64,58,64,69,74,81,87,90,97,86,87,85,87,86,82,83,81,0.099719836,0.100094056,0.100731473,0.101261002,0.123335477,0.146300302,0.170445849,0.196094755,0.221063266,0.253939096,0.269112678,0.279028636,0.290322683,0.30268378,0.302232168,0.303842581,0.310703799,0.315241996,0.320670475,0.325160659,0.343449157,0.362398022,0.38195118,0.392506296,0.402128138,0.404517647,0.414391859,186,185,186,186,176,156,139,123,108,78,77,75,77,78,82,80,79,79,78,78,76,72,69,67,67,68,66,,,,,,,,,,,,,,,,,,,,,,,,,,,,,,,,,,,,,,,,,,,,,,,,,,,,,,,,,,,,,,,,,,,,,,,,,,,,,,,,,,,,,,,,,,,,,,,,,,,,,,,,,,,,,,,,,,,,,,,,,,,,,,,,,,,,,,,,,,,,,,,,,,,,,,,,,,,,,,,,,,,,,,,,,,,,,,,,,,,,,,,,,,,,,,,,,,,,,,,,,,,,,,,,,,,,,,,,,,,,,,,,,,,,,,,,,,,,,,,,,,,,,,,,,,,,,,,,,,,,,,,,,,,,,,,,,,,,,,,,,,,,,,,,,,,,,,,,,,,,,,,,,,,,,,,,,,,,,,,,,,,,,,,,,,,,,,,,,,,,,,,,,,,,,,,,,,,,,,,,,,,,,,,,,,,,,,,,,,
ML,Mali,0.307602315,0.307602315,0.307602315,0.307602315,0.307602315,0.307602315,0.307602315,0.307602315,0.307602315,0.307602315,0.28949663,0.179728888,0.190676511,0.202369092,0.19462802,0.211762023,0.227665228,0.222418142,0.227730007,0.241560289,0.240361881,0.285869015,0.290273976,0.28726176,0.279887431,0.263777069,0.263777069,186,186,186,186,186,186,186,186,186,186,177,181,180,178,179,170,167,169,166,166,167,161,159,161,165,172,172,0.432269237,0.432269237,0.437185449,0.44210166,0.437924451,0.433747242,0.43515987,0.436572497,0.443332303,0.447027841,0.446305366,0.455603293,0.459303664,0.44362454,0.421709824,0.409478024,0.389848772,0.313097355,0.32016673,0.322712799,0.324243437,0.325274559,0.315198059,0.304411814,0.296050398,0.286860394,0.276074981,116,116,115,116,115,116,111,109,111,105,101,94,95,101,119,127,131,161,163,161,160,163,166,168,168,169,170,0.318610948,0.318701985,0.320648216,0.322275613,0.321232229,0.319909524,0.320524018,0.321707161,0.325258034,0.327744638,0.322891465,0.291204377,0.300480512,0.303591828,0.298056664,0.305307545,0.30515115,0.279138302,0.282998109,0.289112403,0.289812228,0.305136439,0.304985396,0.301936242,0.296817776,0.290153213,0.288187214,132,131,128,130,129,132,134,135,133,129,133,144,139,138,147,138,137,154,153,150,152,148,152,152,156,158,160,0.215961293,0.216234402,0.217156884,0.217122864,0.21816992,0.218379014,0.218809869,0.220946672,0.224839483,0.228603757,0.232872401,0.238280951,0.251461361,0.264781852,0.277832148,0.294682588,0.29793945,0.30189941,0.301097589,0.303064122,0.304831367,0.304265743,0.309484153,0.314135152,0.314515498,0.319822175,0.324709592,90,90,91,89,94,99,100,102,104,105,103,105,98,93,92,86,86,87,91,95,95,99,96,96,99,98,100,,,,,,,,,,,,,,,,,,,,,,,,,,,,,,,,,,,,,,,,,,,,,,,,,,,,,,,,,,,,,,,,,,,,,,,,,,,,,,,,,,,,,,,,,,,,,,,,,,,,,,,,,,,,,,,,,,,,,,,,,,,,,,,,,,,,,,,,,,,,,,,,,,,,,,,,,,,,,,,,,,,,,,,,,,,,,,,,,,,,,,,,,,,,,,,,,,,,,,,,,,,,,,,,,,,,,,,,,,,,,,,,,,,,,,,,,,,,,,,,,,,,,,,,,,,,,,,,,,,,,,,,,,,,,,,,,,,,,,,,,,,,,,,,,,,,,,,,,,,,,,,,,,,,,,,,,,,,,,,,,,,,,,,,,,,,,,,,,,,,,,,,,,,,,,,,,,,,,,,,,,,,,,,,,,,,,,,,,,
MT,Malta,0.450148149,0.450148149,0.450148149,0.450148149,0.450148149,0.450148149,0.450148149,0.450148149,0.450148149,0.450148149,0.511299373,0.718462099,0.726106002,0.731612203,0.733490789,0.802545031,0.802350694,0.47016481,0.475865348,0.50533972,0.503299186,0.451929567,0.449144077,0.458342672,0.448305158,0.445501954,0.445501954,62,62,62,62,62,62,62,62,62,62,43,23,21,17,16,16,16,67,65,59,60,78,77,74,80,83,83,0.686391141,0.686391141,0.696157959,0.705924778,0.72539296,0.744861142,0.742642457,0.740423771,0.754064298,0.726830731,0.730516654,0.744379342,0.751071574,0.752464238,0.739928932,0.741202522,0.720432618,0.732936906,0.732178969,0.711173141,0.712682302,0.695548271,0.717476289,0.708016012,0.653489605,0.672135831,0.645016505,37,37,34,33,27,26,28,28,24,29,29,25,22,23,26,28,30,27,26,30,29,30,27,27,41,37,45,0.437705954,0.432197944,0.458177887,0.444965547,0.455656121,0.48058636,0.492496296,0.489794497,0.496667223,0.484053177,0.509619774,0.578931538,0.588641159,0.597848072,0.593083973,0.625230496,0.617252703,0.515296064,0.520861821,0.51566099,0.523504677,0.495586017,0.50963317,0.510804298,0.497956888,0.509728756,0.501001597,49,50,40,46,40,36,34,37,35,37,34,25,25,26,27,24,25,43,42,44,43,52,45,48,57,52,56,0.176578571,0.160054544,0.228227553,0.178823715,0.191427253,0.246749789,0.284698282,0.278811572,0.285789222,0.275180652,0.287043295,0.273953173,0.2887459,0.309467775,0.305832197,0.331943934,0.328974795,0.342786476,0.354541147,0.330470109,0.354532543,0.339280212,0.362279144,0.36605421,0.392075901,0.411548482,0.412486333,129,142,77,128,116,70,59,62,60,66,67,77,79,72,78,67,70,70,70,75,71,78,74,74,69,65,67,,,,,,,,,,,,,,,,,,,,,,,,,,,,,,,,,,,,,,,,,,,,,,,,,,,,,,,,,,,,,,,,,,,,,,,,,,,,,,,,,,,,,,,,,,,,,,,,,,,,,,,,,,,,,,,,,,,,,,,,,,,,,,,,,,,,,,,,,,,,,,,,,,,,,,,,,,,,,,,,,,,,,,,,,,,,,,,,,,,,,,,,,,,,,,,,,,,,,,,,,,,,,,,,,,,,,,,,,,,,,,,,,,,,,,,,,,,,,,,,,,,,,,,,,,,,,,,,,,,,,,,,,,,,,,,,,,,,,,,,,,,,,,,,,,,,,,,,,,,,,,,,,,,,,,,,,,,,,,,,,,,,,,,,,,,,,,,,,,,,,,,,,,,,,,,,,,,,,,,,,,,,,,,,,,,,,,,,,,
MH,Marshall Islands,0.374551245,0.374551245,0.374551245,0.374551245,0.374551245,0.374551245,0.374551245,0.374551245,0.374551245,0.374551245,0.383587893,0.460091701,0.460383206,0.454747447,0.460059312,0.442666193,0.447816111,0.440690439,0.439718756,0.462682854,0.450601601,0.426018032,0.428673964,0.425953253,0.41927226,0.408864967,0.408864967,137,137,137,137,137,137,137,137,137,137,114,67,67,74,69,77,77,79,80,78,86,97,94,99,100,103,103,0.509671135,0.509671135,0.510676458,0.511681782,0.536258143,0.560834505,0.560692917,0.56055133,0.560518837,0.558546003,0.53982992,0.493758486,0.499698121,0.488846885,0.478048652,0.469151189,0.488574673,0.486225804,0.504235335,0.484377886,0.470731613,0.461431133,0.500823738,0.475316473,0.48224396,0.483658688,0.488173237,90,90,90,91,83,72,73,74,74,72,76,84,81,84,88,93,86,87,79,90,93,97,81,93,90,92,86,0.338627406,0.338700806,0.339138965,0.339607245,0.347931069,0.356305983,0.356362488,0.35655437,0.357188459,0.3576579,0.354980513,0.365980996,0.36898038,0.364544716,0.363873149,0.356377957,0.366281869,0.364697579,0.371353504,0.373826936,0.365930948,0.357961889,0.374863662,0.365825441,0.366278711,0.36344777,0.36510267,120,121,119,118,114,104,104,103,103,108,104,99,98,104,107,108,104,107,106,105,109,113,110,113,113,113,113,0.131659839,0.131880037,0.132189192,0.132588708,0.132983818,0.133532201,0.133843302,0.134560535,0.136495297,0.139876451,0.141523725,0.144092801,0.146859812,0.150039815,0.153511485,0.157316487,0.162454824,0.167176493,0.17010642,0.174420067,0.176459631,0.186436502,0.195093284,0.196206598,0.197319913,0.197819655,0.198269807,161,164,167,165,166,172,170,174,173,175,175,176,179,180,181,180,179,178,179,178,178,173,169,171,173,174,174,,,,,,,,,,,,,,,,,,,,,,,,,,,,,,,,,,,,,,,,,,,,,,,,,,,,,,,,,,,,,,,,,,,,,,,,,,,,,,,,,,,,,,,,,,,,,,,,,,,,,,,,,,,,,,,,,,,,,,,,,,,,,,,,,,,,,,,,,,,,,,,,,,,,,,,,,,,,,,,,,,,,,,,,,,,,,,,,,,,,,,,,,,,,,,,,,,,,,,,,,,,,,,,,,,,,,,,,,,,,,,,,,,,,,,,,,,,,,,,,,,,,,,,,,,,,,,,,,,,,,,,,,,,,,,,,,,,,,,,,,,,,,,,,,,,,,,,,,,,,,,,,,,,,,,,,,,,,,,,,,,,,,,,,,,,,,,,,,,,,,,,,,,,,,,,,,,,,,,,,,,,,,,,,,,,,,,,,,,
MR,Mauritania,0.373010434,0.373010434,0.373010434,0.373010434,0.373010434,0.373010434,0.373010434,0.373010434,0.373010434,0.373010434,0.37041928,0.276915654,0.286873087,0.291315064,0.311007831,0.269623407,0.266847171,0.304196799,0.314709479,0.340472948,0.34613647,0.420243461,0.427646757,0.451041172,0.442657325,0.431757514,0.431757514,140,140,140,140,140,140,140,140,140,140,127,156,153,149,144,150,151,138,137,130,128,102,95,79,85,88,88,0.441448393,0.441448393,0.442149872,0.442851351,0.448144734,0.453438116,0.475966903,0.498495689,0.462219222,0.429386519,0.407475297,0.40766819,0.398073172,0.338780634,0.353970902,0.329085378,0.329482693,0.329340421,0.327074614,0.339098791,0.334809483,0.353066855,0.36271436,0.3536275,0.360013172,0.353135033,0.340956241,110,110,109,115,112,109,101,93,104,109,121,125,132,151,146,156,157,155,160,157,158,149,144,150,145,150,153,0.347866823,0.347697755,0.3477743,0.347624559,0.349295391,0.350577054,0.358519135,0.366583907,0.355308391,0.34530226,0.337247893,0.30706855,0.308378642,0.291733909,0.303508488,0.282234642,0.281851679,0.294651217,0.297897954,0.312110738,0.314264102,0.346682127,0.352154603,0.359961155,0.361834614,0.359170542,0.356551851,114,114,114,114,112,110,101,94,107,120,119,131,132,149,141,154,153,145,143,136,135,122,118,116,114,116,119,0.229141641,0.228634436,0.228162595,0.227011892,0.226731004,0.225282612,0.226580068,0.228245597,0.230695518,0.233509828,0.233849101,0.236621807,0.240189666,0.24510603,0.245546732,0.24799514,0.249225173,0.25041643,0.251909769,0.256760474,0.261846354,0.266736065,0.266102692,0.275214793,0.282833344,0.292619078,0.296941797,76,79,78,77,79,87,91,92,96,100,102,109,109,112,114,118,121,125,125,129,127,129,128,127,122,120,121,,,,,,,,,,,,,,,,,,,,,,,,,,,,,,,,,,,,,,,,,,,,,,,,,,,,,,,,,,,,,,,,,,,,,,,,,,,,,,,,,,,,,,,,,,,,,,,,,,,,,,,,,,,,,,,,,,,,,,,,,,,,,,,,,,,,,,,,,,,,,,,,,,,,,,,,,,,,,,,,,,,,,,,,,,,,,,,,,,,,,,,,,,,,,,,,,,,,,,,,,,,,,,,,,,,,,,,,,,,,,,,,,,,,,,,,,,,,,,,,,,,,,,,,,,,,,,,,,,,,,,,,,,,,,,,,,,,,,,,,,,,,,,,,,,,,,,,,,,,,,,,,,,,,,,,,,,,,,,,,,,,,,,,,,,,,,,,,,,,,,,,,,,,,,,,,,,,,,,,,,,,,,,,,,,,,,,,,,,
MU,Mauritius,0.491250322,0.491250322,0.491250322,0.491250322,0.491250322,0.491250322,0.491250322,0.491250322,0.491250322,0.491250322,0.404641015,0.478812785,0.48467527,0.520821862,0.533388957,0.57896087,0.582167422,0.584013619,0.606556655,0.637294214,0.640727492,0.603220545,0.597455228,0.654201491,0.664731763,0.674881291,0.674881291,26,26,26,26,26,26,26,26,26,26,97,63,60,55,52,45,42,40,39,32,33,35,37,22,19,19,19,0.589248804,0.589248804,0.601024581,0.612800359,0.611868807,0.610937256,0.622096322,0.633255389,0.623443552,0.61644664,0.625628944,0.615367656,0.62513531,0.648634035,0.640917104,0.640731549,0.65349618,0.65486938,0.648981477,0.655060519,0.65913491,0.64311964,0.641231688,0.640056645,0.636943463,0.671323355,0.666559562,68,68,63,56,55,58,52,50,53,54,53,54,54,46,47,47,47,48,49,44,41,46,44,43,47,38,40,0.428588187,0.429532712,0.434077497,0.439665537,0.441070464,0.442646743,0.45091145,0.454839725,0.453453147,0.452784022,0.430077807,0.454222743,0.460700123,0.482622257,0.487377444,0.504901429,0.512750691,0.516956062,0.524169367,0.537805628,0.540317278,0.524481292,0.524327338,0.549638214,0.551647385,0.568267447,0.567298728,52,52,52,48,49,49,48,49,51,50,63,59,55,48,47,46,44,42,41,38,40,41,41,36,35,32,33,0.205265434,0.208099009,0.209957589,0.214945929,0.220092263,0.22575265,0.239387707,0.240013465,0.245665566,0.250655103,0.259963461,0.268487787,0.272289789,0.278410873,0.287826272,0.295011868,0.30258847,0.311985186,0.316969969,0.321062151,0.321089431,0.327103692,0.334295097,0.354656505,0.353266928,0.358597693,0.36045533,92,91,94,91,87,86,78,81,81,81,79,82,86,86,86,85,83,82,82,83,87,86,84,77,80,79,80,,,,,,,,,,,,,,,,,,,,,,,,,,,,,,,,,,,,,,,,,,,,,,,,,,,,,,,,,,,,,,,,,,,,,,,,,,,,,,,,,,,,,,,,,,,,,,,,,,,,,,,,,,,,,,,,,,,,,,,,,,,,,,,,,,,,,,,,,,,,,,,,,,,,,,,,,,,,,,,,,,,,,,,,,,,,,,,,,,,,,,,,,,,,,,,,,,,,,,,,,,,,,,,,,,,,,,,,,,,,,,,,,,,,,,,,,,,,,,,,,,,,,,,,,,,,,,,,,,,,,,,,,,,,,,,,,,,,,,,,,,,,,,,,,,,,,,,,,,,,,,,,,,,,,,,,,,,,,,,,,,,,,,,,,,,,,,,,,,,,,,,,,,,,,,,,,,,,,,,,,,,,,,,,,,,,,,,,,,
MX,Mexico,0.488140938,0.488140938,0.488140938,0.488140938,0.488140938,0.488140938,0.488140938,0.488140938,0.488140938,0.488140938,0.549292162,0.756454887,0.76409879,0.769604992,0.771483578,0.84053782,0.840343483,0.845137117,0.854983501,0.446552924,0.433467598,0.415394302,0.429775204,0.423200152,0.411734635,0.40171399,0.40171399,32,32,32,32,32,32,32,32,32,32,25,14,13,11,10,10,10,10,10,89,92,104,93,102,102,108,108,0.40375425,0.40375425,0.42331303,0.442871809,0.461082806,0.479293803,0.484561571,0.489829339,0.48131225,0.470774285,0.45238025,0.450057833,0.442731296,0.431415321,0.432765411,0.426285295,0.428292122,0.440287629,0.431195216,0.41485394,0.410957254,0.409929434,0.395921922,0.394843466,0.3842747,0.381801544,0.366509529,130,130,121,114,103,101,94,95,95,93,100,97,100,111,110,110,113,106,111,120,124,126,132,130,135,135,143,0.351753623,0.352188202,0.358417231,0.365040846,0.371996863,0.379708839,0.384778726,0.389721197,0.388423773,0.387629949,0.398402806,0.475277022,0.477070843,0.476509085,0.480381555,0.504053878,0.506936148,0.514842886,0.515629941,0.374752406,0.373118379,0.370942084,0.370958694,0.370925443,0.366483695,0.364191241,0.360404521,110,108,103,96,87,80,80,77,79,78,76,54,52,50,50,47,47,44,44,103,105,110,112,112,112,112,117,0.16336568,0.164669417,0.163797725,0.164109791,0.166766845,0.171691775,0.18163367,0.191193314,0.195818131,0.203974625,0.193536007,0.219318345,0.224382443,0.228506943,0.236895675,0.245338519,0.252172839,0.259103912,0.260711105,0.262850355,0.274930284,0.287502517,0.287178956,0.294732711,0.303441748,0.309058189,0.312990045,139,138,138,138,138,136,133,126,125,123,137,122,122,125,121,120,119,119,119,123,119,113,114,114,109,111,112,,,,,,,,,,,,,,,,,,,,,,,,,,,,,,,,,,,,,,,,,,,,,,,,,,,,,,,,,,,,,,,,,,,,,,,,,,,,,,,,,,,,,,,,,,,,,,,,,,,,,,,,,,,,,,,,,,,,,,,,,,,,,,,,,,,,,,,,,,,,,,,,,,,,,,,,,,,,,,,,,,,,,,,,,,,,,,,,,,,,,,,,,,,,,,,,,,,,,,,,,,,,,,,,,,,,,,,,,,,,,,,,,,,,,,,,,,,,,,,,,,,,,,,,,,,,,,,,,,,,,,,,,,,,,,,,,,,,,,,,,,,,,,,,,,,,,,,,,,,,,,,,,,,,,,,,,,,,,,,,,,,,,,,,,,,,,,,,,,,,,,,,,,,,,,,,,,,,,,,,,,,,,,,,,,,,,,,,,,
FM,Micronesia,0.312849401,0.312849401,0.312849401,0.312849401,0.312849401,0.312849401,0.312849401,0.312849401,0.312849401,0.312849401,0.314112588,0.337271023,0.354340247,0.353660069,0.347149796,0.346663955,0.345918998,0.34190271,0.348477762,0.343748907,0.354566973,0.351457589,0.345044484,0.340995806,0.333919562,0.324221124,0.324221124,185,185,185,185,185,185,185,185,185,185,166,118,110,113,117,116,117,122,121,128,125,129,132,133,136,141,141,0.609827747,0.609827747,0.611481873,0.613135999,0.612232522,0.611329045,0.611187457,0.611045869,0.611013376,0.635904678,0.61861887,0.622025448,0.583176105,0.539012474,0.528698462,0.50892487,0.482171999,0.498982603,0.498412178,0.527056945,0.520821445,0.53803671,0.549390007,0.545152197,0.54753856,0.561488213,0.568854765,59,59,56,55,54,57,57,59,59,46,56,52,63,73,74,80,90,84,83,72,72,71,72,72,71,71,69,0.352875778,0.352995287,0.353647701,0.354645359,0.354702797,0.354711368,0.354974881,0.35519469,0.356986796,0.366685749,0.361814228,0.370996035,0.364991366,0.350449571,0.345238248,0.339880908,0.331629921,0.33732851,0.340210013,0.348186522,0.349743279,0.355007953,0.35739839,0.355492316,0.35478511,0.356535981,0.359016741,107,107,109,109,108,106,106,105,104,97,102,95,104,111,116,121,127,126,124,119,118,117,116,119,118,120,118,0.135950187,0.136308712,0.136611829,0.137950679,0.13902647,0.139955658,0.140887785,0.1416888,0.147097612,0.151303168,0.152711226,0.153691633,0.157457747,0.158676169,0.159866487,0.164053901,0.166798765,0.171100217,0.173740098,0.173753713,0.173841418,0.17552956,0.177760678,0.180328944,0.18289721,0.183898607,0.183974336,159,162,161,163,161,163,166,168,169,169,168,170,170,173,177,176,175,174,175,180,181,180,179,180,182,183,183,,,,,,,,,,,,,,,,,,,,,,,,,,,,,,,,,,,,,,,,,,,,,,,,,,,,,,,,,,,,,,,,,,,,,,,,,,,,,,,,,,,,,,,,,,,,,,,,,,,,,,,,,,,,,,,,,,,,,,,,,,,,,,,,,,,,,,,,,,,,,,,,,,,,,,,,,,,,,,,,,,,,,,,,,,,,,,,,,,,,,,,,,,,,,,,,,,,,,,,,,,,,,,,,,,,,,,,,,,,,,,,,,,,,,,,,,,,,,,,,,,,,,,,,,,,,,,,,,,,,,,,,,,,,,,,,,,,,,,,,,,,,,,,,,,,,,,,,,,,,,,,,,,,,,,,,,,,,,,,,,,,,,,,,,,,,,,,,,,,,,,,,,,,,,,,,,,,,,,,,,,,,,,,,,,,,,,,,,,
MD,Moldova,0.434989901,0.434989901,0.434989901,0.434989901,0.434989901,0.434989901,0.434989901,0.434989901,0.434989901,0.434989901,0.453289923,0.362599549,0.366227164,0.372316375,0.366259553,0.365158313,0.363214948,0.356607506,0.372381154,0.38374984,0.378599922,0.42112723,0.436479814,0.437969728,0.444503112,0.434256922,0.434256922,74,74,74,74,74,74,74,74,74,74,74,104,102,96,107,108,108,115,109,111,112,101,89,88,82,86,86,0.468269368,0.468269368,0.477891403,0.487513437,0.452815352,0.418117266,0.403241594,0.388365922,0.398889997,0.39363156,0.406161431,0.406638954,0.424606884,0.42336213,0.408256408,0.423023055,0.442923066,0.447257838,0.436558536,0.435057032,0.414642958,0.403520761,0.419992839,0.421514395,0.426655522,0.432722933,0.451976428,98,98,97,95,109,124,126,133,124,130,122,126,116,118,124,112,103,104,107,110,121,128,118,121,121,118,107,0.423021146,0.425693832,0.429947084,0.425766611,0.413352849,0.402393815,0.426502131,0.397910088,0.413818174,0.413103153,0.433667985,0.396412719,0.411656649,0.406956998,0.384202889,0.394240562,0.398482229,0.398575273,0.398057838,0.402586499,0.394630854,0.410424284,0.420723529,0.425738624,0.431145899,0.431590837,0.441634472,55,54,54,55,59,69,57,70,67,62,61,79,77,82,93,92,93,91,96,93,97,90,86,85,84,87,83,0.365804171,0.373822227,0.376959949,0.354796495,0.352253294,0.354074277,0.441274898,0.370374442,0.407574623,0.410687999,0.441552601,0.419999654,0.444135899,0.425192488,0.378092705,0.394540317,0.389308673,0.391860474,0.385233826,0.388952627,0.390649682,0.406624861,0.405697935,0.41773175,0.422279065,0.427792655,0.438670065,33,31,34,39,40,42,33,42,38,40,37,43,41,49,56,56,55,58,60,59,61,59,59,59,62,61,58,,,,,,,,,,,,,,,,,,,,,,,,,,,,,,,,,,,,,,,,,,,,,,,,,,,,,,,,,,,,,,,,,,,,,,,,,,,,,,,,,,,,,,,,,,,,,,,,,,,,,,,,,,,,,,,,,,,,,,,,,,,,,,,,,,,,,,,,,,,,,,,,,,,,,,,,,,,,,,,,,,,,,,,,,,,,,,,,,,,,,,,,,,,,,,,,,,,,,,,,,,,,,,,,,,,,,,,,,,,,,,,,,,,,,,,,,,,,,,,,,,,,,,,,,,,,,,,,,,,,,,,,,,,,,,,,,,,,,,,,,,,,,,,,,,,,,,,,,,,,,,,,,,,,,,,,,,,,,,,,,,,,,,,,,,,,,,,,,,,,,,,,,,,,,,,,,,,,,,,,,,,,,,,,,,,,,,,,,,
MC,Monaco,NA,NA,NA,NA,NA,NA,NA,NA,NA,NA,NA,NA,NA,NA,NA,NA,NA,NA,NA,NA,NA,NA,NA,NA,NA,NA,NA,NA,NA,NA,NA,NA,NA,NA,NA,NA,NA,NA,NA,NA,NA,NA,NA,NA,NA,NA,NA,NA,NA,NA,NA,NA,NA,NA,0.719514208,0.719514208,0.72282246,0.726130712,0.724323759,0.722516805,0.722233629,0.721950453,0.721885468,0.716280465,0.704291108,0.722785268,0.71478457,0.716529312,0.716182855,0.709019244,0.721371802,0.720616666,0.721539382,0.718709834,0.715996411,0.717955383,0.770920026,0.769000069,0.766535946,0.707429302,0.708675539,31,31,31,29,29,33,32,31,31,32,36,31,31,32,31,32,29,28,30,27,28,26,23,23,23,27,29,0.694223582,0.702043914,0.709774032,0.614913819,0.724258431,0.696399089,0.705067476,0.750502621,0.688240352,0.760192395,0.586729016,0.753179397,0.786714856,0.791841549,0.660398868,0.762428977,0.773108872,0.704941347,0.739080656,0.772328198,0.734658642,0.796477064,0.854689393,0.724220961,0.844737275,0.757821726,0.759914535,1,1,1,12,1,1,1,1,3,1,22,3,2,2,18,4,3,13,9,6,7,1,1,9,1,4,4,0.668932955,0.68457362,0.696725603,0.503696927,0.724193104,0.670281374,0.687901323,0.779054788,0.654595236,0.804104325,0.469166923,0.783573526,0.858645141,0.867153786,0.604614881,0.815838711,0.824845942,0.689266028,0.75662193,0.825946562,0.753320873,0.874998744,0.938458761,0.679441853,0.922938605,0.80821415,0.811153531,7,7,7,24,7,8,7,7,14,7,32,7,7,7,26,8,8,16,8,7,8,7,7,16,7,7,7,,,,,,,,,,,,,,,,,,,,,,,,,,,,,,,,,,,,,,,,,,,,,,,,,,,,,,,,,,,,,,,,,,,,,,,,,,,,,,,,,,,,,,,,,,,,,,,,,,,,,,,,,,,,,,,,,,,,,,,,,,,,,,,,,,,,,,,,,,,,,,,,,,,,,,,,,,,,,,,,,,,,,,,,,,,,,,,,,,,,,,,,,,,,,,,,,,,,,,,,,,,,,,,,,,,,,,,,,,,,,,,,,,,,,,,,,,,,,,,,,,,,,,,,,,,,,,,,,,,,,,,,,,,,,,,,,,,,,,,,,,,,,,,,,,,,,,,,,,,,,,,,,,,,,,,,,,,,,,,,,,,,,,,,,,,,,,,,,,,,,,,,,,,,,,,,,,,,,,,,,,,,,,,,,,,,,,,,,,
MN,Mongolia,0.396608439,0.396608439,0.396608439,0.396608439,0.396608439,0.396608439,0.396608439,0.396608439,0.396608439,0.396608439,0.424269003,0.363441674,0.362016539,0.361886982,0.371247524,0.332250663,0.323667467,0.327780923,0.371312303,0.427410777,0.426989714,0.488205717,0.498926615,0.494456875,0.508267926,0.500244965,0.500244965,112,112,112,112,112,112,112,112,112,112,86,101,106,108,104,129,130,127,110,94,95,63,60,61,60,62,62,0.542021726,0.542021726,0.534831209,0.527640692,0.520643246,0.513645799,0.537193762,0.560741725,0.517733288,0.504280931,0.470138103,0.464741829,0.46484975,0.453341022,0.456534634,0.455009013,0.463522816,0.4629245,0.461567952,0.479102019,0.469562936,0.494447847,0.490244356,0.502956622,0.495049273,0.491244371,0.47852802,79,79,83,87,86,86,82,73,84,84,93,90,90,97,99,99,94,98,99,92,94,85,86,81,85,87,90,0.404534554,0.40328651,0.41441064,0.407797489,0.406059351,0.40346147,0.411049682,0.421840883,0.415916668,0.409287423,0.402810027,0.383401422,0.382417035,0.379771464,0.384183041,0.376445133,0.378874814,0.383102926,0.399233685,0.427468255,0.422509074,0.448849996,0.453389229,0.455461569,0.460745688,0.458418373,0.459580441,61,60,59,60,66,65,62,59,65,64,72,88,91,97,94,99,99,97,94,80,81,70,70,72,72,74,74,0.274973497,0.271229366,0.311792272,0.299143336,0.300926369,0.300130172,0.299346844,0.308172485,0.333408277,0.3269729,0.314022974,0.322020763,0.320384816,0.324086389,0.324766965,0.342075724,0.349434159,0.358603356,0.3648208,0.375891969,0.370974571,0.363896425,0.370996718,0.368971211,0.378919865,0.383765782,0.399968338,54,59,46,50,51,53,56,56,54,54,56,56,63,64,65,64,65,64,63,64,67,71,72,73,72,72,70,,,,,,,,,,,,,,,,,,,,,,,,,,,,,,,,,,,,,,,,,,,,,,,,,,,,,,,,,,,,,,,,,,,,,,,,,,,,,,,,,,,,,,,,,,,,,,,,,,,,,,,,,,,,,,,,,,,,,,,,,,,,,,,,,,,,,,,,,,,,,,,,,,,,,,,,,,,,,,,,,,,,,,,,,,,,,,,,,,,,,,,,,,,,,,,,,,,,,,,,,,,,,,,,,,,,,,,,,,,,,,,,,,,,,,,,,,,,,,,,,,,,,,,,,,,,,,,,,,,,,,,,,,,,,,,,,,,,,,,,,,,,,,,,,,,,,,,,,,,,,,,,,,,,,,,,,,,,,,,,,,,,,,,,,,,,,,,,,,,,,,,,,,,,,,,,,,,,,,,,,,,,,,,,,,,,,,,,,,
ME,Montenegro,0.479784468,0.479784468,0.479784468,0.479784468,0.479784468,0.479784468,0.479784468,0.479784468,0.479784468,0.479784468,0.540935691,0.748098417,0.416236427,0.415815365,0.400754285,0.374551245,0.386308604,0.397580122,0.418179792,0.472788353,0.465759849,0.453581428,0.458310283,0.473209416,0.477722679,0.471375196,0.471375196,40,40,40,40,40,40,40,40,40,40,32,18,84,87,93,102,99,93,91,74,75,77,74,71,67,70,70,0.487278868,0.487278868,0.487278868,0.487278868,0.495142158,0.503005448,0.502555783,0.502106118,0.465357549,0.46019158,0.470473464,0.444519591,0.469070008,0.51356449,0.525356842,0.509220991,0.510787519,0.519204105,0.510337526,0.516663604,0.513596356,0.517421429,0.508729988,0.525927651,0.525937721,0.519598224,0.51307219,95,95,95,96,94,91,91,91,101,97,92,98,87,80,76,79,80,73,75,75,75,77,78,77,77,79,81,0.416563321,0.416563321,0.416563321,0.416563321,0.419184418,0.421805515,0.421958913,0.421126755,0.409165504,0.408850969,0.434301905,0.498022279,0.397375014,0.420417042,0.431018749,0.427517017,0.42811233,0.45195641,0.449094903,0.46454317,0.468622344,0.457448387,0.456255179,0.465179479,0.475570982,0.466416239,0.465474291,56,56,58,58,56,55,58,60,68,66,60,45,84,73,69,75,74,67,70,62,59,68,68,62,62,68,72,0.282626629,0.282626629,0.282626629,0.282626629,0.282626629,0.282626629,0.283536487,0.28148968,0.282354494,0.28657686,0.29149656,0.301448829,0.306818606,0.331871273,0.366945119,0.398778814,0.387240866,0.439085004,0.418767389,0.404177553,0.426510827,0.401342304,0.401725267,0.396401369,0.423052545,0.408275297,0.411975487,52,52,58,57,57,59,60,61,61,61,62,66,69,61,57,54,57,49,54,57,55,60,63,65,61,66,68,,,,,,,,,,,,,,,,,,,,,,,,,,,,,,,,,,,,,,,,,,,,,,,,,,,,,,,,,,,,,,,,,,,,,,,,,,,,,,,,,,,,,,,,,,,,,,,,,,,,,,,,,,,,,,,,,,,,,,,,,,,,,,,,,,,,,,,,,,,,,,,,,,,,,,,,,,,,,,,,,,,,,,,,,,,,,,,,,,,,,,,,,,,,,,,,,,,,,,,,,,,,,,,,,,,,,,,,,,,,,,,,,,,,,,,,,,,,,,,,,,,,,,,,,,,,,,,,,,,,,,,,,,,,,,,,,,,,,,,,,,,,,,,,,,,,,,,,,,,,,,,,,,,,,,,,,,,,,,,,,,,,,,,,,,,,,,,,,,,,,,,,,,,,,,,,,,,,,,,,,,,,,,,,,,,,,,,,,,
MA,Morocco,0.382227537,0.382227537,0.382227537,0.382227537,0.382227537,0.382227537,0.382227537,0.382227537,0.382227537,0.382227537,0.385239753,0.405742255,0.412284918,0.417596783,0.415847754,0.402082251,0.388575863,0.408592524,0.419572537,0.481080045,0.492805014,0.482213674,0.484772438,0.494294928,0.493543055,0.514550967,0.514550967,129,129,129,129,129,129,129,129,129,129,112,87,86,85,86,89,97,88,90,70,62,67,64,62,62,59,59,0.492820558,0.492820558,0.5108694,0.528918241,0.509295914,0.489673587,0.480262672,0.470851756,0.446617174,0.460187812,0.418884464,0.428802888,0.431491698,0.425852898,0.446499986,0.45599037,0.437029102,0.433746632,0.435217838,0.457641595,0.46052453,0.459412693,0.456146077,0.448555037,0.448906791,0.451674736,0.441727251,94,94,89,86,90,96,99,101,109,98,112,111,108,114,103,97,105,109,108,100,96,99,103,105,104,107,111,0.355787755,0.355892123,0.362061862,0.366728017,0.360550724,0.355064679,0.352872036,0.350355676,0.343067763,0.350081505,0.340017277,0.35312377,0.35717298,0.36064808,0.368555858,0.370118787,0.359254609,0.368751135,0.376149967,0.406163631,0.411303999,0.409779744,0.410891538,0.413400992,0.418959157,0.428941136,0.42819094,103,103,99,94,102,105,108,108,116,114,116,107,108,108,102,101,110,104,102,92,90,92,91,93,92,88,89,0.19231517,0.192628274,0.193088649,0.189038272,0.19012872,0.193292912,0.1961259,0.197987734,0.200358576,0.207829166,0.215927614,0.224826166,0.227742325,0.238494559,0.243319833,0.252283741,0.252158861,0.263914249,0.273659526,0.279769254,0.280582454,0.287712865,0.291756099,0.297353012,0.314427626,0.320597706,0.328294602,113,112,112,116,119,120,119,120,122,120,118,116,119,116,116,115,120,115,108,108,112,111,111,109,100,97,95,,,,,,,,,,,,,,,,,,,,,,,,,,,,,,,,,,,,,,,,,,,,,,,,,,,,,,,,,,,,,,,,,,,,,,,,,,,,,,,,,,,,,,,,,,,,,,,,,,,,,,,,,,,,,,,,,,,,,,,,,,,,,,,,,,,,,,,,,,,,,,,,,,,,,,,,,,,,,,,,,,,,,,,,,,,,,,,,,,,,,,,,,,,,,,,,,,,,,,,,,,,,,,,,,,,,,,,,,,,,,,,,,,,,,,,,,,,,,,,,,,,,,,,,,,,,,,,,,,,,,,,,,,,,,,,,,,,,,,,,,,,,,,,,,,,,,,,,,,,,,,,,,,,,,,,,,,,,,,,,,,,,,,,,,,,,,,,,,,,,,,,,,,,,,,,,,,,,,,,,,,,,,,,,,,,,,,,,,,
MZ,Mozambique,0.301577883,0.301577883,0.301577883,0.301577883,0.301577883,0.301577883,0.301577883,0.301577883,0.301577883,0.301577883,0.265625628,0.240847722,0.233819218,0.231681516,0.216328931,0.227082219,0.237446833,0.206579716,0.207357062,0.260119426,0.271909175,0.295715398,0.272880857,0.292897519,0.297898816,0.294837847,0.294837847,188,188,188,188,188,188,188,188,188,188,189,168,170,171,174,165,162,172,174,159,155,154,167,159,156,156,156,0.410322301,0.410322301,0.419011334,0.427700366,0.423474164,0.419247962,0.422166361,0.425084761,0.410755416,0.409216814,0.408999361,0.42750386,0.426612267,0.434963927,0.45328582,0.447612924,0.436024723,0.433785112,0.396828861,0.38792986,0.367729678,0.315485173,0.327794267,0.33100177,0.331333421,0.313084488,0.313325061,127,127,124,121,123,123,119,116,121,119,119,113,114,108,100,103,106,108,131,135,141,165,159,159,158,164,163,0.287987952,0.288001781,0.290720879,0.293444234,0.29186414,0.290284589,0.291099305,0.291972844,0.28726465,0.286853621,0.275161874,0.273645291,0.271982308,0.274530054,0.276439523,0.279452725,0.279346488,0.268914631,0.258371519,0.274485924,0.272176609,0.262444935,0.257972672,0.267179176,0.269673165,0.263024351,0.262655352,165,165,162,160,161,163,160,162,163,169,169,158,160,163,162,158,155,162,170,165,165,176,177,173,171,174,174,0.152063671,0.152105159,0.151573419,0.151054453,0.150540374,0.150027922,0.149553669,0.149255889,0.14946065,0.149766167,0.150860632,0.152584292,0.155515438,0.156944718,0.159703818,0.163663033,0.164567908,0.166379064,0.170928635,0.175408487,0.176890974,0.176134234,0.173242892,0.17763824,0.179787259,0.181150719,0.179803149,148,148,152,153,151,153,155,164,167,170,169,171,172,175,178,177,176,179,178,177,176,179,182,182,183,184,185,,,,,,,,,,,,,,,,,,,,,,,,,,,,,,,,,,,,,,,,,,,,,,,,,,,,,,,,,,,,,,,,,,,,,,,,,,,,,,,,,,,,,,,,,,,,,,,,,,,,,,,,,,,,,,,,,,,,,,,,,,,,,,,,,,,,,,,,,,,,,,,,,,,,,,,,,,,,,,,,,,,,,,,,,,,,,,,,,,,,,,,,,,,,,,,,,,,,,,,,,,,,,,,,,,,,,,,,,,,,,,,,,,,,,,,,,,,,,,,,,,,,,,,,,,,,,,,,,,,,,,,,,,,,,,,,,,,,,,,,,,,,,,,,,,,,,,,,,,,,,,,,,,,,,,,,,,,,,,,,,,,,,,,,,,,,,,,,,,,,,,,,,,,,,,,,,,,,,,,,,,,,,,,,,,,,,,,,,,
MM,Myanmar,0.402827208,0.402827208,0.402827208,0.402827208,0.402827208,0.402827208,0.402827208,0.402827208,0.402827208,0.402827208,0.463978431,0.671141157,0.67878506,0.684291261,0.686169848,0.755224089,0.755029753,0.759823387,0.170918966,0.191065184,0.211729634,0.254742783,0.26271058,0.267309877,0.263003772,0.296771091,0.296771091,109,109,109,109,109,109,109,109,109,109,71,34,30,28,26,24,24,22,181,177,176,172,174,172,171,155,155,0.201036741,0.201036741,0.199640598,0.198244455,0.190065232,0.181886009,0.181108649,0.180331288,0.183600283,0.163390948,0.184315045,0.186136401,0.174182214,0.176989491,0.165051478,0.163355822,0.187908522,0.242596192,0.25993841,0.276703947,0.281544252,0.344985204,0.334835603,0.326135744,0.319716119,0.310943879,0.22674011,185,185,185,186,188,188,189,189,189,190,188,189,189,188,190,190,190,181,176,175,172,154,158,161,163,165,181,0.23820601,0.23879996,0.238933867,0.239057463,0.237847022,0.236637311,0.23789847,0.237611224,0.238666969,0.23190876,0.259273832,0.328992036,0.327476141,0.331302956,0.328977684,0.352483216,0.362147555,0.382361601,0.194128769,0.217899365,0.229424538,0.268080046,0.271545352,0.273273598,0.270960343,0.284261209,0.25730456,188,188,188,188,189,188,187,187,186,187,179,118,122,125,125,114,107,98,188,184,182,171,170,170,170,162,178,0.110754081,0.11253593,0.114333795,0.116100727,0.120648625,0.125198717,0.129759555,0.129675176,0.129573416,0.129508123,0.129528021,0.129698549,0.129461149,0.132628117,0.135711726,0.138869738,0.143504389,0.144665223,0.151528933,0.185928962,0.19499973,0.204512151,0.217089872,0.226375171,0.230161139,0.245068658,0.24840248,179,177,178,175,179,178,176,176,179,180,182,185,185,185,186,186,186,186,185,169,164,156,155,153,153,147,146,,,,,,,,,,,,,,,,,,,,,,,,,,,,,,,,,,,,,,,,,,,,,,,,,,,,,,,,,,,,,,,,,,,,,,,,,,,,,,,,,,,,,,,,,,,,,,,,,,,,,,,,,,,,,,,,,,,,,,,,,,,,,,,,,,,,,,,,,,,,,,,,,,,,,,,,,,,,,,,,,,,,,,,,,,,,,,,,,,,,,,,,,,,,,,,,,,,,,,,,,,,,,,,,,,,,,,,,,,,,,,,,,,,,,,,,,,,,,,,,,,,,,,,,,,,,,,,,,,,,,,,,,,,,,,,,,,,,,,,,,,,,,,,,,,,,,,,,,,,,,,,,,,,,,,,,,,,,,,,,,,,,,,,,,,,,,,,,,,,,,,,,,,,,,,,,,,,,,,,,,,,,,,,,,,,,,,,,,,
NA,Namibia,0.396802776,0.396802776,0.396802776,0.396802776,0.396802776,0.396802776,0.396802776,0.396802776,0.396802776,0.396802776,0.378502754,0.380737624,0.379960278,0.369984336,0.35916627,0.348121478,0.348963603,0.344299527,0.350485906,0.384235681,0.368721149,0.39207392,0.384915859,0.381385412,0.374487478,0.369042176,0.369042176,111,111,111,111,111,111,111,111,111,111,118,94,95,100,110,114,115,120,120,110,116,114,117,122,122,124,124,0.615626616,0.615626616,0.606828366,0.598030116,0.577824199,0.557618283,0.557660982,0.557703681,0.558909872,0.547692812,0.541541591,0.565383682,0.574082407,0.630831574,0.581981977,0.577819172,0.569916534,0.585380028,0.584690761,0.557327072,0.566603161,0.574160307,0.555465667,0.568955934,0.564725518,0.561506398,0.558165688,55,55,60,63,70,76,74,75,75,74,75,71,66,53,59,60,61,59,59,64,66,65,68,68,69,70,72,0.379456553,0.37904085,0.375762506,0.373600932,0.367077777,0.361027982,0.361499066,0.361044421,0.36213793,0.358946837,0.352076815,0.361621326,0.366226063,0.38407297,0.366443818,0.36358232,0.362405843,0.367314866,0.370535577,0.373881495,0.374964366,0.387895714,0.379581808,0.385686067,0.382298619,0.380684543,0.380351963,74,77,81,83,93,101,98,101,100,105,106,102,103,95,106,104,106,105,107,104,104,104,105,104,106,107,107,0.125940267,0.124693157,0.123656376,0.125969903,0.126606355,0.128662886,0.130033441,0.128626808,0.130701142,0.132344924,0.136186101,0.138742673,0.144635504,0.151402999,0.158183206,0.164806309,0.168337391,0.172265041,0.176430065,0.180081731,0.189568788,0.197452914,0.198363896,0.206716855,0.207682862,0.211505056,0.213848026,167,169,171,169,172,174,175,177,178,179,177,179,180,179,180,175,174,173,173,173,170,167,168,165,167,166,166,,,,,,,,,,,,,,,,,,,,,,,,,,,,,,,,,,,,,,,,,,,,,,,,,,,,,,,,,,,,,,,,,,,,,,,,,,,,,,,,,,,,,,,,,,,,,,,,,,,,,,,,,,,,,,,,,,,,,,,,,,,,,,,,,,,,,,,,,,,,,,,,,,,,,,,,,,,,,,,,,,,,,,,,,,,,,,,,,,,,,,,,,,,,,,,,,,,,,,,,,,,,,,,,,,,,,,,,,,,,,,,,,,,,,,,,,,,,,,,,,,,,,,,,,,,,,,,,,,,,,,,,,,,,,,,,,,,,,,,,,,,,,,,,,,,,,,,,,,,,,,,,,,,,,,,,,,,,,,,,,,,,,,,,,,,,,,,,,,,,,,,,,,,,,,,,,,,,,,,,,,,,,,,,,,,,,,,,,,
NR,Nauru,NA,NA,NA,NA,NA,NA,NA,NA,NA,NA,NA,NA,NA,NA,NA,NA,NA,NA,NA,NA,NA,NA,NA,NA,NA,NA,NA,NA,NA,NA,NA,NA,NA,NA,NA,NA,NA,NA,NA,NA,NA,NA,NA,NA,NA,NA,NA,NA,NA,NA,NA,NA,NA,NA,0.537190008,0.537190008,0.538844134,0.54049826,0.539594783,0.538691306,0.538549718,0.53840813,0.538375637,0.536402804,0.531328478,0.540241336,0.518661154,0.501638025,0.512094913,0.535967139,0.518838835,0.521772107,0.472346679,0.38978869,0.381019963,0.444692371,0.406728144,0.462716687,0.470003741,0.485366081,0.493425892,81,81,82,84,82,81,81,81,80,78,79,76,78,82,78,72,75,71,93,134,137,105,126,98,96,88,85,0.537190008,0.537190008,0.538844134,0.54049826,0.539594783,0.538691306,0.538549718,0.53840813,0.538375637,0.536402804,0.531328478,0.540241336,0.518661154,0.501638025,0.512094913,0.535967139,0.518838835,0.521772107,0.472346679,0.38978869,0.381019963,0.444692371,0.406728144,0.462716687,0.470003741,0.485366081,0.493425892,24,25,25,23,23,27,28,28,27,28,29,35,39,45,41,36,43,40,60,96,101,72,95,65,65,61,59,NA,NA,NA,NA,NA,NA,NA,NA,NA,NA,NA,NA,NA,NA,NA,NA,NA,NA,NA,NA,NA,NA,NA,NA,NA,NA,NA,NA,NA,NA,NA,NA,NA,NA,NA,NA,NA,NA,NA,NA,NA,NA,NA,NA,NA,NA,NA,NA,NA,NA,NA,NA,NA,NA,,,,,,,,,,,,,,,,,,,,,,,,,,,,,,,,,,,,,,,,,,,,,,,,,,,,,,,,,,,,,,,,,,,,,,,,,,,,,,,,,,,,,,,,,,,,,,,,,,,,,,,,,,,,,,,,,,,,,,,,,,,,,,,,,,,,,,,,,,,,,,,,,,,,,,,,,,,,,,,,,,,,,,,,,,,,,,,,,,,,,,,,,,,,,,,,,,,,,,,,,,,,,,,,,,,,,,,,,,,,,,,,,,,,,,,,,,,,,,,,,,,,,,,,,,,,,,,,,,,,,,,,,,,,,,,,,,,,,,,,,,,,,,,,,,,,,,,,,,,,,,,,,,,,,,,,,,,,,,,,,,,,,,,,,,,,,,,,,,,,,,,,,,,,,,,,,,,,,,,,,,,,,,,,,,,,,,,,,,
NP,Nepal,0.412835538,0.412835538,0.412835538,0.412835538,0.412835538,0.412835538,0.412835538,0.412835538,0.412835538,0.412835538,0.426082811,0.407879957,0.407685621,0.403474996,0.394729853,0.381774085,0.359878838,0.366389111,0.374745581,0.405094467,0.414746514,0.470521094,0.443022477,0.430811666,0.402841715,0.391081151,0.391081151,100,100,100,100,100,100,100,100,100,100,85,86,87,90,97,98,109,107,107,102,101,70,82,94,109,114,114,0.442169384,0.442169384,0.428373887,0.414578389,0.395609963,0.376641536,0.361829304,0.347017071,0.336455419,0.292180912,0.302477199,0.324418354,0.317943567,0.311378741,0.313621513,0.309236193,0.315804641,0.319852864,0.336202407,0.363311193,0.352483006,0.342365554,0.363881996,0.379678713,0.382753159,0.402052312,0.407754784,109,109,119,126,133,137,145,151,154,166,161,154,160,163,162,166,158,158,154,145,151,156,142,138,137,128,124,0.352119623,0.351288931,0.345542158,0.339819139,0.332370409,0.324901964,0.31907244,0.313458353,0.308935709,0.296324707,0.306801393,0.31036283,0.311645827,0.310644804,0.310623537,0.310749361,0.307394774,0.313240662,0.322958239,0.341749353,0.341313303,0.355234,0.354426187,0.35728061,0.351035104,0.356578821,0.361060277,108,110,116,117,121,127,135,145,146,155,147,130,130,134,137,133,136,135,130,122,122,116,117,118,122,119,116,0.201353946,0.198861871,0.19541705,0.19204349,0.188665725,0.185228818,0.182552479,0.180522449,0.17751617,0.18395767,0.19184417,0.198790178,0.209308292,0.217080676,0.223519246,0.241237804,0.246500842,0.253480013,0.25792673,0.256842397,0.25671039,0.252815351,0.256374088,0.261351451,0.267510436,0.276603,0.284344896,95,104,109,113,122,125,132,138,140,141,140,137,134,134,134,127,126,122,122,128,130,137,134,133,131,132,132,,,,,,,,,,,,,,,,,,,,,,,,,,,,,,,,,,,,,,,,,,,,,,,,,,,,,,,,,,,,,,,,,,,,,,,,,,,,,,,,,,,,,,,,,,,,,,,,,,,,,,,,,,,,,,,,,,,,,,,,,,,,,,,,,,,,,,,,,,,,,,,,,,,,,,,,,,,,,,,,,,,,,,,,,,,,,,,,,,,,,,,,,,,,,,,,,,,,,,,,,,,,,,,,,,,,,,,,,,,,,,,,,,,,,,,,,,,,,,,,,,,,,,,,,,,,,,,,,,,,,,,,,,,,,,,,,,,,,,,,,,,,,,,,,,,,,,,,,,,,,,,,,,,,,,,,,,,,,,,,,,,,,,,,,,,,,,,,,,,,,,,,,,,,,,,,,,,,,,,,,,,,,,,,,,,,,,,,,,
NL,Netherlands,0.468221445,0.468221445,0.468221445,0.468221445,0.468221445,0.468221445,0.468221445,0.468221445,0.468221445,0.468221445,0.484513323,0.547445965,0.568855371,0.592143363,0.580224057,0.58226459,0.580807067,0.581033793,0.614556841,0.681797276,0.674671604,0.62132623,0.618670298,0.613002149,0.604962319,0.597680436,0.597680436,46,46,46,46,46,46,46,46,46,46,59,51,46,41,41,43,43,42,37,25,25,28,31,30,34,36,36,0.861925978,0.861925978,0.865321942,0.868717906,0.877704887,0.886691867,0.868868527,0.851045187,0.835925378,0.83224708,0.82538586,0.82854738,0.835883211,0.834034385,0.837719819,0.837393534,0.848124002,0.850858497,0.844159296,0.844075858,0.833588971,0.840454928,0.833584788,0.836766373,0.827009202,0.828902588,0.830774473,7,7,8,7,6,6,9,12,12,13,14,15,14,14,13,13,11,13,13,13,15,13,15,14,14,14,14,0.602448262,0.609361888,0.61248352,0.618009201,0.629839766,0.633286113,0.618130507,0.615067079,0.614804653,0.613546434,0.623722119,0.648958707,0.658702813,0.674833559,0.676907642,0.677982275,0.689217841,0.686037958,0.694530964,0.716397884,0.709290467,0.695227684,0.693656256,0.690209079,0.688058635,0.685926236,0.686860448,13,13,12,11,9,11,15,16,16,17,15,19,19,17,15,18,16,16,16,12,15,14,16,16,16,15,14,0.477197364,0.497938241,0.503907173,0.517088251,0.543592967,0.544945027,0.517301548,0.525934604,0.540267134,0.540170776,0.561267173,0.570882777,0.571369857,0.598322928,0.612779048,0.614288702,0.638722454,0.626221586,0.624876754,0.623320518,0.619610825,0.623901894,0.628713681,0.620858714,0.632204384,0.631195684,0.632126434,24,23,23,23,22,23,26,26,26,28,26,27,28,27,24,25,23,25,26,24,26,23,22,22,21,21,21,,,,,,,,,,,,,,,,,,,,,,,,,,,,,,,,,,,,,,,,,,,,,,,,,,,,,,,,,,,,,,,,,,,,,,,,,,,,,,,,,,,,,,,,,,,,,,,,,,,,,,,,,,,,,,,,,,,,,,,,,,,,,,,,,,,,,,,,,,,,,,,,,,,,,,,,,,,,,,,,,,,,,,,,,,,,,,,,,,,,,,,,,,,,,,,,,,,,,,,,,,,,,,,,,,,,,,,,,,,,,,,,,,,,,,,,,,,,,,,,,,,,,,,,,,,,,,,,,,,,,,,,,,,,,,,,,,,,,,,,,,,,,,,,,,,,,,,,,,,,,,,,,,,,,,,,,,,,,,,,,,,,,,,,,,,,,,,,,,,,,,,,,,,,,,,,,,,,,,,,,,,,,,,,,,,,,,,,,,
NZ,New Zealand,0.518554603,0.518554603,0.518554603,0.518554603,0.518554603,0.518554603,0.518554603,0.518554603,0.518554603,0.518554603,0.568401919,0.708842441,0.722737502,0.729895564,0.730478573,0.742527437,0.736632563,0.743628677,0.74625222,0.792083249,0.787354393,0.749555941,0.748325143,0.745960716,0.73974161,0.731428663,0.731428663,10,10,10,10,10,10,10,10,10,10,10,28,22,18,17,25,25,24,22,12,12,11,11,10,10,12,12,0.866167716,0.866167716,0.86811416,0.870060604,0.863613641,0.857166678,0.855757584,0.85434849,0.857147799,0.879531202,0.853486782,0.861748102,0.863586131,0.864283031,0.869824493,0.87045976,0.883400176,0.87724685,0.880821775,0.889325979,0.891337117,0.894806634,0.896825966,0.883939924,0.872684974,0.875092771,0.86946366,6,6,5,6,9,11,11,11,8,6,8,7,7,7,7,6,5,5,5,5,5,5,5,6,6,6,7,0.645816966,0.647774533,0.65503607,0.665660096,0.672724652,0.677074202,0.685110515,0.690851295,0.69720743,0.710478048,0.724173533,0.78156874,0.795434089,0.803674239,0.81368913,0.823177116,0.817742556,0.81584397,0.781125359,0.800775769,0.802175815,0.792139659,0.791976981,0.784368963,0.702173422,0.702345693,0.700840498,5,5,5,2,3,3,3,3,2,2,1,1,1,1,1,1,1,1,4,2,2,2,3,2,10,9,9,0.55272858,0.558601281,0.578439448,0.608365082,0.636005711,0.655501326,0.681019358,0.699650791,0.715919887,0.73334834,0.750631896,0.774115678,0.799978634,0.816844122,0.840764323,0.85654415,0.833194929,0.826656383,0.716302082,0.72091808,0.727835935,0.7320564,0.730779834,0.723206249,0.494093683,0.500515645,0.50162917,14,14,12,11,12,11,9,9,7,8,7,8,8,8,7,7,7,7,12,12,10,9,9,11,43,42,42,,,,,,,,,,,,,,,,,,,,,,,,,,,,,,,,,,,,,,,,,,,,,,,,,,,,,,,,,,,,,,,,,,,,,,,,,,,,,,,,,,,,,,,,,,,,,,,,,,,,,,,,,,,,,,,,,,,,,,,,,,,,,,,,,,,,,,,,,,,,,,,,,,,,,,,,,,,,,,,,,,,,,,,,,,,,,,,,,,,,,,,,,,,,,,,,,,,,,,,,,,,,,,,,,,,,,,,,,,,,,,,,,,,,,,,,,,,,,,,,,,,,,,,,,,,,,,,,,,,,,,,,,,,,,,,,,,,,,,,,,,,,,,,,,,,,,,,,,,,,,,,,,,,,,,,,,,,,,,,,,,,,,,,,,,,,,,,,,,,,,,,,,,,,,,,,,,,,,,,,,,,,,,,,,,,,,,,,,,
NI,Nicaragua,0.391069848,0.391069848,0.391069848,0.391069848,0.391069848,0.391069848,0.391069848,0.391069848,0.391069848,0.391069848,0.368332476,0.284087597,0.303780363,0.298112215,0.289010788,0.254483667,0.249690033,0.287844769,0.303715585,0.317092415,0.334550312,0.321691712,0.326064284,0.312655064,0.301733082,0.289908076,0.289908076,121,121,121,121,121,121,121,121,121,121,128,152,142,147,151,153,158,148,141,140,131,142,141,148,153,159,159,0.400155202,0.400155202,0.392301797,0.384448392,0.385404292,0.386360192,0.399730198,0.413100205,0.404365946,0.405954905,0.399905697,0.393885095,0.391817208,0.387833265,0.387018099,0.38113542,0.395007974,0.39084103,0.400645814,0.394094366,0.391340613,0.390577594,0.384253641,0.315760939,0.307849919,0.318525676,0.303024076,133,133,136,137,135,133,130,121,123,122,127,129,135,135,134,134,129,131,130,132,133,134,135,165,166,162,164,0.319226796,0.319295527,0.316755767,0.315651462,0.31697398,0.31902148,0.324757022,0.331005019,0.329360615,0.331219583,0.323111862,0.291689836,0.296257158,0.291703432,0.286659167,0.273727032,0.277259658,0.289899689,0.299037364,0.302103464,0.307677331,0.304786445,0.305988062,0.28045874,0.274674796,0.276398451,0.272092112,131,129,133,134,132,133,129,124,128,126,132,143,144,150,154,160,158,147,141,141,141,149,150,167,168,169,170,0.166455337,0.166661532,0.166895654,0.171436145,0.1744478,0.1796344,0.183471021,0.188845003,0.192646052,0.196633996,0.201097412,0.197096818,0.193173901,0.189164817,0.183948613,0.185562009,0.187080967,0.191013269,0.192750695,0.195123611,0.197141067,0.202090029,0.207646261,0.212960215,0.214441387,0.220761601,0.223344182,135,135,135,133,133,130,130,130,128,132,129,139,146,151,159,160,160,159,161,161,163,163,160,161,162,159,161,,,,,,,,,,,,,,,,,,,,,,,,,,,,,,,,,,,,,,,,,,,,,,,,,,,,,,,,,,,,,,,,,,,,,,,,,,,,,,,,,,,,,,,,,,,,,,,,,,,,,,,,,,,,,,,,,,,,,,,,,,,,,,,,,,,,,,,,,,,,,,,,,,,,,,,,,,,,,,,,,,,,,,,,,,,,,,,,,,,,,,,,,,,,,,,,,,,,,,,,,,,,,,,,,,,,,,,,,,,,,,,,,,,,,,,,,,,,,,,,,,,,,,,,,,,,,,,,,,,,,,,,,,,,,,,,,,,,,,,,,,,,,,,,,,,,,,,,,,,,,,,,,,,,,,,,,,,,,,,,,,,,,,,,,,,,,,,,,,,,,,,,,,,,,,,,,,,,,,,,,,,,,,,,,,,,,,,,,,
NE,Niger,0.307407978,0.307407978,0.307407978,0.307407978,0.307407978,0.307407978,0.307407978,0.307407978,0.307407978,0.307407978,0.297205311,0.168133476,0.185202699,0.18627155,0.177591186,0.144035748,0.146238228,0.147209911,0.172765162,0.184295796,0.17791508,0.249787202,0.271164218,0.328169596,0.34432888,0.344425542,0.344425542,187,187,187,187,187,187,187,187,187,187,172,183,181,181,181,180,181,181,180,180,182,174,169,139,131,128,128,0.372617398,0.372617398,0.3645638,0.356510202,0.366974727,0.377439253,0.372669806,0.367900359,0.38949351,0.363675638,0.383775825,0.386649275,0.380910967,0.374891957,0.367416298,0.361935336,0.378748232,0.352782203,0.348172922,0.342852166,0.352899705,0.349528231,0.340418448,0.348761836,0.349661566,0.329308454,0.344432307,146,146,146,149,140,136,140,139,128,140,134,135,139,140,141,144,137,147,150,155,150,152,157,153,152,158,152,0.290327803,0.290329733,0.287646326,0.28496503,0.288461295,0.291952054,0.290382566,0.288854573,0.296082122,0.28754094,0.291107566,0.261642872,0.27818181,0.27938473,0.276544962,0.266176132,0.275102307,0.267292299,0.275666389,0.278742726,0.281085844,0.303468597,0.309916263,0.333779867,0.34090715,0.33646572,0.341493818,163,163,167,167,165,159,162,165,159,168,154,166,153,158,161,164,161,163,159,159,158,150,147,132,129,134,129,0.190958032,0.190963822,0.190967198,0.190976909,0.191001179,0.19100893,0.191069914,0.191255381,0.191344878,0.191539204,0.192341561,0.230145866,0.268431763,0.276990682,0.284627402,0.292557311,0.300320462,0.301884785,0.306061082,0.309080216,0.312442747,0.311090359,0.318166122,0.32440817,0.328731005,0.335663165,0.335623604,114,114,115,114,117,122,124,125,132,138,138,113,88,88,88,90,84,88,87,91,92,92,89,91,90,88,89,,,,,,,,,,,,,,,,,,,,,,,,,,,,,,,,,,,,,,,,,,,,,,,,,,,,,,,,,,,,,,,,,,,,,,,,,,,,,,,,,,,,,,,,,,,,,,,,,,,,,,,,,,,,,,,,,,,,,,,,,,,,,,,,,,,,,,,,,,,,,,,,,,,,,,,,,,,,,,,,,,,,,,,,,,,,,,,,,,,,,,,,,,,,,,,,,,,,,,,,,,,,,,,,,,,,,,,,,,,,,,,,,,,,,,,,,,,,,,,,,,,,,,,,,,,,,,,,,,,,,,,,,,,,,,,,,,,,,,,,,,,,,,,,,,,,,,,,,,,,,,,,,,,,,,,,,,,,,,,,,,,,,,,,,,,,,,,,,,,,,,,,,,,,,,,,,,,,,,,,,,,,,,,,,,,,,,,,,,
NG,Nigeria,0.453063197,0.453063197,0.453063197,0.453063197,0.453063197,0.453063197,0.453063197,0.453063197,0.453063197,0.453063197,0.514214421,0.721377146,0.729021049,0.734527251,0.736405837,0.805460079,0.805265742,0.810059376,0.81990576,0.167971528,0.169493831,0.22478257,0.220669114,0.227308945,0.239901512,0.271638926,0.271638926,59,59,59,59,59,59,59,59,59,59,41,22,20,16,15,15,15,14,14,186,185,184,185,184,180,167,167,0.27707728,0.27707728,0.291584832,0.306092384,0.284584484,0.263076584,0.238557948,0.214039311,0.215132262,0.212466606,0.256857634,0.250199499,0.257788046,0.278967722,0.262074644,0.252901034,0.257122789,0.255011744,0.253054276,0.243449518,0.267403916,0.266139411,0.266629849,0.263414617,0.266408346,0.268930646,0.275922147,173,173,167,165,170,176,182,186,185,184,177,179,179,174,177,177,176,176,179,180,176,175,175,175,174,173,171,0.293555574,0.293557208,0.298859435,0.304166011,0.297468918,0.291273475,0.284089041,0.277028212,0.278527348,0.278792665,0.315176317,0.383019616,0.388494138,0.398643766,0.39420158,0.414908262,0.417338682,0.419016783,0.422437839,0.202486083,0.211884121,0.230916689,0.230868392,0.233833445,0.240438679,0.25311927,0.256263059,160,160,153,146,155,162,171,174,172,173,140,90,89,87,91,83,81,83,83,188,186,185,185,184,182,179,179,0.150526245,0.150531147,0.151930277,0.153342451,0.154759073,0.157680644,0.160645979,0.163982128,0.167386584,0.170848192,0.174456896,0.177482203,0.178673319,0.182436327,0.184124259,0.186363673,0.189627514,0.191979229,0.194353481,0.196037203,0.198754616,0.201828085,0.205306213,0.210776773,0.215006178,0.21878824,0.221228103,149,150,151,147,147,147,144,147,148,152,152,154,155,155,158,158,157,157,158,160,160,164,163,162,161,162,162,,,,,,,,,,,,,,,,,,,,,,,,,,,,,,,,,,,,,,,,,,,,,,,,,,,,,,,,,,,,,,,,,,,,,,,,,,,,,,,,,,,,,,,,,,,,,,,,,,,,,,,,,,,,,,,,,,,,,,,,,,,,,,,,,,,,,,,,,,,,,,,,,,,,,,,,,,,,,,,,,,,,,,,,,,,,,,,,,,,,,,,,,,,,,,,,,,,,,,,,,,,,,,,,,,,,,,,,,,,,,,,,,,,,,,,,,,,,,,,,,,,,,,,,,,,,,,,,,,,,,,,,,,,,,,,,,,,,,,,,,,,,,,,,,,,,,,,,,,,,,,,,,,,,,,,,,,,,,,,,,,,,,,,,,,,,,,,,,,,,,,,,,,,,,,,,,,,,,,,,,,,,,,,,,,,,,,,,,,
NO,Norway,0.510003796,0.510003796,0.510003796,0.510003796,0.510003796,0.510003796,0.510003796,0.510003796,0.510003796,0.510003796,0.549616056,0.68435604,0.697603313,0.702882788,0.690769145,0.727757862,0.720016791,0.726980516,0.771548357,0.819646644,0.822270187,0.786026427,0.782107307,0.77974288,0.771930113,0.766291487,0.766291487,13,13,13,13,13,13,13,13,13,13,24,33,28,25,25,26,27,25,21,10,10,8,8,8,9,9,9,0.858069688,0.858069688,0.855950397,0.853831105,0.844386813,0.834942521,0.839559921,0.844177321,0.826722527,0.831233549,0.840015026,0.835133662,0.825970117,0.830355981,0.835745565,0.846582474,0.853828999,0.860566971,0.870664528,0.858796557,0.858746956,0.863201119,0.869454717,0.855854533,0.857875018,0.857583785,0.8494708,9,9,9,10,11,15,14,14,14,14,10,13,18,18,14,10,10,9,7,10,9,8,7,10,7,8,9,0.64931555,0.655594706,0.65980457,0.661295797,0.665849491,0.667688462,0.671469312,0.676268508,0.674844112,0.677095506,0.696674277,0.742057618,0.745191615,0.747413395,0.745340586,0.761018447,0.76091943,0.761018731,0.785430323,0.79827865,0.799509635,0.790389029,0.791777082,0.783326983,0.772143911,0.765136066,0.762780591,4,3,3,3,4,5,5,5,6,6,3,5,5,5,4,5,6,5,3,3,3,4,4,3,3,3,3,0.579873167,0.598710635,0.613459517,0.62005249,0.643157864,0.65811907,0.66484422,0.674624408,0.687806013,0.690049173,0.700391749,0.706683151,0.712001417,0.709001415,0.709507047,0.708715004,0.7089125,0.695508705,0.714078084,0.71639275,0.717511763,0.721939541,0.723769221,0.714383537,0.686626602,0.671532926,0.672579487,10,10,9,9,9,10,11,13,12,14,12,13,13,13,13,14,14,14,13,13,13,12,12,12,14,15,16,,,,,,,,,,,,,,,,,,,,,,,,,,,,,,,,,,,,,,,,,,,,,,,,,,,,,,,,,,,,,,,,,,,,,,,,,,,,,,,,,,,,,,,,,,,,,,,,,,,,,,,,,,,,,,,,,,,,,,,,,,,,,,,,,,,,,,,,,,,,,,,,,,,,,,,,,,,,,,,,,,,,,,,,,,,,,,,,,,,,,,,,,,,,,,,,,,,,,,,,,,,,,,,,,,,,,,,,,,,,,,,,,,,,,,,,,,,,,,,,,,,,,,,,,,,,,,,,,,,,,,,,,,,,,,,,,,,,,,,,,,,,,,,,,,,,,,,,,,,,,,,,,,,,,,,,,,,,,,,,,,,,,,,,,,,,,,,,,,,,,,,,,,,,,,,,,,,,,,,,,,,,,,,,,,,,,,,,,,
OM,Oman,0.422649532,0.422649532,0.422649532,0.422649532,0.422649532,0.422649532,0.422649532,0.422649532,0.422649532,0.422649532,0.437548665,0.53209338,0.53989923,0.54048224,0.556579781,0.5923377,0.586701941,0.596613103,0.615625692,0.655173173,0.648403785,0.61241914,0.627221104,0.632856863,0.633960971,0.634508724,0.634508724,89,89,89,89,89,89,89,89,89,89,81,53,50,50,45,41,41,39,36,31,30,31,27,26,24,28,28,0.595276785,0.595276785,0.597019739,0.598762692,0.611225193,0.623687694,0.636898397,0.650109099,0.636318962,0.645092813,0.607339432,0.602222861,0.612510458,0.634229136,0.609605098,0.594221122,0.566893682,0.580708018,0.577962716,0.609231029,0.597671635,0.603867027,0.590366163,0.574961925,0.5945815,0.586547223,0.565190876,65,65,64,62,58,50,47,43,47,43,61,59,55,52,57,58,62,60,61,54,60,60,62,66,62,64,70,0.366453999,0.366449881,0.367795187,0.36968453,0.375466371,0.381164128,0.38817604,0.394571444,0.391779414,0.396726,0.393523664,0.426283726,0.434755426,0.442745154,0.444093613,0.453743717,0.448980168,0.461662384,0.470439122,0.49863012,0.497501866,0.492074497,0.489897027,0.490354895,0.502529057,0.505697228,0.500333864,91,90,88,88,81,79,77,71,77,72,83,65,65,63,65,62,64,63,61,51,52,53,55,57,54,55,58,0.081435681,0.081423326,0.083716291,0.087641364,0.092524388,0.097155158,0.104980191,0.110955701,0.116369748,0.122435656,0.135682894,0.144534937,0.15185659,0.153524085,0.166095961,0.174672329,0.19334488,0.20766603,0.217728957,0.231486157,0.246430179,0.259937324,0.252103814,0.263245898,0.2790447,0.296035737,0.301301993,192,192,191,190,190,188,186,185,186,183,178,175,177,178,171,169,156,152,149,143,137,130,139,132,126,117,117,,,,,,,,,,,,,,,,,,,,,,,,,,,,,,,,,,,,,,,,,,,,,,,,,,,,,,,,,,,,,,,,,,,,,,,,,,,,,,,,,,,,,,,,,,,,,,,,,,,,,,,,,,,,,,,,,,,,,,,,,,,,,,,,,,,,,,,,,,,,,,,,,,,,,,,,,,,,,,,,,,,,,,,,,,,,,,,,,,,,,,,,,,,,,,,,,,,,,,,,,,,,,,,,,,,,,,,,,,,,,,,,,,,,,,,,,,,,,,,,,,,,,,,,,,,,,,,,,,,,,,,,,,,,,,,,,,,,,,,,,,,,,,,,,,,,,,,,,,,,,,,,,,,,,,,,,,,,,,,,,,,,,,,,,,,,,,,,,,,,,,,,,,,,,,,,,,,,,,,,,,,,,,,,,,,,,,,,,,
PK,Pakistan,0.45792161,0.45792161,0.45792161,0.45792161,0.45792161,0.45792161,0.45792161,0.45792161,0.45792161,0.45792161,0.519072833,0.726235559,0.733879462,0.739385663,0.74126425,0.810318492,0.810124155,0.814917789,0.824764173,0.295844956,0.289788134,0.288460168,0.283375029,0.279941751,0.285719382,0.342202312,0.342202312,56,56,56,56,56,56,56,56,56,56,38,20,18,15,14,14,14,13,13,148,149,160,163,166,163,129,129,0.327584963,0.327584963,0.324104182,0.320623401,0.318363372,0.316103344,0.301838422,0.2875735,0.303120736,0.265537175,0.290322848,0.302195002,0.28028072,0.262395463,0.25647871,0.257840521,0.242433539,0.24644824,0.257920468,0.279693678,0.28057499,0.273714139,0.289154984,0.295388649,0.289816811,0.307153062,0.317806897,161,161,162,161,159,159,163,170,164,173,165,168,173,180,178,176,183,179,178,173,173,174,171,169,170,166,161,0.341260781,0.341261713,0.336106268,0.330959254,0.331667305,0.332506567,0.329392481,0.324550037,0.329891102,0.317762415,0.346652658,0.42260968,0.421562057,0.418764585,0.418494164,0.441228209,0.438166655,0.442226119,0.449898642,0.280981745,0.27919482,0.276746463,0.280596512,0.281802718,0.284004839,0.309091404,0.313151217,118,118,120,122,122,121,123,129,127,137,110,69,71,74,79,69,69,71,69,156,161,167,167,166,162,149,146,0.238275771,0.238278567,0.226293011,0.214332751,0.218716933,0.223494748,0.22841741,0.228154999,0.228630959,0.229828459,0.230562292,0.23939848,0.25052599,0.254512628,0.257739533,0.255525614,0.261942271,0.265312329,0.267011285,0.267406601,0.267221334,0.268065083,0.269259521,0.270077754,0.276478323,0.277918838,0.279444441,70,70,82,92,92,90,87,93,98,104,106,104,99,106,106,113,114,114,117,119,123,128,126,128,128,131,135,,,,,,,,,,,,,,,,,,,,,,,,,,,,,,,,,,,,,,,,,,,,,,,,,,,,,,,,,,,,,,,,,,,,,,,,,,,,,,,,,,,,,,,,,,,,,,,,,,,,,,,,,,,,,,,,,,,,,,,,,,,,,,,,,,,,,,,,,,,,,,,,,,,,,,,,,,,,,,,,,,,,,,,,,,,,,,,,,,,,,,,,,,,,,,,,,,,,,,,,,,,,,,,,,,,,,,,,,,,,,,,,,,,,,,,,,,,,,,,,,,,,,,,,,,,,,,,,,,,,,,,,,,,,,,,,,,,,,,,,,,,,,,,,,,,,,,,,,,,,,,,,,,,,,,,,,,,,,,,,,,,,,,,,,,,,,,,,,,,,,,,,,,,,,,,,,,,,,,,,,,,,,,,,,,,,,,,,,,
PW,Palau,0.379215321,0.379215321,0.379215321,0.379215321,0.379215321,0.379215321,0.379215321,0.379215321,0.379215321,0.379215321,0.411993413,0.418179792,0.406519601,0.411021731,0.39877853,0.38595232,0.376267884,0.373579562,0.373806288,0.401855525,0.393175161,0.387409844,0.383847008,0.388122411,0.377902875,0.37500301,0.37500301,132,132,132,132,132,132,132,132,132,132,91,82,90,88,95,96,105,102,108,104,105,116,118,115,121,120,120,0.538815927,0.538815927,0.540470053,0.542124179,0.541220702,0.540317225,0.540175637,0.540034049,0.540001556,0.538028723,0.532954397,0.541867256,0.538665849,0.530167092,0.537434976,0.529295122,0.516155425,0.516200929,0.505099637,0.490122185,0.48301761,0.524755975,0.496357981,0.518478467,0.528571146,0.508997166,0.520001362,80,80,81,83,80,80,79,80,78,76,78,75,76,75,71,75,77,74,78,85,90,74,83,78,76,82,80,0.396498224,0.39770322,0.399459592,0.401215964,0.402119801,0.403023638,0.396580377,0.398720359,0.402760978,0.406368418,0.419633777,0.427916681,0.427264647,0.428516066,0.428434089,0.423371403,0.418506197,0.42135762,0.422843633,0.424382414,0.419655374,0.431874858,0.421449717,0.430476815,0.430662998,0.423141204,0.426781106,64,66,66,68,67,67,70,69,72,68,66,64,67,68,72,78,80,81,82,82,85,82,85,82,85,93,92,0.271463423,0.275078413,0.278693402,0.282308391,0.28592338,0.289538369,0.270350173,0.276911708,0.289066056,0.301861208,0.31395352,0.323702994,0.336608491,0.344359376,0.349088761,0.354866767,0.363095282,0.374292368,0.389624974,0.381169531,0.382773351,0.383458756,0.384144162,0.384829568,0.385514974,0.385423437,0.385338947,55,56,59,58,56,57,63,63,59,58,57,55,56,58,61,61,61,61,59,63,65,67,67,69,71,71,73,,,,,,,,,,,,,,,,,,,,,,,,,,,,,,,,,,,,,,,,,,,,,,,,,,,,,,,,,,,,,,,,,,,,,,,,,,,,,,,,,,,,,,,,,,,,,,,,,,,,,,,,,,,,,,,,,,,,,,,,,,,,,,,,,,,,,,,,,,,,,,,,,,,,,,,,,,,,,,,,,,,,,,,,,,,,,,,,,,,,,,,,,,,,,,,,,,,,,,,,,,,,,,,,,,,,,,,,,,,,,,,,,,,,,,,,,,,,,,,,,,,,,,,,,,,,,,,,,,,,,,,,,,,,,,,,,,,,,,,,,,,,,,,,,,,,,,,,,,,,,,,,,,,,,,,,,,,,,,,,,,,,,,,,,,,,,,,,,,,,,,,,,,,,,,,,,,,,,,,,,,,,,,,,,,,,,,,,,,
PA,Panama,0.376203105,0.376203105,0.376203105,0.376203105,0.376203105,0.376203105,0.376203105,0.376203105,0.376203105,0.376203105,0.366518669,0.37425974,0.374389297,0.370308231,0.369401327,0.404187563,0.409240313,0.406713938,0.425208296,0.467703214,0.460836658,0.404446679,0.400624727,0.393304718,0.393111057,0.382510438,0.382510438,135,135,135,135,135,135,135,135,135,135,130,95,99,99,105,88,87,90,88,75,78,107,110,111,113,116,116,0.519711721,0.519711721,0.532022649,0.544333578,0.529847044,0.515360509,0.517290633,0.519220756,0.492412068,0.496057556,0.475888403,0.486238261,0.491063641,0.517053873,0.500929747,0.49603986,0.50832856,0.484041928,0.483925514,0.510353655,0.512111195,0.514418953,0.507981655,0.492315148,0.490413039,0.483677641,0.479058614,86,86,85,81,84,85,87,86,92,86,89,86,83,78,84,84,81,88,89,78,76,79,79,85,86,91,89,0.341930469,0.345730823,0.35212636,0.35755139,0.355605339,0.351338008,0.354427261,0.357868622,0.351316421,0.355365476,0.346996862,0.355345513,0.361674772,0.373295243,0.371625832,0.380738028,0.386246378,0.37656803,0.383041392,0.406735775,0.407993507,0.397040538,0.390959369,0.393632922,0.382959862,0.376752358,0.375580586,117,116,111,106,107,109,107,102,109,111,109,105,106,101,100,97,97,101,100,91,93,101,102,101,105,108,109,0.12987658,0.141277643,0.148153326,0.152117487,0.160765867,0.16245041,0.169788046,0.178182005,0.185334089,0.193835766,0.198583514,0.205538537,0.219571376,0.232523624,0.244546423,0.241986662,0.241170261,0.238948223,0.239990365,0.242150457,0.251032668,0.272255983,0.264271724,0.295278898,0.265355488,0.264068996,0.265172706,162,157,153,150,141,140,140,140,137,136,132,132,127,120,115,126,131,135,137,138,131,125,129,113,134,139,141,,,,,,,,,,,,,,,,,,,,,,,,,,,,,,,,,,,,,,,,,,,,,,,,,,,,,,,,,,,,,,,,,,,,,,,,,,,,,,,,,,,,,,,,,,,,,,,,,,,,,,,,,,,,,,,,,,,,,,,,,,,,,,,,,,,,,,,,,,,,,,,,,,,,,,,,,,,,,,,,,,,,,,,,,,,,,,,,,,,,,,,,,,,,,,,,,,,,,,,,,,,,,,,,,,,,,,,,,,,,,,,,,,,,,,,,,,,,,,,,,,,,,,,,,,,,,,,,,,,,,,,,,,,,,,,,,,,,,,,,,,,,,,,,,,,,,,,,,,,,,,,,,,,,,,,,,,,,,,,,,,,,,,,,,,,,,,,,,,,,,,,,,,,,,,,,,,,,,,,,,,,,,,,,,,,,,,,,,,
PG,Papua New Guinea,0.355603434,0.355603434,0.355603434,0.355603434,0.355603434,0.355603434,0.355603434,0.355603434,0.355603434,0.355603434,0.351749093,0.327651365,0.331926769,0.323440741,0.316412237,0.336590845,0.324963044,0.319845515,0.322274722,0.342615277,0.328849774,0.354599362,0.354696531,0.350777411,0.334662663,0.324964225,0.324964225,153,153,153,153,153,153,153,153,153,153,143,128,124,132,139,123,128,130,134,129,133,128,128,130,134,140,140,0.392532018,0.392532018,0.402419666,0.412307314,0.403358108,0.394408901,0.376005174,0.357601446,0.35300684,0.344013451,0.297389356,0.320234406,0.333373406,0.329171062,0.323291723,0.333650126,0.344382262,0.35600223,0.352535921,0.379688003,0.361659187,0.361906727,0.348392069,0.360656329,0.349487025,0.370214882,0.356021315,135,135,134,127,128,129,136,146,145,151,162,159,153,156,158,153,150,146,147,136,147,144,154,148,153,138,146,0.294590922,0.294766913,0.297736918,0.300704017,0.297799248,0.294859246,0.288731549,0.282687181,0.281167444,0.278240039,0.261490604,0.261105731,0.267180293,0.263569614,0.2600616,0.270773189,0.271160117,0.273935416,0.274173373,0.290613495,0.280437084,0.289604516,0.285618562,0.289505288,0.281461305,0.286928837,0.282999876,158,155,155,151,154,156,164,170,169,174,178,167,165,167,171,162,165,160,160,148,160,161,164,161,163,160,165,0.135637314,0.136165287,0.135187653,0.134201301,0.134436201,0.134565402,0.134586038,0.134856661,0.134892056,0.135103232,0.135333364,0.13543142,0.136240705,0.138097039,0.140480842,0.142078596,0.144135046,0.145958502,0.147709476,0.149537204,0.150802292,0.152307458,0.153767087,0.157082125,0.160234228,0.165607405,0.168014088,160,163,163,164,164,170,169,173,175,178,179,181,184,184,185,185,185,185,186,187,187,188,189,189,188,188,188,,,,,,,,,,,,,,,,,,,,,,,,,,,,,,,,,,,,,,,,,,,,,,,,,,,,,,,,,,,,,,,,,,,,,,,,,,,,,,,,,,,,,,,,,,,,,,,,,,,,,,,,,,,,,,,,,,,,,,,,,,,,,,,,,,,,,,,,,,,,,,,,,,,,,,,,,,,,,,,,,,,,,,,,,,,,,,,,,,,,,,,,,,,,,,,,,,,,,,,,,,,,,,,,,,,,,,,,,,,,,,,,,,,,,,,,,,,,,,,,,,,,,,,,,,,,,,,,,,,,,,,,,,,,,,,,,,,,,,,,,,,,,,,,,,,,,,,,,,,,,,,,,,,,,,,,,,,,,,,,,,,,,,,,,,,,,,,,,,,,,,,,,,,,,,,,,,,,,,,,,,,,,,,,,,,,,,,,,,
PY,Paraguay,0.359295828,0.359295828,0.359295828,0.359295828,0.359295828,0.359295828,0.359295828,0.359295828,0.359295828,0.359295828,0.363765568,0.297788321,0.306533464,0.351781483,0.343295455,0.340509965,0.353012281,0.356542727,0.361627866,0.388090022,0.394762242,0.432593084,0.426179979,0.42167785,0.411637973,0.408544784,0.408544784,149,149,149,149,149,149,149,149,149,149,132,146,138,116,121,120,112,116,117,108,104,93,96,103,103,104,104,0.358372266,0.358372266,0.342098019,0.325823772,0.3113954,0.296967027,0.292243361,0.287519696,0.297963121,0.310328793,0.306071129,0.319522688,0.324461155,0.345487496,0.356416791,0.366902958,0.376934997,0.363019071,0.360383714,0.400419959,0.406382997,0.421465988,0.416642156,0.417212156,0.418189837,0.428471981,0.406484419,151,151,154,159,161,165,168,171,167,162,159,160,156,149,145,141,139,142,145,127,126,122,119,124,124,121,126,0.27609233,0.276456957,0.272238352,0.26913396,0.266678609,0.264497342,0.265023644,0.267721993,0.273248816,0.281900743,0.28388122,0.266784865,0.275500931,0.301957405,0.304471894,0.305056134,0.303452888,0.296370746,0.299010598,0.322570562,0.328380173,0.347047368,0.34511461,0.344872531,0.34115749,0.345973126,0.339978989,172,171,176,178,179,181,179,179,176,171,160,162,157,141,140,139,138,144,142,129,127,121,123,124,128,127,131,0.110608895,0.111702775,0.115321209,0.122282281,0.129344599,0.13722917,0.143531742,0.156350454,0.162487498,0.176077607,0.181806964,0.183043585,0.195508173,0.208603235,0.213703434,0.207755478,0.180411385,0.16955044,0.175020214,0.179201705,0.183995279,0.187083032,0.192521694,0.195727587,0.193644661,0.200902614,0.204907765,180,178,177,174,170,165,162,156,154,144,143,147,142,140,143,148,167,176,174,175,172,172,170,172,174,173,172,,,,,,,,,,,,,,,,,,,,,,,,,,,,,,,,,,,,,,,,,,,,,,,,,,,,,,,,,,,,,,,,,,,,,,,,,,,,,,,,,,,,,,,,,,,,,,,,,,,,,,,,,,,,,,,,,,,,,,,,,,,,,,,,,,,,,,,,,,,,,,,,,,,,,,,,,,,,,,,,,,,,,,,,,,,,,,,,,,,,,,,,,,,,,,,,,,,,,,,,,,,,,,,,,,,,,,,,,,,,,,,,,,,,,,,,,,,,,,,,,,,,,,,,,,,,,,,,,,,,,,,,,,,,,,,,,,,,,,,,,,,,,,,,,,,,,,,,,,,,,,,,,,,,,,,,,,,,,,,,,,,,,,,,,,,,,,,,,,,,,,,,,,,,,,,,,,,,,,,,,,,,,,,,,,,,,,,,,,
PE,Peru,0.394373569,0.394373569,0.394373569,0.394373569,0.394373569,0.394373569,0.394373569,0.394373569,0.394373569,0.394373569,0.387798517,0.417629172,0.405029688,0.402600482,0.380284172,0.39210631,0.417370057,0.428123344,0.440658049,0.460512763,0.455006562,0.442147963,0.437678223,0.441953626,0.435706854,0.424494042,0.424494042,115,115,115,115,115,115,115,115,115,115,111,84,91,91,102,92,83,83,79,81,82,88,88,84,89,94,94,0.423874209,0.423874209,0.435383166,0.446892123,0.432261941,0.417631759,0.415555474,0.413479188,0.420043302,0.416606962,0.405029187,0.422346594,0.428080747,0.431922584,0.419809464,0.436231099,0.44695902,0.432968777,0.432969711,0.441866493,0.450543889,0.470197132,0.453094454,0.452842723,0.469175852,0.46335996,0.427083606,122,122,117,109,121,125,124,120,116,117,123,117,112,110,120,107,102,110,109,107,100,94,104,104,97,100,118,0.351925529,0.351388327,0.355340275,0.333055645,0.331355647,0.328400273,0.32612079,0.325385149,0.33039895,0.335909006,0.330559372,0.348735719,0.347620375,0.353197576,0.343507802,0.35485768,0.365587608,0.364844315,0.374652557,0.389735556,0.395983244,0.404498281,0.398617036,0.40091599,0.405447177,0.400951158,0.390264901,109,109,107,121,123,125,126,128,126,122,126,110,112,110,119,110,105,106,104,97,96,95,99,98,97,100,103,0.237528809,0.235917202,0.236264089,0.157901242,0.167431431,0.17319549,0.168433326,0.168302688,0.176779979,0.196746489,0.198850413,0.206231392,0.209750689,0.225069664,0.23042977,0.236235632,0.232433748,0.233440825,0.250329909,0.266827411,0.282399282,0.301149748,0.305078431,0.307951621,0.311458826,0.314999472,0.319217053,71,71,72,143,137,135,141,143,141,131,131,131,132,128,128,130,138,139,126,120,110,101,100,103,103,104,103,,,,,,,,,,,,,,,,,,,,,,,,,,,,,,,,,,,,,,,,,,,,,,,,,,,,,,,,,,,,,,,,,,,,,,,,,,,,,,,,,,,,,,,,,,,,,,,,,,,,,,,,,,,,,,,,,,,,,,,,,,,,,,,,,,,,,,,,,,,,,,,,,,,,,,,,,,,,,,,,,,,,,,,,,,,,,,,,,,,,,,,,,,,,,,,,,,,,,,,,,,,,,,,,,,,,,,,,,,,,,,,,,,,,,,,,,,,,,,,,,,,,,,,,,,,,,,,,,,,,,,,,,,,,,,,,,,,,,,,,,,,,,,,,,,,,,,,,,,,,,,,,,,,,,,,,,,,,,,,,,,,,,,,,,,,,,,,,,,,,,,,,,,,,,,,,,,,,,,,,,,,,,,,,,,,,,,,,,,
PH,Philippines,0.321108703,0.321108703,0.321108703,0.321108703,0.321108703,0.321108703,0.321108703,0.321108703,0.321108703,0.321108703,0.307181252,0.298533278,0.286192909,0.273172362,0.269836252,0.278419448,0.288071495,0.306954527,0.317966929,0.34523882,0.333934913,0.313885862,0.321367818,0.316930468,0.314041399,0.325350873,0.325350873,175,175,175,175,175,175,175,175,175,175,169,145,154,158,158,149,145,135,135,127,132,146,143,144,145,139,139,0.465281035,0.465281035,0.47385826,0.482435485,0.438305849,0.394176213,0.400834943,0.407493672,0.366104694,0.338939663,0.386303671,0.351073889,0.359399177,0.349983327,0.34878679,0.348418365,0.370079441,0.394431323,0.411832143,0.431906055,0.423086632,0.400043294,0.406614425,0.398493771,0.407713472,0.417282246,0.405251867,99,99,100,98,114,130,128,125,138,155,133,144,143,147,149,150,141,130,122,114,118,129,127,129,127,126,129,0.327574808,0.328465139,0.330834325,0.333812755,0.319932486,0.306254638,0.309602704,0.312496652,0.298927488,0.291166385,0.302640689,0.28959512,0.290660453,0.284578939,0.284138382,0.290479364,0.302296429,0.317092342,0.328545622,0.346418484,0.341497516,0.328918275,0.331481619,0.325353821,0.329021159,0.33818016,0.336969204,128,127,124,119,130,147,147,146,154,161,151,146,149,153,157,146,140,134,128,120,121,131,133,138,133,133,135,0.196334688,0.19900568,0.197536013,0.197894078,0.200382907,0.203478998,0.206864466,0.208887582,0.209569066,0.21345079,0.214437144,0.219178195,0.226389272,0.230581128,0.233792105,0.24460028,0.248738351,0.249891178,0.255837794,0.262110578,0.267471005,0.272825667,0.266462612,0.260637224,0.265308607,0.27190736,0.280304871,107,103,107,106,107,110,112,115,117,117,120,123,121,122,124,123,122,127,124,125,122,124,127,134,135,134,134,,,,,,,,,,,,,,,,,,,,,,,,,,,,,,,,,,,,,,,,,,,,,,,,,,,,,,,,,,,,,,,,,,,,,,,,,,,,,,,,,,,,,,,,,,,,,,,,,,,,,,,,,,,,,,,,,,,,,,,,,,,,,,,,,,,,,,,,,,,,,,,,,,,,,,,,,,,,,,,,,,,,,,,,,,,,,,,,,,,,,,,,,,,,,,,,,,,,,,,,,,,,,,,,,,,,,,,,,,,,,,,,,,,,,,,,,,,,,,,,,,,,,,,,,,,,,,,,,,,,,,,,,,,,,,,,,,,,,,,,,,,,,,,,,,,,,,,,,,,,,,,,,,,,,,,,,,,,,,,,,,,,,,,,,,,,,,,,,,,,,,,,,,,,,,,,,,,,,,,,,,,,,,,,,,,,,,,,,,
PL,Poland,0.365223092,0.365223092,0.365223092,0.365223092,0.365223092,0.365223092,0.365223092,0.365223092,0.365223092,0.365223092,0.353465733,0.337756864,0.339797398,0.345012094,0.335100932,0.333351903,0.349417055,0.358032641,0.421192008,0.511526099,0.515477608,0.507315474,0.520141684,0.51538044,0.479720364,0.470924106,0.470924106,146,146,146,146,146,146,146,146,146,146,140,116,116,118,125,125,114,109,89,56,57,56,57,57,66,71,71,0.652181845,0.652181845,0.652755502,0.653329159,0.637369022,0.621408884,0.621316324,0.621223764,0.609592419,0.572907202,0.595346091,0.585693988,0.606016008,0.636240917,0.647619828,0.661117528,0.66712885,0.674750179,0.674527788,0.673114589,0.67004392,0.645080847,0.627589739,0.624149987,0.63400858,0.630114156,0.620530464,44,44,45,45,48,51,53,56,63,69,65,65,58,51,46,44,44,38,39,37,38,45,50,49,48,49,52,0.450982806,0.451804214,0.454956804,0.455908758,0.452472217,0.451861602,0.453409793,0.458514995,0.455358872,0.447281303,0.452307142,0.450250088,0.46344795,0.478813945,0.486592422,0.496379791,0.511284789,0.521514164,0.540474196,0.566599432,0.573794172,0.559434439,0.555477112,0.556379344,0.545249518,0.544055817,0.54148817,41,42,42,42,43,45,46,47,49,53,54,61,54,49,49,49,45,41,36,31,31,32,33,34,37,38,41,0.33554348,0.338007705,0.346891818,0.349174024,0.354824537,0.368952829,0.373689962,0.38909813,0.391261105,0.403713615,0.408109602,0.427299413,0.444530443,0.455188825,0.477056507,0.494669942,0.517308461,0.531759672,0.525702791,0.515157607,0.535860988,0.525906996,0.518699912,0.529607607,0.522019611,0.53112919,0.533009939,40,40,39,40,39,40,41,39,40,42,43,40,40,42,38,35,33,32,34,37,35,37,39,37,37,37,36,,,,,,,,,,,,,,,,,,,,,,,,,,,,,,,,,,,,,,,,,,,,,,,,,,,,,,,,,,,,,,,,,,,,,,,,,,,,,,,,,,,,,,,,,,,,,,,,,,,,,,,,,,,,,,,,,,,,,,,,,,,,,,,,,,,,,,,,,,,,,,,,,,,,,,,,,,,,,,,,,,,,,,,,,,,,,,,,,,,,,,,,,,,,,,,,,,,,,,,,,,,,,,,,,,,,,,,,,,,,,,,,,,,,,,,,,,,,,,,,,,,,,,,,,,,,,,,,,,,,,,,,,,,,,,,,,,,,,,,,,,,,,,,,,,,,,,,,,,,,,,,,,,,,,,,,,,,,,,,,,,,,,,,,,,,,,,,,,,,,,,,,,,,,,,,,,,,,,,,,,,,,,,,,,,,,,,,,,,
PT,Portugal,0.410697837,0.410697837,0.410697837,0.410697837,0.410697837,0.410697837,0.410697837,0.410697837,0.410697837,0.410697837,0.393045603,0.431621401,0.47408393,0.492610678,0.480950487,0.507412642,0.524060804,0.56445041,0.58955221,0.628192787,0.615398966,0.582329369,0.593050267,0.582912379,0.568101811,0.558757801,0.558757801,102,102,102,102,102,102,102,102,102,102,104,79,63,58,61,58,55,48,41,34,37,44,40,41,48,49,49,0.759875733,0.759875733,0.753874188,0.747872643,0.740249839,0.732627035,0.746303173,0.759979311,0.745190371,0.72795207,0.730425056,0.701789422,0.699481854,0.709706444,0.699426585,0.680062041,0.675952008,0.682005126,0.677358587,0.681067098,0.697355107,0.689419355,0.699763836,0.698268813,0.696073958,0.688238538,0.679452959,24,24,24,24,26,28,27,26,27,28,30,36,34,34,36,39,41,36,38,35,32,31,30,30,29,34,36,0.447973499,0.451068357,0.45190697,0.4564052,0.457442208,0.459519468,0.468231565,0.476559944,0.476565981,0.473255169,0.472034714,0.478537595,0.498438087,0.518244314,0.523606035,0.527128488,0.538139966,0.558413237,0.56623567,0.585974034,0.597329697,0.576491941,0.581978202,0.581839359,0.58098291,0.578438292,0.577479893,43,43,43,40,38,40,38,38,39,40,49,52,45,38,38,38,33,32,32,27,27,28,27,28,29,31,31,0.173346927,0.182631503,0.191148885,0.21064512,0.221378948,0.235233534,0.247693687,0.259002685,0.273809736,0.2811156,0.292633481,0.302201962,0.321748475,0.352415819,0.390441032,0.393910779,0.414407086,0.428784176,0.431796212,0.448662216,0.479235016,0.457727099,0.453120502,0.464336885,0.478772962,0.488318536,0.494228919,132,125,114,94,85,77,71,67,64,64,61,65,62,56,53,57,53,50,50,48,42,46,47,46,45,44,44,,,,,,,,,,,,,,,,,,,,,,,,,,,,,,,,,,,,,,,,,,,,,,,,,,,,,,,,,,,,,,,,,,,,,,,,,,,,,,,,,,,,,,,,,,,,,,,,,,,,,,,,,,,,,,,,,,,,,,,,,,,,,,,,,,,,,,,,,,,,,,,,,,,,,,,,,,,,,,,,,,,,,,,,,,,,,,,,,,,,,,,,,,,,,,,,,,,,,,,,,,,,,,,,,,,,,,,,,,,,,,,,,,,,,,,,,,,,,,,,,,,,,,,,,,,,,,,,,,,,,,,,,,,,,,,,,,,,,,,,,,,,,,,,,,,,,,,,,,,,,,,,,,,,,,,,,,,,,,,,,,,,,,,,,,,,,,,,,,,,,,,,,,,,,,,,,,,,,,,,,,,,,,,,,,,,,,,,,,
QA,Qatar,0.485420227,0.485420227,0.485420227,0.485420227,0.485420227,0.485420227,0.485420227,0.485420227,0.485420227,0.485420227,0.54657145,0.753734176,0.761378079,0.549745614,0.545211095,0.573163164,0.550328623,0.55382668,0.58006211,0.613164096,0.608402852,0.61186852,0.628711018,0.624306057,0.61875279,0.657224334,0.657224334,35,35,35,35,35,35,35,35,35,35,29,16,15,48,49,47,51,49,47,38,39,32,26,28,29,22,22,0.52158043,0.52158043,0.553706869,0.585833308,0.594911058,0.603988808,0.609419548,0.614850289,0.612795925,0.603933284,0.628111412,0.641039185,0.626965708,0.668612609,0.722520741,0.703375319,0.671707646,0.701519724,0.701243283,0.67133658,0.667122051,0.665326068,0.628456064,0.637461442,0.650229695,0.667702113,0.678038284,85,85,76,67,66,62,60,57,58,61,52,46,52,42,30,34,43,34,33,38,39,38,49,46,43,40,37,0.377145304,0.379554515,0.391921568,0.403290453,0.406720442,0.408633721,0.409841104,0.411882274,0.414410061,0.414986438,0.445199005,0.520153738,0.51692178,0.461091013,0.479905456,0.486762886,0.470336394,0.48220327,0.497908543,0.500344467,0.499461851,0.502169138,0.497000814,0.50187704,0.50709515,0.535436231,0.542601956,78,76,71,66,65,64,65,64,66,61,56,40,41,53,51,52,57,54,49,50,50,49,53,51,52,44,39,0.124435254,0.131662888,0.136637609,0.138617824,0.13983004,0.136492128,0.134683538,0.135376307,0.145014031,0.155605804,0.160914153,0.165687853,0.162421553,0.164914817,0.171984534,0.183750175,0.188972912,0.191263406,0.212420237,0.216532726,0.222860651,0.229312824,0.23383536,0.24386362,0.252302966,0.281382246,0.292543249,168,165,160,161,160,166,168,172,171,167,165,165,167,167,166,161,158,158,150,150,150,148,148,143,142,129,124,,,,,,,,,,,,,,,,,,,,,,,,,,,,,,,,,,,,,,,,,,,,,,,,,,,,,,,,,,,,,,,,,,,,,,,,,,,,,,,,,,,,,,,,,,,,,,,,,,,,,,,,,,,,,,,,,,,,,,,,,,,,,,,,,,,,,,,,,,,,,,,,,,,,,,,,,,,,,,,,,,,,,,,,,,,,,,,,,,,,,,,,,,,,,,,,,,,,,,,,,,,,,,,,,,,,,,,,,,,,,,,,,,,,,,,,,,,,,,,,,,,,,,,,,,,,,,,,,,,,,,,,,,,,,,,,,,,,,,,,,,,,,,,,,,,,,,,,,,,,,,,,,,,,,,,,,,,,,,,,,,,,,,,,,,,,,,,,,,,,,,,,,,,,,,,,,,,,,,,,,,,,,,,,,,,,,,,,,,
RO,Romania,0.429354142,0.429354142,0.429354142,0.429354142,0.429354142,0.429354142,0.429354142,0.429354142,0.429354142,0.429354142,0.432139632,0.401240126,0.45176762,0.456399307,0.453937711,0.393499055,0.371117966,0.357676357,0.379571605,0.414649346,0.440690439,0.421969354,0.4166251,0.420511831,0.398717463,0.421207528,0.421207528,82,82,82,82,82,82,82,82,82,82,83,90,71,73,76,91,106,112,105,100,91,100,101,104,110,98,98,NA,NA,NA,NA,NA,NA,NA,NA,NA,NA,NA,NA,NA,NA,NA,NA,NA,NA,NA,NA,NA,NA,NA,NA,NA,NA,NA,NA,NA,NA,NA,NA,NA,NA,NA,NA,NA,NA,NA,NA,NA,NA,NA,NA,NA,NA,NA,NA,NA,NA,NA,NA,NA,NA,0.379259316,0.383671035,0.381715706,0.372340768,0.367110603,0.368510557,0.377073768,0.390198984,0.383076853,0.391112353,0.400895016,0.388577891,0.423768756,0.442388641,0.449374,0.426426668,0.414650817,0.391837662,0.40161383,0.420137336,0.43461021,0.429163369,0.432405914,0.438874378,0.423053219,0.436391478,0.438835171,75,74,74,85,92,94,88,75,85,75,73,84,68,64,62,77,84,96,93,83,78,84,80,79,90,84,85,0.32916449,0.337987927,0.334077269,0.315327394,0.304867064,0.307666973,0.324793393,0.351043826,0.336799564,0.352870564,0.369650399,0.375915656,0.395769891,0.428377975,0.444810289,0.459354281,0.458183669,0.425998966,0.423656055,0.425625327,0.428529981,0.436357384,0.448186728,0.457236925,0.447388976,0.451575429,0.456462813,42,41,42,45,50,52,50,49,52,52,50,50,51,47,46,45,47,52,53,54,54,52,48,47,52,51,51,,,,,,,,,,,,,,,,,,,,,,,,,,,,,,,,,,,,,,,,,,,,,,,,,,,,,,,,,,,,,,,,,,,,,,,,,,,,,,,,,,,,,,,,,,,,,,,,,,,,,,,,,,,,,,,,,,,,,,,,,,,,,,,,,,,,,,,,,,,,,,,,,,,,,,,,,,,,,,,,,,,,,,,,,,,,,,,,,,,,,,,,,,,,,,,,,,,,,,,,,,,,,,,,,,,,,,,,,,,,,,,,,,,,,,,,,,,,,,,,,,,,,,,,,,,,,,,,,,,,,,,,,,,,,,,,,,,,,,,,,,,,,,,,,,,,,,,,,,,,,,,,,,,,,,,,,,,,,,,,,,,,,,,,,,,,,,,,,,,,,,,,,,,,,,,,,,,,,,,,,,,,,,,,,,,,,,,,,,
RU,Russia,0.489015452,0.489015452,0.489015452,0.489015452,0.489015452,0.489015452,0.489015452,0.489015452,0.489015452,0.489015452,0.550166676,0.757329402,0.764973305,0.770479506,0.772358092,0.841412334,0.841217998,0.846011632,0.855858015,0.515769113,0.563284391,0.624176499,0.642994752,0.645650684,0.670757039,0.682646486,0.682646486,29,29,29,29,29,29,29,29,29,29,22,12,12,10,9,9,9,9,9,54,46,26,23,23,18,17,17,0.330658226,0.330658226,0.331965291,0.333272356,0.320967013,0.308661671,0.335030153,0.361398636,0.351435807,0.339656527,0.345464111,0.341275038,0.344406137,0.338271548,0.340964053,0.344551588,0.345348446,0.347259412,0.353807818,0.35089637,0.336227068,0.352199328,0.35717057,0.362817903,0.372128887,0.358631795,0.35369424,160,160,160,155,158,161,153,144,146,154,147,146,148,153,153,152,147,151,146,153,156,150,147,147,140,143,148,0.3881181,0.390389825,0.388227529,0.397599604,0.408876884,0.416234409,0.432201857,0.44615361,0.448980516,0.43984941,0.470699072,0.55024099,0.556807994,0.571471038,0.559886399,0.594828581,0.591373154,0.601637517,0.609112732,0.482801916,0.508697893,0.528369592,0.527451429,0.538610402,0.54717824,0.548528175,0.547572122,71,71,73,70,62,57,55,51,53,54,50,33,30,29,30,28,28,25,25,55,48,40,40,39,36,37,38,0.344680621,0.351495796,0.343701845,0.370511004,0.416648188,0.451026105,0.472559966,0.488046743,0.506490288,0.490876251,0.51646643,0.55211853,0.561044539,0.60566206,0.566337053,0.59852182,0.587553018,0.611641509,0.617672362,0.581740266,0.626582221,0.608732948,0.582188965,0.607362618,0.598648794,0.604306244,0.60637564,37,37,40,36,32,32,31,29,29,30,28,28,29,26,29,27,28,27,27,26,24,27,29,26,27,26,26,,,,,,,,,,,,,,,,,,,,,,,,,,,,,,,,,,,,,,,,,,,,,,,,,,,,,,,,,,,,,,,,,,,,,,,,,,,,,,,,,,,,,,,,,,,,,,,,,,,,,,,,,,,,,,,,,,,,,,,,,,,,,,,,,,,,,,,,,,,,,,,,,,,,,,,,,,,,,,,,,,,,,,,,,,,,,,,,,,,,,,,,,,,,,,,,,,,,,,,,,,,,,,,,,,,,,,,,,,,,,,,,,,,,,,,,,,,,,,,,,,,,,,,,,,,,,,,,,,,,,,,,,,,,,,,,,,,,,,,,,,,,,,,,,,,,,,,,,,,,,,,,,,,,,,,,,,,,,,,,,,,,,,,,,,,,,,,,,,,,,,,,,,,,,,,,,,,,,,,,,,,,,,,,,,,,,,,,,,
RW,Rwanda,0.355603434,0.355603434,0.355603434,0.355603434,0.355603434,0.355603434,0.355603434,0.355603434,0.355603434,0.355603434,0.322760563,0.249366139,0.252216408,0.267828108,0.319975073,0.372186817,0.385239753,0.370988408,0.365546986,0.436641761,0.430455382,0.482408011,0.490051914,0.509291229,0.510040065,0.538523186,0.538523186,153,153,153,153,153,153,153,153,153,153,160,165,164,159,138,106,100,103,115,91,94,66,62,59,57,53,53,0.239795665,0.239795665,0.236768582,0.2337415,0.243050618,0.252359736,0.271446223,0.290532711,0.330841245,0.351885641,0.330999541,0.393826381,0.424368427,0.444773104,0.445218939,0.483343466,0.491490326,0.50589664,0.524641844,0.545960779,0.549129553,0.543103701,0.553861422,0.548134956,0.540684091,0.543526635,0.557347908,181,181,181,180,181,179,176,167,158,147,152,130,117,100,104,89,85,80,70,68,69,70,70,71,74,73,73,0.245749054,0.245752677,0.244743682,0.24374109,0.246864977,0.25026401,0.256704225,0.2630484,0.276574292,0.283641627,0.26573183,0.262736546,0.275177251,0.289229832,0.309693799,0.341954478,0.350868699,0.352005608,0.357016496,0.387542445,0.387074062,0.402778325,0.40931858,0.413900482,0.411846462,0.423389363,0.429419129,186,186,185,184,184,182,182,180,173,170,175,165,158,151,138,120,119,116,115,98,100,97,93,92,94,92,88,0.141848063,0.141858931,0.141859028,0.141878335,0.141940878,0.14282886,0.143063016,0.143009055,0.143278197,0.143435804,0.143435386,0.14501712,0.148946918,0.155088285,0.163887383,0.17033315,0.175876018,0.179131775,0.180860659,0.180024795,0.181637251,0.182823263,0.184042404,0.184275262,0.184815229,0.188118267,0.192386292,155,156,155,157,158,160,163,166,172,173,174,174,178,176,173,170,169,168,169,174,175,176,177,177,177,178,178,,,,,,,,,,,,,,,,,,,,,,,,,,,,,,,,,,,,,,,,,,,,,,,,,,,,,,,,,,,,,,,,,,,,,,,,,,,,,,,,,,,,,,,,,,,,,,,,,,,,,,,,,,,,,,,,,,,,,,,,,,,,,,,,,,,,,,,,,,,,,,,,,,,,,,,,,,,,,,,,,,,,,,,,,,,,,,,,,,,,,,,,,,,,,,,,,,,,,,,,,,,,,,,,,,,,,,,,,,,,,,,,,,,,,,,,,,,,,,,,,,,,,,,,,,,,,,,,,,,,,,,,,,,,,,,,,,,,,,,,,,,,,,,,,,,,,,,,,,,,,,,,,,,,,,,,,,,,,,,,,,,,,,,,,,,,,,,,,,,,,,,,,,,,,,,,,,,,,,,,,,,,,,,,,,,,,,,,,,
KN,Saint Kitts and Nevis,0.497469091,0.497469091,0.497469091,0.497469091,0.497469091,0.497469091,0.497469091,0.497469091,0.497469091,0.497469091,0.558620314,0.463136306,0.462780023,0.461128162,0.459800196,0.488529611,0.482051727,0.463071527,0.456334528,0.482019338,0.470974546,0.451735231,0.448496289,0.441370617,0.432437547,0.426476713,0.426476713,19,19,19,19,19,19,19,19,19,19,14,66,66,69,70,64,66,70,75,68,73,79,79,85,91,91,91,0.608991323,0.608991323,0.610645449,0.612299575,0.611396098,0.610492621,0.610351034,0.610209446,0.610176953,0.620136467,0.73355626,0.727411568,0.698675236,0.718713206,0.73088296,0.726016015,0.720142231,0.717889366,0.716741969,0.522731583,0.616697021,0.617574602,0.612295709,0.610340582,0.603322051,0.61603749,0.620262671,63,63,58,58,57,60,59,61,62,51,28,28,35,31,29,29,31,32,32,74,55,55,55,55,58,55,53,0.430268623,0.431612933,0.432922227,0.434501201,0.435453429,0.436720158,0.437968091,0.445104462,0.454891672,0.463300536,0.528334119,0.499773857,0.493156511,0.503736352,0.524748254,0.549632525,0.554612884,0.560433501,0.570078675,0.528473212,0.564651404,0.55480696,0.574157131,0.552690717,0.553153459,0.557308413,0.556189321,51,51,53,50,51,51,53,52,50,47,30,44,48,44,37,32,32,31,31,40,33,34,31,35,34,34,35,0.184345455,0.188378385,0.19065214,0.193734938,0.197495097,0.202198761,0.206084149,0.22763485,0.257028971,0.272296049,0.292825784,0.308773697,0.318014274,0.331367689,0.383561607,0.434351949,0.461644694,0.50033961,0.537159529,0.580668716,0.606282646,0.595111046,0.661679395,0.606360952,0.623700777,0.629411035,0.621828579,119,116,116,111,110,112,114,95,71,69,60,61,65,62,54,51,46,37,31,27,28,29,19,27,22,22,22,,,,,,,,,,,,,,,,,,,,,,,,,,,,,,,,,,,,,,,,,,,,,,,,,,,,,,,,,,,,,,,,,,,,,,,,,,,,,,,,,,,,,,,,,,,,,,,,,,,,,,,,,,,,,,,,,,,,,,,,,,,,,,,,,,,,,,,,,,,,,,,,,,,,,,,,,,,,,,,,,,,,,,,,,,,,,,,,,,,,,,,,,,,,,,,,,,,,,,,,,,,,,,,,,,,,,,,,,,,,,,,,,,,,,,,,,,,,,,,,,,,,,,,,,,,,,,,,,,,,,,,,,,,,,,,,,,,,,,,,,,,,,,,,,,,,,,,,,,,,,,,,,,,,,,,,,,,,,,,,,,,,,,,,,,,,,,,,,,,,,,,,,,,,,,,,,,,,,,,,,,,,,,,,,,,,,,,,,,
LC,Saint Lucia,0.497760596,0.497760596,0.497760596,0.497760596,0.497760596,0.497760596,0.497760596,0.497760596,0.497760596,0.497760596,0.558911819,0.440949554,0.444026549,0.452609745,0.455330456,0.472496849,0.463784095,0.461387278,0.47239968,0.494586432,0.491574216,0.495525726,0.479395795,0.476513137,0.469506394,0.46264338,0.46264338,18,18,18,18,18,18,18,18,18,18,13,73,76,76,73,67,70,72,66,64,64,60,66,69,74,74,74,0.609929441,0.609929441,0.596842997,0.583756552,0.601637383,0.619518213,0.600869069,0.582219925,0.616888121,0.617526652,0.718506453,0.704348107,0.675744299,0.671248948,0.676534186,0.669234321,0.675516217,0.651782944,0.653247411,0.609573017,0.628194437,0.626599518,0.628648637,0.628485953,0.619700723,0.624336832,0.62217686,58,58,65,68,62,52,65,69,56,52,32,35,37,40,40,43,42,49,47,53,53,49,48,48,52,53,50,0.442092848,0.442397873,0.4378637,0.433343202,0.439261742,0.445717905,0.439754781,0.43515555,0.45222519,0.452073932,0.506155414,0.460792295,0.453275174,0.460025429,0.464241243,0.465258566,0.466883293,0.457890639,0.464521968,0.46034987,0.466481872,0.469898197,0.462563035,0.457310765,0.45060708,0.45449133,0.454341258,47,47,47,51,50,47,52,56,52,51,36,56,57,54,54,59,58,65,64,64,63,61,65,71,76,76,75,0.218588506,0.219503583,0.218987508,0.218512457,0.218387246,0.219874907,0.220634679,0.225486129,0.242026852,0.240934547,0.241047969,0.237079225,0.240054675,0.256217594,0.260859087,0.254044528,0.261349566,0.260501694,0.267918814,0.276890161,0.279676962,0.287569348,0.279644673,0.266933205,0.262614123,0.276493777,0.278203533,88,88,89,87,93,95,99,97,84,89,96,108,110,102,102,114,115,117,115,111,113,112,119,129,138,133,136,,,,,,,,,,,,,,,,,,,,,,,,,,,,,,,,,,,,,,,,,,,,,,,,,,,,,,,,,,,,,,,,,,,,,,,,,,,,,,,,,,,,,,,,,,,,,,,,,,,,,,,,,,,,,,,,,,,,,,,,,,,,,,,,,,,,,,,,,,,,,,,,,,,,,,,,,,,,,,,,,,,,,,,,,,,,,,,,,,,,,,,,,,,,,,,,,,,,,,,,,,,,,,,,,,,,,,,,,,,,,,,,,,,,,,,,,,,,,,,,,,,,,,,,,,,,,,,,,,,,,,,,,,,,,,,,,,,,,,,,,,,,,,,,,,,,,,,,,,,,,,,,,,,,,,,,,,,,,,,,,,,,,,,,,,,,,,,,,,,,,,,,,,,,,,,,,,,,,,,,,,,,,,,,,,,,,,,,,,
VC,Saint Vincent and the Grenadines,0.495622894,0.495622894,0.495622894,0.495622894,0.495622894,0.495622894,0.495622894,0.495622894,0.495622894,0.495622894,0.556774117,0.502748566,0.503234407,0.506732465,0.504238479,0.538150201,0.538053033,0.537243298,0.496886081,0.536789846,0.532449664,0.497987321,0.485096333,0.478326944,0.471037975,0.464722713,0.464722713,21,21,21,21,21,21,21,21,21,21,15,56,55,57,58,53,53,55,62,51,53,59,63,67,72,73,73,0.609299276,0.609299276,0.612639547,0.615979818,0.617433933,0.618888049,0.600238905,0.58158976,0.59883364,0.61174394,0.715882327,0.690658201,0.66273189,0.670389589,0.66859624,0.656889794,0.665970525,0.6633028,0.657137651,0.624848057,0.630258422,0.621533086,0.618669405,0.621023275,0.625547714,0.642180741,0.639647065,61,61,55,54,53,53,66,70,67,57,33,38,42,41,43,46,45,46,45,50,51,51,53,51,50,46,47,0.408073739,0.408442556,0.40997206,0.411647609,0.413133341,0.41421996,0.409858367,0.405098562,0.41890704,0.424117962,0.482092969,0.458110153,0.452174427,0.458848248,0.463005847,0.471944801,0.480241287,0.480047642,0.466814422,0.490467438,0.492593032,0.464743351,0.458640417,0.461506339,0.4658398,0.473887961,0.473974758,58,58,60,59,60,59,64,68,64,59,43,57,59,56,55,55,52,56,62,53,54,63,67,68,68,67,68,0.119299045,0.120405497,0.12165374,0.123340115,0.126343195,0.128148938,0.133713303,0.138083032,0.162264587,0.164987052,0.173622461,0.180923691,0.190556984,0.199422691,0.216182822,0.220794408,0.236700302,0.239596828,0.246419535,0.309764411,0.315071011,0.274709644,0.272155514,0.285168798,0.300933712,0.31476043,0.317554495,174,174,174,172,173,176,171,170,156,158,153,150,150,148,139,141,135,134,132,90,90,122,125,120,110,105,107,,,,,,,,,,,,,,,,,,,,,,,,,,,,,,,,,,,,,,,,,,,,,,,,,,,,,,,,,,,,,,,,,,,,,,,,,,,,,,,,,,,,,,,,,,,,,,,,,,,,,,,,,,,,,,,,,,,,,,,,,,,,,,,,,,,,,,,,,,,,,,,,,,,,,,,,,,,,,,,,,,,,,,,,,,,,,,,,,,,,,,,,,,,,,,,,,,,,,,,,,,,,,,,,,,,,,,,,,,,,,,,,,,,,,,,,,,,,,,,,,,,,,,,,,,,,,,,,,,,,,,,,,,,,,,,,,,,,,,,,,,,,,,,,,,,,,,,,,,,,,,,,,,,,,,,,,,,,,,,,,,,,,,,,,,,,,,,,,,,,,,,,,,,,,,,,,,,,,,,,,,,,,,,,,,,,,,,,,,
WS,Samoa,0.390389671,0.390389671,0.390389671,0.390389671,0.390389671,0.390389671,0.390389671,0.390389671,0.390389671,0.390389671,0.389612325,0.446812039,0.445419294,0.447200712,0.435313795,0.492805014,0.516254954,0.523477794,0.534133913,0.552466325,0.542976225,0.526263285,0.522700448,0.517356194,0.508364588,0.499181681,0.499181681,122,122,122,122,122,122,122,122,122,122,108,72,75,78,82,61,58,57,53,47,50,54,55,56,59,63,63,0.605542745,0.605542745,0.606803064,0.608063384,0.606098278,0.604133171,0.605002543,0.605871914,0.610968949,0.586449643,0.615490344,0.613150727,0.605437345,0.591101027,0.573072088,0.564857444,0.571776985,0.57190667,0.578610353,0.599961217,0.606611792,0.61140578,0.636847523,0.633556942,0.638056018,0.637261571,0.62140521,64,64,61,60,60,61,63,63,60,64,58,57,59,62,61,64,60,61,60,57,58,57,46,47,46,47,51,0.362594489,0.362649366,0.363156949,0.363636967,0.365028249,0.361350135,0.362301185,0.363184348,0.365937588,0.358709316,0.369247058,0.389353764,0.389138618,0.385167421,0.375602239,0.392433838,0.404314875,0.407946508,0.414610621,0.430513184,0.431760505,0.429756554,0.4392046,0.43808409,0.440826371,0.441112639,0.439233432,94,95,98,98,97,100,97,98,97,106,96,83,87,94,96,94,88,89,86,78,80,83,78,80,80,82,84,0.091851052,0.092015682,0.092278111,0.092457848,0.098596798,0.089527564,0.09151134,0.09329146,0.096454143,0.099288635,0.102638507,0.108098526,0.116559213,0.117200523,0.118420834,0.119639055,0.124912686,0.128455059,0.131087597,0.139112009,0.145693498,0.151600599,0.158065827,0.163339133,0.176058508,0.186894666,0.197113405,189,189,189,189,189,190,191,191,191,191,190,190,189,189,189,190,190,190,190,190,189,189,187,187,184,181,175,,,,,,,,,,,,,,,,,,,,,,,,,,,,,,,,,,,,,,,,,,,,,,,,,,,,,,,,,,,,,,,,,,,,,,,,,,,,,,,,,,,,,,,,,,,,,,,,,,,,,,,,,,,,,,,,,,,,,,,,,,,,,,,,,,,,,,,,,,,,,,,,,,,,,,,,,,,,,,,,,,,,,,,,,,,,,,,,,,,,,,,,,,,,,,,,,,,,,,,,,,,,,,,,,,,,,,,,,,,,,,,,,,,,,,,,,,,,,,,,,,,,,,,,,,,,,,,,,,,,,,,,,,,,,,,,,,,,,,,,,,,,,,,,,,,,,,,,,,,,,,,,,,,,,,,,,,,,,,,,,,,,,,,,,,,,,,,,,,,,,,,,,,,,,,,,,,,,,,,,,,,,,,,,,,,,,,,,,,
SM,San Marino,0.445969914,0.445969914,0.445969914,0.445969914,0.445969914,0.445969914,0.445969914,0.445969914,0.445969914,0.445969914,0.507121138,0.714283863,0.721927766,0.727433968,0.729312554,0.798366796,0.798172459,0.802966093,0.521566819,0.526716736,0.535073207,0.533324178,0.545696936,0.534522586,0.513455462,0.53291678,0.53291678,66,66,66,66,66,66,66,66,66,66,47,26,23,20,18,17,17,15,55,53,52,52,50,52,56,55,55,0.719514208,0.719514208,0.72282246,0.726130712,0.724323759,0.722516805,0.722233629,0.721950453,0.721885468,0.717939801,0.707791149,0.725616866,0.719214054,0.715067586,0.751257207,0.751150234,0.723040059,0.7187448,0.72135625,0.715805793,0.709775123,0.712435698,0.705910862,0.70378279,0.707966548,0.707429302,0.708675539,31,31,31,29,29,33,32,31,31,31,34,30,30,33,23,24,28,30,31,28,30,27,29,29,28,27,29,0.564331754,0.564737563,0.565988384,0.569190808,0.582389734,0.585730334,0.586456056,0.586544163,0.585994278,0.585369467,0.602307187,0.677563431,0.678013261,0.684766321,0.697554852,0.719972432,0.709785286,0.714715648,0.622647131,0.576250544,0.62270192,0.625884462,0.62703506,0.623435664,0.623481912,0.633523037,0.638843432,21,20,21,21,21,21,21,21,21,21,19,16,16,15,11,11,12,9,23,30,25,22,22,22,22,22,21,0.527511139,0.528728565,0.529172777,0.535471799,0.576875529,0.588704282,0.591164624,0.591712122,0.590127452,0.592198686,0.592009275,0.592789562,0.592897962,0.611797409,0.612094794,0.610400267,0.608143338,0.622436052,0.625018324,0.486229103,0.62325743,0.631893509,0.62949738,0.632001615,0.649023727,0.660223029,0.674937977,16,18,20,19,16,16,16,19,22,23,22,24,25,23,25,26,26,26,25,42,25,22,21,21,18,18,15,,,,,,,,,,,,,,,,,,,,,,,,,,,,,,,,,,,,,,,,,,,,,,,,,,,,,,,,,,,,,,,,,,,,,,,,,,,,,,,,,,,,,,,,,,,,,,,,,,,,,,,,,,,,,,,,,,,,,,,,,,,,,,,,,,,,,,,,,,,,,,,,,,,,,,,,,,,,,,,,,,,,,,,,,,,,,,,,,,,,,,,,,,,,,,,,,,,,,,,,,,,,,,,,,,,,,,,,,,,,,,,,,,,,,,,,,,,,,,,,,,,,,,,,,,,,,,,,,,,,,,,,,,,,,,,,,,,,,,,,,,,,,,,,,,,,,,,,,,,,,,,,,,,,,,,,,,,,,,,,,,,,,,,,,,,,,,,,,,,,,,,,,,,,,,,,,,,,,,,,,,,,,,,,,,,,,,,,,,
ST,Sao Tome and Principe,0.44062566,0.44062566,0.44062566,0.44062566,0.44062566,0.44062566,0.44062566,0.44062566,0.44062566,0.44062566,0.284767774,0.210563615,0.205510865,0.210174942,0.211891581,0.213705388,0.206741663,0.291861057,0.290662649,0.31064692,0.316412237,0.307148863,0.302905849,0.298533278,0.293431269,0.286761579,0.286761579,69,69,69,69,69,69,69,69,69,69,179,174,176,176,175,167,170,144,148,143,140,151,153,154,158,162,162,0.551361545,0.551361545,0.552106956,0.552852366,0.550843714,0.548835061,0.532755963,0.516676864,0.469755391,0.442776186,0.42429233,0.44252612,0.439621547,0.431961985,0.425184313,0.41758662,0.422014554,0.416618204,0.419322662,0.430739493,0.428493395,0.432808573,0.442201194,0.456688176,0.45344624,0.451426441,0.462150905,76,76,78,77,78,78,83,88,98,106,109,100,106,109,117,120,120,122,116,116,115,116,110,101,102,108,100,0.397681144,0.397714276,0.398166545,0.398434914,0.397801496,0.398322296,0.395408785,0.392552028,0.37980477,0.373810844,0.318026344,0.30188824,0.302122361,0.304690947,0.30723093,0.309546017,0.309224797,0.339431149,0.340824658,0.352227986,0.356500162,0.358894817,0.361136181,0.364536141,0.361768913,0.361706822,0.368467387,63,65,67,69,71,71,71,73,86,89,135,135,136,137,139,134,135,124,123,117,114,112,114,114,115,115,112,0.201056226,0.201155621,0.201767019,0.201826715,0.201935114,0.205506167,0.212844734,0.220353559,0.22903326,0.238030687,0.245018926,0.252574985,0.26123467,0.271935916,0.284616897,0.297346043,0.298918175,0.309814185,0.312488662,0.315297544,0.324594856,0.336727014,0.338301501,0.338386971,0.33842923,0.346932448,0.356489676,97,99,101,103,105,107,103,103,97,96,93,92,91,90,89,84,85,85,85,88,84,79,82,84,84,82,81,,,,,,,,,,,,,,,,,,,,,,,,,,,,,,,,,,,,,,,,,,,,,,,,,,,,,,,,,,,,,,,,,,,,,,,,,,,,,,,,,,,,,,,,,,,,,,,,,,,,,,,,,,,,,,,,,,,,,,,,,,,,,,,,,,,,,,,,,,,,,,,,,,,,,,,,,,,,,,,,,,,,,,,,,,,,,,,,,,,,,,,,,,,,,,,,,,,,,,,,,,,,,,,,,,,,,,,,,,,,,,,,,,,,,,,,,,,,,,,,,,,,,,,,,,,,,,,,,,,,,,,,,,,,,,,,,,,,,,,,,,,,,,,,,,,,,,,,,,,,,,,,,,,,,,,,,,,,,,,,,,,,,,,,,,,,,,,,,,,,,,,,,,,,,,,,,,,,,,,,,,,,,,,,,,,,,,,,,,
SA,Saudi Arabia,0.322149791,0.322149791,0.322149791,0.322149791,0.322149791,0.322149791,0.322149791,0.322149791,0.322149791,0.322149791,0.360054666,0.438899767,0.454557737,0.512895708,0.521372482,0.54820943,0.548653627,0.540139837,0.573787817,0.597182232,0.602068407,0.612692136,0.609064521,0.609323637,0.599673518,0.69202732,0.69202732,173,173,173,173,173,173,173,173,173,173,135,75,70,56,55,52,52,53,48,41,40,30,32,31,38,16,16,0.474997128,0.474997128,0.477450511,0.479903893,0.483228785,0.486553676,0.49740082,0.508247964,0.507949419,0.459572679,0.490252601,0.466737044,0.476517793,0.496189696,0.489943698,0.509798962,0.467732842,0.490871787,0.49350018,0.500797452,0.484678202,0.515181047,0.499940481,0.498709421,0.496276902,0.515510073,0.522638183,96,96,98,99,97,97,93,90,88,99,87,88,85,83,85,77,92,85,85,82,86,78,82,83,84,81,79,0.300902663,0.301582024,0.303093888,0.304061974,0.308927422,0.311990138,0.317413322,0.323011041,0.326923193,0.314322164,0.341677333,0.362959335,0.375127212,0.404578935,0.407809865,0.429082735,0.421175909,0.434372124,0.455131064,0.474820794,0.476642788,0.501850389,0.500107069,0.500778128,0.500490739,0.541007404,0.548313547,150,150,148,147,143,142,137,131,129,142,114,100,94,85,81,73,77,72,67,57,58,50,51,52,55,39,37,0.105561071,0.107599153,0.109681361,0.110132238,0.12140369,0.127266946,0.132689355,0.138635368,0.150670369,0.161244022,0.174724731,0.183241195,0.194306105,0.204651401,0.212113415,0.229239814,0.247141258,0.272104748,0.298105196,0.326482697,0.343181755,0.377677984,0.391316205,0.394301326,0.405521798,0.415484819,0.430275138,184,181,180,180,178,177,173,169,166,163,151,146,144,145,145,136,125,108,92,77,77,68,66,66,65,64,63,,,,,,,,,,,,,,,,,,,,,,,,,,,,,,,,,,,,,,,,,,,,,,,,,,,,,,,,,,,,,,,,,,,,,,,,,,,,,,,,,,,,,,,,,,,,,,,,,,,,,,,,,,,,,,,,,,,,,,,,,,,,,,,,,,,,,,,,,,,,,,,,,,,,,,,,,,,,,,,,,,,,,,,,,,,,,,,,,,,,,,,,,,,,,,,,,,,,,,,,,,,,,,,,,,,,,,,,,,,,,,,,,,,,,,,,,,,,,,,,,,,,,,,,,,,,,,,,,,,,,,,,,,,,,,,,,,,,,,,,,,,,,,,,,,,,,,,,,,,,,,,,,,,,,,,,,,,,,,,,,,,,,,,,,,,,,,,,,,,,,,,,,,,,,,,,,,,,,,,,,,,,,,,,,,,,,,,,,,
SN,Senegal,0.318873833,0.318873833,0.318873833,0.318873833,0.318873833,0.318873833,0.318873833,0.318873833,0.318873833,0.318873833,0.279715025,0.192101646,0.201688914,0.190806069,0.260119426,0.205219361,0.185073142,0.180894907,0.182352431,0.183356503,0.198255635,0.239001525,0.228928415,0.255487739,0.255270798,0.265065898,0.265065898,179,179,179,179,179,179,179,179,179,179,181,179,177,180,163,173,174,177,178,181,179,181,184,176,174,170,170,0.452734958,0.452734958,0.450224015,0.447713071,0.456729184,0.465745296,0.480671759,0.495598222,0.465457259,0.489748718,0.478947613,0.440232749,0.430272907,0.436028931,0.431083419,0.412080104,0.426602379,0.463407662,0.473483092,0.480343061,0.483152161,0.477530133,0.478678923,0.479563659,0.487285211,0.468696701,0.464889087,103,103,105,108,107,104,98,94,100,88,88,102,110,106,112,124,115,97,92,91,89,91,92,89,87,98,98,0.335187221,0.335210295,0.334415445,0.333700396,0.336931306,0.340445563,0.345899779,0.350548633,0.340460008,0.348994594,0.332705467,0.292064048,0.293115293,0.294121197,0.316969595,0.292500558,0.292641743,0.303855312,0.308565376,0.312664339,0.319669916,0.332555879,0.331161825,0.34284955,0.345845466,0.346688556,0.349707443,123,123,122,120,118,119,112,107,118,115,123,142,148,147,135,145,145,139,137,134,131,128,135,125,124,125,126,0.233952872,0.234022094,0.234148487,0.234514283,0.235190901,0.236717561,0.238153746,0.237173844,0.237048931,0.238361232,0.239453763,0.243857748,0.247384057,0.255528591,0.259705941,0.260202209,0.266249708,0.267263368,0.269860606,0.274293453,0.277601952,0.28113598,0.285878136,0.29349725,0.29498039,0.306303068,0.319167346,75,76,75,74,72,76,79,84,89,95,98,98,104,105,104,104,105,113,113,116,116,118,115,115,114,112,104,,,,,,,,,,,,,,,,,,,,,,,,,,,,,,,,,,,,,,,,,,,,,,,,,,,,,,,,,,,,,,,,,,,,,,,,,,,,,,,,,,,,,,,,,,,,,,,,,,,,,,,,,,,,,,,,,,,,,,,,,,,,,,,,,,,,,,,,,,,,,,,,,,,,,,,,,,,,,,,,,,,,,,,,,,,,,,,,,,,,,,,,,,,,,,,,,,,,,,,,,,,,,,,,,,,,,,,,,,,,,,,,,,,,,,,,,,,,,,,,,,,,,,,,,,,,,,,,,,,,,,,,,,,,,,,,,,,,,,,,,,,,,,,,,,,,,,,,,,,,,,,,,,,,,,,,,,,,,,,,,,,,,,,,,,,,,,,,,,,,,,,,,,,,,,,,,,,,,,,,,,,,,,,,,,,,,,,,,,
RS,Serbia,0.320622861,0.320622861,0.320622861,0.320622861,0.320622861,0.320622861,0.320622861,0.320622861,0.320622861,0.320622861,0.293221413,0.262321907,0.289010788,0.284249544,0.280751486,0.291828668,0.29280035,0.285059279,0.322566227,0.33908483,0.316736131,0.332542168,0.425888474,0.429192195,0.430712642,0.41640664,0.41640664,177,177,177,177,177,177,177,177,177,177,175,161,152,153,154,145,143,149,133,132,139,138,97,95,93,100,100,0.294616901,0.294616901,0.266547527,0.238478152,0.249123595,0.259769038,0.306193501,0.352617965,0.37400444,0.392593865,0.368549638,0.41045993,0.412644691,0.418136478,0.431006339,0.441305366,0.456004124,0.452453344,0.462326831,0.500230729,0.500382931,0.483889189,0.472711779,0.479195179,0.474214328,0.470204137,0.469349032,165,165,174,179,180,178,159,148,137,131,139,123,124,124,113,105,97,100,98,83,80,89,94,91,94,96,96,0.329066334,0.329066334,0.319709876,0.310353418,0.313901899,0.31745038,0.332925201,0.347239637,0.355309027,0.362235769,0.341107828,0.356583892,0.368839977,0.373457904,0.373075835,0.377684091,0.379224971,0.37885014,0.398546296,0.419379242,0.412058146,0.415699954,0.445153305,0.449377205,0.450147906,0.443433472,0.444596935,125,125,130,140,137,134,121,114,106,98,115,104,99,100,99,98,98,99,95,84,89,87,74,76,78,80,82,0.371959241,0.371959241,0.371959241,0.371959241,0.371959241,0.371959241,0.371959241,0.368478085,0.37129978,0.373490581,0.361552433,0.396969839,0.404864451,0.417987691,0.407469681,0.39991824,0.38887044,0.399037796,0.410745831,0.418822166,0.419055375,0.430668506,0.43685966,0.43974424,0.445516749,0.443689639,0.448035132,32,33,36,34,36,38,42,43,43,48,52,48,50,50,51,53,56,56,56,55,56,55,54,53,54,55,54,,,,,,,,,,,,,,,,,,,,,,,,,,,,,,,,,,,,,,,,,,,,,,,,,,,,,,,,,,,,,,,,,,,,,,,,,,,,,,,,,,,,,,,,,,,,,,,,,,,,,,,,,,,,,,,,,,,,,,,,,,,,,,,,,,,,,,,,,,,,,,,,,,,,,,,,,,,,,,,,,,,,,,,,,,,,,,,,,,,,,,,,,,,,,,,,,,,,,,,,,,,,,,,,,,,,,,,,,,,,,,,,,,,,,,,,,,,,,,,,,,,,,,,,,,,,,,,,,,,,,,,,,,,,,,,,,,,,,,,,,,,,,,,,,,,,,,,,,,,,,,,,,,,,,,,,,,,,,,,,,,,,,,,,,,,,,,,,,,,,,,,,,,,,,,,,,,,,,,,,,,,,,,,,,,,,,,,,,,
SC,Seychelles,0.481144823,0.481144823,0.481144823,0.481144823,0.481144823,0.481144823,0.481144823,0.481144823,0.481144823,0.481144823,0.542296047,0.486780582,0.490051914,0.482634737,0.478197386,0.455427625,0.454974173,0.459346744,0.472075786,0.506538128,0.493161298,0.458990461,0.498861836,0.492966961,0.481943594,0.479333715,0.479333715,38,38,38,38,38,38,38,38,38,38,30,60,58,62,63,72,72,73,67,58,61,76,61,63,64,68,68,0.623401807,0.623401807,0.625187277,0.626972747,0.633919706,0.640866665,0.638819979,0.636773293,0.64683517,0.578608672,0.605954677,0.57852016,0.571359421,0.581950191,0.566436689,0.575597916,0.573254592,0.563879101,0.57498269,0.549934742,0.624938441,0.610708923,0.598050885,0.599772216,0.617023454,0.630677223,0.646543623,53,53,52,50,50,46,46,48,43,67,62,67,67,64,64,61,59,63,62,67,54,58,59,58,54,48,43,0.434515981,0.435132111,0.436281488,0.437578956,0.442069144,0.444048416,0.443583031,0.442627436,0.444653554,0.422228603,0.450403777,0.423426022,0.423439587,0.424787517,0.419011479,0.41480692,0.415883085,0.413886011,0.424198465,0.428992103,0.454994908,0.44154735,0.452070629,0.453029723,0.459484282,0.463180715,0.47305686,50,49,50,49,48,48,50,54,54,60,55,68,69,71,78,84,82,87,81,79,70,74,71,73,73,72,69,0.199001313,0.200849702,0.202512365,0.204619298,0.211142902,0.21013376,0.210784292,0.209964191,0.205980668,0.206932314,0.202960608,0.204977323,0.208907427,0.209777623,0.212400363,0.213395221,0.219420492,0.218432188,0.22553692,0.230503438,0.246884986,0.254942667,0.259299165,0.266349992,0.279485798,0.279531207,0.293293243,102,100,100,100,99,102,105,112,120,121,128,133,135,138,144,146,146,148,144,144,136,133,132,130,125,130,122,,,,,,,,,,,,,,,,,,,,,,,,,,,,,,,,,,,,,,,,,,,,,,,,,,,,,,,,,,,,,,,,,,,,,,,,,,,,,,,,,,,,,,,,,,,,,,,,,,,,,,,,,,,,,,,,,,,,,,,,,,,,,,,,,,,,,,,,,,,,,,,,,,,,,,,,,,,,,,,,,,,,,,,,,,,,,,,,,,,,,,,,,,,,,,,,,,,,,,,,,,,,,,,,,,,,,,,,,,,,,,,,,,,,,,,,,,,,,,,,,,,,,,,,,,,,,,,,,,,,,,,,,,,,,,,,,,,,,,,,,,,,,,,,,,,,,,,,,,,,,,,,,,,,,,,,,,,,,,,,,,,,,,,,,,,,,,,,,,,,,,,,,,,,,,,,,,,,,,,,,,,,,,,,,,,,,,,,,,
SL,Sierra Leone,0.322469058,0.322469058,0.322469058,0.322469058,0.322469058,0.322469058,0.322469058,0.322469058,0.322469058,0.322469058,0.27271891,0.150222127,0.147501415,0.130853254,0.172506047,0.094188431,0.116278015,0.145072209,0.154141246,0.189121819,0.19854714,0.233203819,0.24651587,0.236313203,0.230106412,0.223307839,0.223307839,171,171,171,171,171,171,171,171,171,171,184,185,187,190,184,188,186,182,185,178,178,183,177,181,182,182,182,0.242084118,0.242084118,0.23532233,0.228560543,0.233476575,0.238392607,0.266340599,0.294288591,0.287280507,0.318833637,0.308004813,0.324848766,0.343840998,0.340797936,0.350745572,0.362922947,0.366934872,0.35729662,0.363929336,0.356497413,0.364278739,0.36295108,0.382800569,0.387194977,0.391168534,0.386196088,0.382317388,180,180,182,181,182,182,178,163,169,160,158,153,150,150,147,143,144,145,142,150,144,143,136,134,133,133,136,0.266463756,0.266466041,0.264212686,0.261960983,0.263611384,0.26530311,0.274996822,0.28436867,0.282139345,0.294041597,0.275233627,0.241400975,0.24820989,0.243125372,0.261612825,0.242220742,0.252206628,0.259069459,0.267837266,0.277914246,0.283729747,0.296346597,0.307806247,0.306557846,0.306083984,0.302493137,0.301200368,179,179,180,180,180,180,176,168,168,159,168,178,176,177,168,174,172,170,164,161,156,156,148,150,150,151,154,0.234838091,0.234844948,0.234846668,0.234853347,0.23488852,0.235047665,0.23618081,0.23634836,0.23666847,0.240822094,0.244977157,0.249132033,0.253287256,0.257724926,0.261586856,0.269550848,0.273406996,0.274839547,0.285441216,0.288123506,0.288363361,0.292884893,0.294102301,0.296165357,0.296977005,0.297975483,0.297975876,73,72,73,73,73,78,82,85,91,90,94,96,97,100,100,98,97,101,99,102,107,105,108,112,112,114,119,,,,,,,,,,,,,,,,,,,,,,,,,,,,,,,,,,,,,,,,,,,,,,,,,,,,,,,,,,,,,,,,,,,,,,,,,,,,,,,,,,,,,,,,,,,,,,,,,,,,,,,,,,,,,,,,,,,,,,,,,,,,,,,,,,,,,,,,,,,,,,,,,,,,,,,,,,,,,,,,,,,,,,,,,,,,,,,,,,,,,,,,,,,,,,,,,,,,,,,,,,,,,,,,,,,,,,,,,,,,,,,,,,,,,,,,,,,,,,,,,,,,,,,,,,,,,,,,,,,,,,,,,,,,,,,,,,,,,,,,,,,,,,,,,,,,,,,,,,,,,,,,,,,,,,,,,,,,,,,,,,,,,,,,,,,,,,,,,,,,,,,,,,,,,,,,,,,,,,,,,,,,,,,,,,,,,,,,,,
SG,Singapore,0.525550717,0.525550717,0.525550717,0.525550717,0.525550717,0.525550717,0.525550717,0.525550717,0.525550717,0.525550717,0.556126329,0.716842628,0.732389549,0.729798395,0.712599614,0.758009579,0.757556128,0.76299755,0.785637754,0.844521718,0.832440465,0.76354817,0.777248895,0.778479692,0.77489442,0.774250005,0.774250005,9,9,9,9,9,9,9,9,9,9,18,24,19,19,22,23,23,21,19,8,8,9,9,9,8,8,8,0.840001063,0.840001063,0.833959729,0.827918395,0.833554472,0.83919055,0.843271072,0.847351595,0.828477571,0.849191803,0.845521632,0.845043424,0.848892641,0.859171602,0.844264177,0.84512978,0.844185649,0.864278773,0.860898705,0.871726504,0.879226571,0.883263756,0.887924961,0.886343456,0.889517999,0.89002697,0.892955425,13,13,14,14,15,13,13,13,13,10,9,10,13,8,10,11,12,8,10,8,6,6,6,5,5,5,5,0.567105711,0.579760777,0.588560127,0.590873606,0.604020773,0.629637631,0.632582355,0.648423711,0.646777739,0.657976065,0.656904579,0.71532209,0.730584948,0.740120445,0.723469153,0.753582221,0.767695277,0.776160986,0.789476841,0.813339679,0.812023666,0.791361147,0.797017062,0.800969806,0.802383837,0.804569117,0.805360836,19,19,17,17,15,13,11,8,8,8,7,8,7,6,7,6,4,3,1,1,1,3,2,1,2,1,1,0.335765352,0.373730551,0.406169935,0.419151706,0.452957131,0.524171627,0.528925276,0.572368821,0.586304928,0.599185675,0.569065776,0.584080218,0.610472654,0.631391337,0.613543668,0.657607302,0.701344055,0.701206634,0.721894065,0.723770814,0.724403964,0.727271514,0.725877332,0.73808627,0.742739092,0.749430376,0.748877078,39,32,30,29,29,26,24,23,23,22,24,26,22,20,23,18,15,13,11,10,11,11,11,8,9,9,9,,,,,,,,,,,,,,,,,,,,,,,,,,,,,,,,,,,,,,,,,,,,,,,,,,,,,,,,,,,,,,,,,,,,,,,,,,,,,,,,,,,,,,,,,,,,,,,,,,,,,,,,,,,,,,,,,,,,,,,,,,,,,,,,,,,,,,,,,,,,,,,,,,,,,,,,,,,,,,,,,,,,,,,,,,,,,,,,,,,,,,,,,,,,,,,,,,,,,,,,,,,,,,,,,,,,,,,,,,,,,,,,,,,,,,,,,,,,,,,,,,,,,,,,,,,,,,,,,,,,,,,,,,,,,,,,,,,,,,,,,,,,,,,,,,,,,,,,,,,,,,,,,,,,,,,,,,,,,,,,,,,,,,,,,,,,,,,,,,,,,,,,,,,,,,,,,,,,,,,,,,,,,,,,,,,,,,,,,,
SK,Slovakia,0.379895499,0.379895499,0.379895499,0.379895499,0.379895499,0.379895499,0.379895499,0.379895499,0.379895499,0.379895499,0.411378014,0.458860903,0.469193128,0.459120018,0.454779836,0.445030621,0.450957885,0.44898213,0.468772065,0.479881636,0.457824442,0.459411523,0.463233475,0.480367477,0.473727309,0.471794066,0.471794066,131,131,131,131,131,131,131,131,131,131,93,68,65,71,74,76,76,76,69,71,80,74,72,66,70,69,69,0.593649778,0.593649778,0.591392429,0.58913508,0.588009387,0.586883694,0.592686654,0.598489613,0.620591768,0.623524864,0.646646384,0.635183037,0.633111263,0.645995476,0.635160786,0.63887781,0.636161412,0.628381965,0.621865487,0.621569882,0.610610159,0.617825686,0.615540873,0.613236009,0.618629661,0.626731209,0.61771728,66,66,68,66,67,68,69,65,54,50,45,49,48,47,52,49,52,52,55,51,57,54,54,54,53,51,55,0.426458689,0.4222205,0.425571973,0.426793875,0.428887464,0.433899201,0.439834072,0.45102491,0.457254056,0.462462994,0.477243068,0.500963227,0.513687498,0.513169703,0.513011366,0.507388131,0.507999399,0.501487508,0.506690803,0.51215212,0.501176511,0.50279269,0.500502097,0.507473214,0.507743796,0.512552487,0.509673667,53,55,55,53,54,53,51,50,48,48,48,43,42,39,40,45,46,47,46,45,49,47,50,49,51,51,52,0.30583079,0.293116225,0.305427993,0.311351048,0.318757506,0.33491841,0.346920065,0.374689617,0.371274902,0.383968619,0.373704806,0.408845741,0.438758102,0.434393615,0.449093476,0.438255962,0.436878899,0.427098429,0.429434858,0.435004841,0.435094933,0.431140862,0.422731944,0.428816156,0.430874419,0.439132187,0.439509654,48,50,48,47,46,45,45,41,44,44,49,45,43,46,45,49,51,51,52,53,52,54,56,57,58,56,57,,,,,,,,,,,,,,,,,,,,,,,,,,,,,,,,,,,,,,,,,,,,,,,,,,,,,,,,,,,,,,,,,,,,,,,,,,,,,,,,,,,,,,,,,,,,,,,,,,,,,,,,,,,,,,,,,,,,,,,,,,,,,,,,,,,,,,,,,,,,,,,,,,,,,,,,,,,,,,,,,,,,,,,,,,,,,,,,,,,,,,,,,,,,,,,,,,,,,,,,,,,,,,,,,,,,,,,,,,,,,,,,,,,,,,,,,,,,,,,,,,,,,,,,,,,,,,,,,,,,,,,,,,,,,,,,,,,,,,,,,,,,,,,,,,,,,,,,,,,,,,,,,,,,,,,,,,,,,,,,,,,,,,,,,,,,,,,,,,,,,,,,,,,,,,,,,,,,,,,,,,,,,,,,,,,,,,,,,,
SI,Slovenia,0.403313049,0.403313049,0.403313049,0.403313049,0.403313049,0.403313049,0.403313049,0.403313049,0.403313049,0.403313049,0.377401513,0.386308604,0.379927888,0.370437788,0.402503313,0.455362846,0.479395795,0.492286784,0.509971407,0.551138359,0.548352868,0.542393215,0.541130028,0.534716923,0.520866229,0.516097562,0.516097562,107,107,107,107,107,107,107,107,107,107,122,93,96,98,92,73,67,61,58,48,48,49,51,51,55,58,58,0.72913587,0.72913587,0.730705681,0.732275491,0.700475674,0.668675858,0.678486266,0.688296674,0.690242717,0.693794488,0.688164453,0.691431651,0.693550503,0.69706022,0.700666815,0.678993607,0.683635259,0.670761348,0.661421734,0.666873483,0.665855125,0.67608898,0.664807379,0.674620983,0.69417275,0.676792345,0.66810912,28,28,26,26,34,38,37,35,36,34,38,37,36,36,35,40,36,40,44,40,40,37,37,36,30,36,38,0.532347123,0.529786902,0.528875298,0.539812256,0.529799169,0.532342657,0.539843876,0.545877682,0.547080199,0.560805103,0.567683611,0.565173679,0.575491674,0.570445838,0.595947916,0.619450128,0.626905585,0.627653081,0.624817648,0.632859376,0.624981862,0.61979175,0.611003254,0.60561831,0.60876193,0.603571844,0.601436502,25,27,27,24,27,28,27,26,25,24,24,30,28,30,26,25,24,23,22,23,24,23,24,25,24,24,25,0.464592451,0.456911786,0.452607164,0.483848228,0.485608783,0.525039064,0.537732312,0.546023324,0.547684832,0.585307772,0.637484866,0.617780782,0.652996632,0.643839504,0.68467362,0.723993931,0.7176857,0.71991111,0.703059803,0.680566288,0.660737592,0.640893055,0.627072356,0.607517025,0.611246811,0.617825626,0.620102824,25,26,27,25,25,25,23,24,25,24,16,20,17,17,14,11,12,11,14,17,19,20,23,25,24,24,24,,,,,,,,,,,,,,,,,,,,,,,,,,,,,,,,,,,,,,,,,,,,,,,,,,,,,,,,,,,,,,,,,,,,,,,,,,,,,,,,,,,,,,,,,,,,,,,,,,,,,,,,,,,,,,,,,,,,,,,,,,,,,,,,,,,,,,,,,,,,,,,,,,,,,,,,,,,,,,,,,,,,,,,,,,,,,,,,,,,,,,,,,,,,,,,,,,,,,,,,,,,,,,,,,,,,,,,,,,,,,,,,,,,,,,,,,,,,,,,,,,,,,,,,,,,,,,,,,,,,,,,,,,,,,,,,,,,,,,,,,,,,,,,,,,,,,,,,,,,,,,,,,,,,,,,,,,,,,,,,,,,,,,,,,,,,,,,,,,,,,,,,,,,,,,,,,,,,,,,,,,,,,,,,,,,,,,,,,,
SB,Solomon Islands,0.359878838,0.359878838,0.359878838,0.359878838,0.359878838,0.359878838,0.359878838,0.359878838,0.359878838,0.359878838,0.315732059,0.32849349,0.324509592,0.326161452,0.325805169,0.300800537,0.300930095,0.301513104,0.335392437,0.340186071,0.377790187,0.36590327,0.359004323,0.352364492,0.344361101,0.336112595,0.336112595,148,148,148,148,148,148,148,148,148,148,164,126,131,130,134,144,139,139,130,131,114,123,127,129,130,135,135,0.555579603,0.555579603,0.557673765,0.559767926,0.510824287,0.461880647,0.457801125,0.453721603,0.493236468,0.413407662,0.41819211,0.408990366,0.395805171,0.400472883,0.401649886,0.406068596,0.417761901,0.41202421,0.411909465,0.428489099,0.43976366,0.442551895,0.468289741,0.466112442,0.475858826,0.49180612,0.455173489,75,75,74,75,89,105,105,104,91,118,113,124,133,131,127,129,123,126,121,118,107,110,95,97,93,86,104,0.457729221,0.457729221,0.458776301,0.459823382,0.435351562,0.410879742,0.408839981,0.40680022,0.426557653,0.38664325,0.366962085,0.368741928,0.360157382,0.363317168,0.363727527,0.353434566,0.359345998,0.356768657,0.373650951,0.384337585,0.408776923,0.404227582,0.413647032,0.409238467,0.410109963,0.413959357,0.395643042,38,39,37,38,52,63,67,67,58,80,101,98,107,105,109,111,109,112,105,99,92,96,90,94,95,95,101,NA,NA,NA,NA,NA,NA,NA,NA,NA,NA,NA,NA,NA,NA,NA,NA,NA,NA,NA,NA,NA,NA,NA,NA,NA,NA,NA,NA,NA,NA,NA,NA,NA,NA,NA,NA,NA,NA,NA,NA,NA,NA,NA,NA,NA,NA,NA,NA,NA,NA,NA,NA,NA,NA,,,,,,,,,,,,,,,,,,,,,,,,,,,,,,,,,,,,,,,,,,,,,,,,,,,,,,,,,,,,,,,,,,,,,,,,,,,,,,,,,,,,,,,,,,,,,,,,,,,,,,,,,,,,,,,,,,,,,,,,,,,,,,,,,,,,,,,,,,,,,,,,,,,,,,,,,,,,,,,,,,,,,,,,,,,,,,,,,,,,,,,,,,,,,,,,,,,,,,,,,,,,,,,,,,,,,,,,,,,,,,,,,,,,,,,,,,,,,,,,,,,,,,,,,,,,,,,,,,,,,,,,,,,,,,,,,,,,,,,,,,,,,,,,,,,,,,,,,,,,,,,,,,,,,,,,,,,,,,,,,,,,,,,,,,,,,,,,,,,,,,,,,,,,,,,,,,,,,,,,,,,,,,,,,,,,,,,,,,
SO,Somalia,0.434698396,0.434698396,0.434698396,0.434698396,0.434698396,0.434698396,0.434698396,0.434698396,0.434698396,0.434698396,0.49584962,0.703012346,0.710656249,0.71616245,0.718041036,0.787095278,0.786900941,0.791694576,0.801540959,0.827063821,0.827193379,0.630654383,0.629585532,0.627156326,0.625208406,0.623468487,0.623468487,75,75,75,75,75,75,75,75,75,75,53,29,25,22,20,19,19,17,16,9,9,23,25,27,28,31,31,0.0992153,0.0992153,0.114504495,0.129793689,0.133784134,0.137774579,0.140561582,0.143348585,0.105546342,0.048451237,0.070760953,0.045986872,0.024037484,0.001394892,0.018193011,0.036150124,0.04060413,0.058421671,0.065015984,0.08006253,0.090604641,0.083309273,0.08896303,0.088257222,0.079328283,0.086187059,0.082937871,192,192,192,192,192,191,192,192,192,192,192,192,192,192,192,192,192,192,192,192,192,192,192,192,192,192,192,0.266956848,0.266956848,0.274601446,0.282246043,0.284241265,0.286236487,0.287629989,0.289023491,0.270122369,0.241574816,0.283305287,0.374499609,0.367346866,0.358778671,0.368117024,0.411622701,0.413752536,0.425058123,0.433278471,0.453563175,0.45889901,0.356981828,0.359274281,0.357706774,0.352268344,0.354827773,0.353203179,178,178,174,170,171,168,166,164,178,182,161,93,102,109,103,85,85,78,79,69,69,114,115,117,119,122,122,NA,NA,NA,NA,NA,NA,NA,NA,NA,NA,NA,NA,NA,NA,NA,NA,NA,NA,NA,NA,NA,NA,NA,NA,NA,NA,NA,NA,NA,NA,NA,NA,NA,NA,NA,NA,NA,NA,NA,NA,NA,NA,NA,NA,NA,NA,NA,NA,NA,NA,NA,NA,NA,NA,,,,,,,,,,,,,,,,,,,,,,,,,,,,,,,,,,,,,,,,,,,,,,,,,,,,,,,,,,,,,,,,,,,,,,,,,,,,,,,,,,,,,,,,,,,,,,,,,,,,,,,,,,,,,,,,,,,,,,,,,,,,,,,,,,,,,,,,,,,,,,,,,,,,,,,,,,,,,,,,,,,,,,,,,,,,,,,,,,,,,,,,,,,,,,,,,,,,,,,,,,,,,,,,,,,,,,,,,,,,,,,,,,,,,,,,,,,,,,,,,,,,,,,,,,,,,,,,,,,,,,,,,,,,,,,,,,,,,,,,,,,,,,,,,,,,,,,,,,,,,,,,,,,,,,,,,,,,,,,,,,,,,,,,,,,,,,,,,,,,,,,,,,,,,,,,,,,,,,,,,,,,,,,,,,,,,,,,,,
ZA,South Africa,0.391167017,0.391167017,0.391167017,0.391167017,0.391167017,0.391167017,0.391167017,0.391167017,0.391167017,0.391167017,0.372769827,0.365158313,0.369012654,0.370470178,0.385466479,0.345951387,0.341254922,0.357093348,0.387928075,0.414228283,0.392851266,0.44733027,0.412673591,0.401240126,0.390340074,0.381769362,0.381769362,120,120,120,120,120,120,120,120,120,120,126,100,101,97,101,117,118,114,103,101,106,82,104,109,114,117,117,0.55782656,0.55782656,0.553066404,0.548306247,0.553206118,0.558105988,0.553073672,0.548041355,0.546998722,0.553893183,0.557849438,0.571842594,0.552314281,0.545951972,0.530264481,0.531536704,0.531441543,0.51438676,0.517758056,0.507766621,0.503421839,0.508199113,0.485296522,0.474614212,0.486908316,0.484099104,0.475848592,74,74,77,80,76,75,75,79,76,73,72,69,74,69,73,74,71,76,71,80,79,82,88,94,88,89,91,0.373484825,0.371808825,0.366459862,0.36354843,0.364723339,0.372794615,0.371679731,0.370067429,0.369183058,0.372115166,0.368456024,0.368929638,0.364543868,0.362909,0.363070184,0.35268966,0.352013228,0.352503003,0.365743242,0.37271605,0.366475047,0.384479095,0.366724689,0.360590349,0.361764909,0.358123913,0.355885537,82,83,91,99,99,89,91,91,93,91,98,97,105,107,110,113,118,115,109,107,108,106,113,115,116,117,120,0.171460898,0.166432899,0.155146166,0.151172026,0.149796884,0.169110842,0.170798504,0.170993914,0.169383435,0.171285297,0.174748807,0.169788008,0.172304668,0.172304849,0.173479593,0.18058089,0.183343219,0.186028902,0.191543595,0.196153245,0.203152036,0.197907904,0.202203954,0.20591671,0.208046336,0.208503275,0.210038658,133,136,145,152,153,138,138,141,146,151,150,160,160,164,163,163,164,164,162,159,156,166,167,166,166,169,169,,,,,,,,,,,,,,,,,,,,,,,,,,,,,,,,,,,,,,,,,,,,,,,,,,,,,,,,,,,,,,,,,,,,,,,,,,,,,,,,,,,,,,,,,,,,,,,,,,,,,,,,,,,,,,,,,,,,,,,,,,,,,,,,,,,,,,,,,,,,,,,,,,,,,,,,,,,,,,,,,,,,,,,,,,,,,,,,,,,,,,,,,,,,,,,,,,,,,,,,,,,,,,,,,,,,,,,,,,,,,,,,,,,,,,,,,,,,,,,,,,,,,,,,,,,,,,,,,,,,,,,,,,,,,,,,,,,,,,,,,,,,,,,,,,,,,,,,,,,,,,,,,,,,,,,,,,,,,,,,,,,,,,,,,,,,,,,,,,,,,,,,,,,,,,,,,,,,,,,,,,,,,,,,,,,,,,,,,,
SS,South Sudan,NA,NA,NA,NA,NA,NA,NA,NA,NA,NA,NA,NA,NA,NA,NA,NA,NA,NA,NA,NA,NA,NA,NA,NA,NA,NA,NA,NA,NA,NA,NA,NA,NA,NA,NA,NA,NA,NA,NA,NA,NA,NA,NA,NA,NA,NA,NA,NA,NA,NA,NA,NA,NA,NA,NA,NA,NA,NA,NA,NA,NA,NA,NA,NA,NA,NA,NA,NA,NA,NA,NA,NA,NA,NA,NA,NA,NA,NA,NA,NA,NA,NA,NA,NA,NA,NA,NA,NA,NA,NA,NA,NA,NA,NA,NA,NA,NA,NA,NA,NA,NA,NA,NA,NA,NA,NA,NA,NA,NA,NA,NA,NA,NA,NA,NA,NA,NA,NA,NA,NA,NA,NA,NA,NA,NA,NA,NA,NA,NA,NA,NA,NA,NA,NA,NA,NA,NA,NA,NA,NA,NA,NA,NA,NA,NA,NA,NA,NA,NA,NA,NA,NA,NA,NA,NA,NA,NA,NA,NA,NA,NA,NA,NA,NA,NA,NA,NA,NA,NA,NA,NA,NA,NA,NA,NA,NA,NA,NA,NA,NA,NA,NA,NA,NA,NA,NA,NA,NA,NA,NA,NA,NA,NA,NA,NA,NA,NA,NA,NA,NA,NA,NA,NA,NA,NA,NA,NA,NA,NA,NA,NA,NA,NA,NA,NA,NA,NA,NA,NA,NA,NA,NA,NA,NA,NA,NA,NA,NA,NA,NA,NA,NA,NA,NA,NA,NA,NA,NA,NA,NA,NA,NA,NA,NA,NA,NA,NA,NA,NA,NA,NA,NA,NA,NA,NA,NA,NA,NA,NA,NA,NA,NA,NA,NA,NA,NA,NA,NA,NA,NA,NA,NA,NA,NA,NA,NA,NA,NA,NA,NA,NA,NA,NA,NA,NA,NA,NA,NA,NA,NA,NA,NA,NA,NA,NA,NA,NA,NA,NA,NA,NA,NA,NA,NA,NA,NA,NA,NA,NA,NA,NA,NA,NA,NA,NA,NA,NA,NA,NA,NA,NA,NA,NA,NA,NA,NA,NA,NA,NA,NA,NA,NA,NA,NA,NA,NA,NA,NA,NA,NA,NA,NA,NA,NA,NA,NA,NA,NA,NA,NA,NA,NA,NA,NA,NA,NA,NA,NA,NA,NA,NA,NA,NA,NA,NA,NA,NA,NA,NA,NA,NA,NA,NA,NA,NA,NA,NA,NA,NA,NA,NA,NA,NA,NA,NA,NA,NA,NA,NA,NA,NA,NA,NA,NA,NA,NA,NA,NA,NA,NA,NA,NA,NA,NA,NA,NA,NA,NA,NA,NA,NA,NA,NA,NA,NA,NA,NA,NA,NA,NA,NA,NA,NA,NA,NA,NA,NA,NA,NA,NA,NA,NA,NA,NA,NA,NA,NA,NA,NA,NA,NA,NA,NA,NA,NA,NA,NA,NA,NA,NA,NA,NA,NA,NA,NA,NA,NA,NA,NA,NA,NA,NA,NA,NA,NA,NA,NA,NA,NA,NA,NA,NA,NA,NA,NA,NA,NA,NA,NA,NA,NA,NA,NA,NA,NA,NA,NA,NA,NA,NA,NA,NA,NA,NA,NA,NA,NA,NA,NA,NA,NA,NA,NA,NA,NA,NA,NA,NA,NA,NA,NA,NA,NA,NA,NA,NA,NA,NA,NA,NA,NA,NA,NA,NA,NA,NA,NA,NA,NA,NA,NA,NA,NA,NA,NA,NA,NA,NA,NA,NA,NA,NA,NA,NA,NA,NA,NA,NA,NA,NA,NA,NA,NA,NA,NA,NA,NA,NA,NA,NA,NA,NA,NA,NA,NA,NA,NA,NA,NA,NA,NA,NA,NA,NA,NA,NA,NA,NA,NA,NA,NA,NA,NA,NA,NA,NA,NA,NA,NA,NA,NA,NA,NA,NA
ES,Spain,0.428479628,0.428479628,0.428479628,0.428479628,0.428479628,0.428479628,0.428479628,0.428479628,0.428479628,0.428479628,0.432528305,0.478909954,0.484513323,0.481954559,0.476286411,0.440010261,0.444156107,0.463816484,0.47184906,0.498959004,0.516125396,0.495039884,0.524967708,0.519429117,0.508719016,0.498795033,0.498795033,83,83,83,83,83,83,83,83,83,83,82,62,61,63,64,78,78,69,68,63,56,61,54,55,58,64,64,0.703723622,0.703723622,0.706459355,0.709195088,0.718964382,0.728733676,0.725815005,0.722896333,0.703551591,0.695313441,0.706280406,0.676667664,0.669153427,0.673746544,0.657970041,0.669353584,0.679913759,0.666063214,0.65252539,0.636705543,0.635599327,0.652912744,0.643606259,0.647721531,0.657475094,0.64538912,0.652892014,33,33,33,32,33,29,29,29,33,33,35,40,40,38,44,42,40,43,48,47,46,41,43,41,38,45,42,0.47957064,0.484907882,0.489038971,0.493732049,0.50369034,0.51594771,0.515118332,0.517630307,0.516732219,0.51657654,0.525793935,0.534300586,0.536711501,0.539352046,0.530633535,0.522698054,0.529171057,0.531696686,0.529650538,0.535332544,0.540456536,0.540045527,0.544538752,0.540522669,0.54026049,0.536566322,0.539452472,32,32,31,31,30,30,29,29,29,29,31,36,36,36,35,40,39,37,39,39,39,37,36,38,38,42,42,0.30650867,0.322520395,0.33217793,0.343521431,0.363627011,0.390629825,0.391060362,0.401514961,0.418165438,0.425936552,0.438573095,0.447324139,0.456467752,0.462355035,0.457644154,0.458730318,0.463443304,0.46521036,0.464577162,0.470333085,0.469644885,0.472183952,0.46504229,0.454417358,0.454587359,0.465514813,0.466670369,47,44,44,41,37,37,37,36,36,38,38,36,37,40,43,46,45,46,46,44,44,44,44,48,50,49,49,,,,,,,,,,,,,,,,,,,,,,,,,,,,,,,,,,,,,,,,,,,,,,,,,,,,,,,,,,,,,,,,,,,,,,,,,,,,,,,,,,,,,,,,,,,,,,,,,,,,,,,,,,,,,,,,,,,,,,,,,,,,,,,,,,,,,,,,,,,,,,,,,,,,,,,,,,,,,,,,,,,,,,,,,,,,,,,,,,,,,,,,,,,,,,,,,,,,,,,,,,,,,,,,,,,,,,,,,,,,,,,,,,,,,,,,,,,,,,,,,,,,,,,,,,,,,,,,,,,,,,,,,,,,,,,,,,,,,,,,,,,,,,,,,,,,,,,,,,,,,,,,,,,,,,,,,,,,,,,,,,,,,,,,,,,,,,,,,,,,,,,,,,,,,,,,,,,,,,,,,,,,,,,,,,,,,,,,,,
LK,Sri Lanka,0.403118712,0.403118712,0.403118712,0.403118712,0.403118712,0.403118712,0.403118712,0.403118712,0.403118712,0.403118712,0.379085763,0.361174414,0.362567159,0.36979,0.346437229,0.309999132,0.305432224,0.30507594,0.347441301,0.385596037,0.406875885,0.404835352,0.40826863,0.402794818,0.4297138,0.42394629,0.42394629,108,108,108,108,108,108,108,108,108,108,116,106,104,101,120,138,136,136,123,109,103,106,108,108,95,96,96,0.43356932,0.43356932,0.439012836,0.444456352,0.43449165,0.424526948,0.451812985,0.479099022,0.464453417,0.455335218,0.419894485,0.425069977,0.410223101,0.393138526,0.402119263,0.419387033,0.435791405,0.445599767,0.441845075,0.455394262,0.486157168,0.485702968,0.467787659,0.467844253,0.468835577,0.470742251,0.452833195,115,115,113,112,118,119,108,98,102,100,111,115,126,133,126,116,107,105,104,101,84,88,96,96,98,95,106,0.354963533,0.353381971,0.354876167,0.355210675,0.352315393,0.347116032,0.356326893,0.364605921,0.359625805,0.357669971,0.339310867,0.336737783,0.335833878,0.337188988,0.334838427,0.329215852,0.332325457,0.337876057,0.352892508,0.369654326,0.387572982,0.388773797,0.386569468,0.389758364,0.400962046,0.401960159,0.398622205,105,106,108,108,110,114,105,97,101,107,117,116,119,119,122,128,126,125,117,110,99,102,103,103,98,99,99,0.228202566,0.223457881,0.222496953,0.21805696,0.219335816,0.213702437,0.214048982,0.211600028,0.211305286,0.214555983,0.218952353,0.223968956,0.234711375,0.248638437,0.25595879,0.258261392,0.255752742,0.262952463,0.269391147,0.267972681,0.269685894,0.275783071,0.283652116,0.298636021,0.30433676,0.311191935,0.31908713,77,84,85,88,90,101,102,109,114,114,114,117,112,111,109,109,117,116,114,118,121,120,117,107,108,107,105,,,,,,,,,,,,,,,,,,,,,,,,,,,,,,,,,,,,,,,,,,,,,,,,,,,,,,,,,,,,,,,,,,,,,,,,,,,,,,,,,,,,,,,,,,,,,,,,,,,,,,,,,,,,,,,,,,,,,,,,,,,,,,,,,,,,,,,,,,,,,,,,,,,,,,,,,,,,,,,,,,,,,,,,,,,,,,,,,,,,,,,,,,,,,,,,,,,,,,,,,,,,,,,,,,,,,,,,,,,,,,,,,,,,,,,,,,,,,,,,,,,,,,,,,,,,,,,,,,,,,,,,,,,,,,,,,,,,,,,,,,,,,,,,,,,,,,,,,,,,,,,,,,,,,,,,,,,,,,,,,,,,,,,,,,,,,,,,,,,,,,,,,,,,,,,,,,,,,,,,,,,,,,,,,,,,,,,,,,
SD,Sudan,0.464917724,0.464917724,0.464917724,0.464917724,0.464917724,0.464917724,0.464917724,0.464917724,0.464917724,0.464917724,0.389903829,0.308023377,0.32518977,0.323408352,0.322728174,0.301772219,0.294646547,0.293124245,0.308217714,0.314209756,0.306922137,0.363247337,0.351263252,0.350680243,0.342588961,0.329893995,0.329893995,49,49,49,49,49,49,49,49,49,49,107,137,130,133,136,143,142,142,140,142,144,124,130,131,132,138,138,0.172948299,0.172948299,0.183614146,0.194279993,0.196311729,0.198343466,0.216632638,0.234921811,0.203194014,0.229343239,0.187922404,0.214456264,0.188969244,0.170868124,0.196694967,0.186479625,0.195304811,0.184254683,0.186760676,0.187452984,0.190880345,0.177197805,0.196126151,0.205393317,0.208700074,0.218595309,0.212809684,188,188,188,187,186,186,186,182,187,181,187,186,187,189,188,188,189,190,189,188,185,186,183,183,182,182,182,0.274085865,0.274096915,0.27765802,0.281236425,0.281952516,0.282870395,0.289878473,0.296795086,0.286159033,0.29616184,0.258299605,0.242327505,0.241229412,0.240734165,0.250085029,0.239685868,0.240644,0.236727303,0.243839589,0.245664995,0.244335702,0.258762536,0.261898937,0.26658928,0.264167447,0.26294125,0.261012994,173,173,171,172,172,170,163,160,164,157,181,177,178,178,177,177,177,180,177,178,179,177,174,174,175,175,176,0.184391571,0.184424722,0.18444219,0.184511556,0.184628094,0.185349994,0.188085057,0.190545723,0.190365361,0.194224557,0.197072582,0.204502873,0.209529222,0.227926018,0.230831946,0.230805759,0.231980642,0.23280298,0.236540375,0.235332243,0.235204623,0.235842465,0.238307407,0.24369428,0.241213305,0.240334447,0.240335303,118,121,123,122,126,124,126,128,135,135,134,134,133,126,127,134,139,141,139,140,145,147,145,144,148,150,151,,,,,,,,,,,,,,,,,,,,,,,,,,,,,,,,,,,,,,,,,,,,,,,,,,,,,,,,,,,,,,,,,,,,,,,,,,,,,,,,,,,,,,,,,,,,,,,,,,,,,,,,,,,,,,,,,,,,,,,,,,,,,,,,,,,,,,,,,,,,,,,,,,,,,,,,,,,,,,,,,,,,,,,,,,,,,,,,,,,,,,,,,,,,,,,,,,,,,,,,,,,,,,,,,,,,,,,,,,,,,,,,,,,,,,,,,,,,,,,,,,,,,,,,,,,,,,,,,,,,,,,,,,,,,,,,,,,,,,,,,,,,,,,,,,,,,,,,,,,,,,,,,,,,,,,,,,,,,,,,,,,,,,,,,,,,,,,,,,,,,,,,,,,,,,,,,,,,,,,,,,,,,,,,,,,,,,,,,,
SR,Suriname,0.432852199,0.432852199,0.432852199,0.432852199,0.432852199,0.432852199,0.432852199,0.432852199,0.432852199,0.432852199,0.494003423,0.277447766,0.274856612,0.27718865,0.267892887,0.242175688,0.242661529,0.241074448,0.244507726,0.264168104,0.2727513,0.270645988,0.292217341,0.282435736,0.273024417,0.261360515,0.261360515,77,77,77,77,77,77,77,77,77,77,54,155,158,156,159,161,160,160,160,156,154,169,157,163,168,174,174,0.500891131,0.500891131,0.508472694,0.516054257,0.511468266,0.506882275,0.502715885,0.498549494,0.509433154,0.489234073,0.492206099,0.458479456,0.4592046,0.466581424,0.45708335,0.450699531,0.459762336,0.459388354,0.467182897,0.448982004,0.459236424,0.452300752,0.463050508,0.456848328,0.446817993,0.451334785,0.455547217,92,92,91,88,88,89,90,92,87,89,85,93,96,92,97,102,96,99,95,103,97,101,98,100,106,109,103,0.369627698,0.369728664,0.372655846,0.375537733,0.37444476,0.373792462,0.37374566,0.373165225,0.378409256,0.37312734,0.395036669,0.314460706,0.315238055,0.320534467,0.317398474,0.307265008,0.31115566,0.311763484,0.316803533,0.318721903,0.326361467,0.325385633,0.337063111,0.333130487,0.328058725,0.328189455,0.33324325,86,85,83,80,83,87,89,89,88,90,82,127,128,128,134,135,133,136,133,131,129,133,127,134,135,139,139,0.175139762,0.175442662,0.176642645,0.177706742,0.179013814,0.181642912,0.185668896,0.188093982,0.192942413,0.197295748,0.198900486,0.207454895,0.211652953,0.217833328,0.227219183,0.228919806,0.231043116,0.234827651,0.238719976,0.243015601,0.247096677,0.253210159,0.255921484,0.260107396,0.264333765,0.271873066,0.282822018,131,130,133,132,130,128,128,131,127,130,130,130,131,133,132,137,140,138,138,137,135,136,135,136,137,135,133,,,,,,,,,,,,,,,,,,,,,,,,,,,,,,,,,,,,,,,,,,,,,,,,,,,,,,,,,,,,,,,,,,,,,,,,,,,,,,,,,,,,,,,,,,,,,,,,,,,,,,,,,,,,,,,,,,,,,,,,,,,,,,,,,,,,,,,,,,,,,,,,,,,,,,,,,,,,,,,,,,,,,,,,,,,,,,,,,,,,,,,,,,,,,,,,,,,,,,,,,,,,,,,,,,,,,,,,,,,,,,,,,,,,,,,,,,,,,,,,,,,,,,,,,,,,,,,,,,,,,,,,,,,,,,,,,,,,,,,,,,,,,,,,,,,,,,,,,,,,,,,,,,,,,,,,,,,,,,,,,,,,,,,,,,,,,,,,,,,,,,,,,,,,,,,,,,,,,,,,,,,,,,,,,,,,,,,,,,
SJ,Svalbard and Jan Mayen,0.510003796,0.510003796,0.510003796,0.510003796,0.510003796,0.510003796,0.510003796,0.510003796,0.510003796,0.510003796,0.549616056,0.68435604,0.697603313,0.702882788,0.690769145,0.727757862,0.720016791,0.726980516,0.771548357,0.819646644,0.822270187,0.786026427,0.782107307,0.77974288,0.771930113,0.766291487,0.766291487,13,13,13,13,13,13,13,13,13,13,24,33,28,25,25,26,27,25,21,10,10,8,8,8,9,9,9,0.858069688,0.858069688,0.855950397,0.853831105,0.844386813,0.834942521,0.839559921,0.844177321,0.826722527,0.831233549,0.840015026,0.835133662,0.825970117,0.830355981,0.835745565,0.846582474,0.853828999,0.860566971,0.870664528,0.858796557,0.858746956,0.863201119,0.869454717,0.855854533,0.857875018,0.857583785,0.8494708,9,9,9,10,11,15,14,14,14,14,10,13,18,18,14,10,10,9,7,10,9,8,7,10,7,8,9,0.64931555,0.655594706,0.65980457,0.661295797,0.665849491,0.667688462,0.671469312,0.676268508,0.674844112,0.677095506,0.696674277,0.742057618,0.745191615,0.747413395,0.745340586,0.761018447,0.76091943,0.761018731,0.785430323,0.79827865,0.799509635,0.790389029,0.791777082,0.783326983,0.772143911,0.765136066,0.762780591,4,3,3,3,4,5,5,5,6,6,3,5,5,5,4,5,6,5,3,3,3,4,4,3,3,3,3,0.579873167,0.598710635,0.613459517,0.62005249,0.643157864,0.65811907,0.66484422,0.674624408,0.687806013,0.690049173,0.700391749,0.706683151,0.712001417,0.709001415,0.709507047,0.708715004,0.7089125,0.695508705,0.714078084,0.71639275,0.717511763,0.721939541,0.723769221,0.714383537,0.686626602,0.671532926,0.672579487,10,10,9,9,9,10,11,13,12,14,12,13,13,13,13,14,14,14,13,13,13,12,12,12,14,15,16,,,,,,,,,,,,,,,,,,,,,,,,,,,,,,,,,,,,,,,,,,,,,,,,,,,,,,,,,,,,,,,,,,,,,,,,,,,,,,,,,,,,,,,,,,,,,,,,,,,,,,,,,,,,,,,,,,,,,,,,,,,,,,,,,,,,,,,,,,,,,,,,,,,,,,,,,,,,,,,,,,,,,,,,,,,,,,,,,,,,,,,,,,,,,,,,,,,,,,,,,,,,,,,,,,,,,,,,,,,,,,,,,,,,,,,,,,,,,,,,,,,,,,,,,,,,,,,,,,,,,,,,,,,,,,,,,,,,,,,,,,,,,,,,,,,,,,,,,,,,,,,,,,,,,,,,,,,,,,,,,,,,,,,,,,,,,,,,,,,,,,,,,,,,,,,,,,,,,,,,,,,,,,,,,,,,,,,,,,
SZ,Eswatini,0.451702841,0.451702841,0.451702841,0.451702841,0.451702841,0.451702841,0.451702841,0.451702841,0.451702841,0.451702841,0.512854065,0.328558269,0.323699856,0.316120732,0.30173983,0.251601009,0.261771287,0.262062791,0.276767588,0.293772033,0.290662649,0.306824969,0.307958599,0.294711326,0.283818359,0.28517163,0.28517163,60,60,60,60,60,60,60,60,60,60,42,125,132,137,147,155,152,154,152,149,148,152,150,157,164,165,165,0.45876302,0.45876302,0.461235518,0.463708015,0.460195353,0.45668269,0.454786105,0.45288952,0.456676026,0.422264172,0.404748636,0.440540676,0.439208491,0.453204912,0.458986564,0.45373389,0.424555091,0.430418101,0.438962575,0.439682139,0.444254794,0.439057406,0.463423715,0.437266259,0.42625293,0.437920251,0.407069546,102,102,103,103,104,108,107,105,106,115,124,101,107,98,96,101,119,111,105,109,104,113,97,114,122,116,125,0.367977303,0.36800646,0.368543802,0.36915254,0.367899329,0.366839569,0.366061059,0.365213182,0.366849055,0.356126699,0.370452237,0.320862408,0.320270623,0.324764469,0.323781408,0.306510356,0.303040819,0.304875259,0.313384936,0.319386573,0.320065328,0.324554272,0.335188231,0.324717562,0.320341617,0.325509197,0.316023339,88,88,87,89,91,95,93,96,95,109,95,125,127,126,129,137,139,138,134,130,130,134,129,140,144,142,145,0.193466047,0.193553519,0.192693048,0.192046764,0.191799792,0.192133176,0.19169423,0.191047185,0.192168296,0.194413083,0.19375401,0.193488279,0.197903523,0.204967764,0.21061783,0.21419617,0.22279608,0.222144885,0.224424644,0.224705546,0.225278541,0.227780442,0.234182379,0.242175102,0.250953562,0.253435711,0.255828842,111,110,113,112,115,121,123,127,129,134,136,141,139,144,147,144,143,145,145,147,149,149,147,147,144,144,144,,,,,,,,,,,,,,,,,,,,,,,,,,,,,,,,,,,,,,,,,,,,,,,,,,,,,,,,,,,,,,,,,,,,,,,,,,,,,,,,,,,,,,,,,,,,,,,,,,,,,,,,,,,,,,,,,,,,,,,,,,,,,,,,,,,,,,,,,,,,,,,,,,,,,,,,,,,,,,,,,,,,,,,,,,,,,,,,,,,,,,,,,,,,,,,,,,,,,,,,,,,,,,,,,,,,,,,,,,,,,,,,,,,,,,,,,,,,,,,,,,,,,,,,,,,,,,,,,,,,,,,,,,,,,,,,,,,,,,,,,,,,,,,,,,,,,,,,,,,,,,,,,,,,,,,,,,,,,,,,,,,,,,,,,,,,,,,,,,,,,,,,,,,,,,,,,,,,,,,,,,,,,,,,,,,,,,,,,,
SE,Sweden,0.44898213,0.44898213,0.44898213,0.44898213,0.44898213,0.44898213,0.44898213,0.44898213,0.44898213,0.44898213,0.477873492,0.598135406,0.60571453,0.610832058,0.60516391,0.657537601,0.665894071,0.661942562,0.671270715,0.713959969,0.718656435,0.675027887,0.676031959,0.671303104,0.660414186,0.650844631,0.650844631,63,63,63,63,63,63,63,63,63,63,66,43,40,36,35,33,33,31,30,20,20,18,18,18,20,25,25,0.843370544,0.843370544,0.837055295,0.830740046,0.837983634,0.845227221,0.85329236,0.861357499,0.855754562,0.858000209,0.837993726,0.845714183,0.856093562,0.853096864,0.85562178,0.853661337,0.867646931,0.872222673,0.869074291,0.855755538,0.857393331,0.858464588,0.847416782,0.845859308,0.847956797,0.840365086,0.841059181,12,12,13,12,14,12,12,10,9,9,12,9,9,9,8,9,8,7,8,11,11,10,10,11,11,13,11,0.621364801,0.624670844,0.628633019,0.630987892,0.642154197,0.647534562,0.654893742,0.665575048,0.670224613,0.674781725,0.681486772,0.722979876,0.726207206,0.726451215,0.725404185,0.743200027,0.750065836,0.748146776,0.747280907,0.752897345,0.75631158,0.741336683,0.737856433,0.730826874,0.729317651,0.725676823,0.724478883,7,7,7,6,6,7,6,7,7,7,6,6,8,8,6,8,7,8,8,8,6,7,7,7,6,6,7,0.571741728,0.581659859,0.599861632,0.613241501,0.639496827,0.648394335,0.662406737,0.686385514,0.705937147,0.717362835,0.728593097,0.72509004,0.716813525,0.715424722,0.715426864,0.718401145,0.716656505,0.710275094,0.701497714,0.688976527,0.692884975,0.690517576,0.690120557,0.67531821,0.67958197,0.685820752,0.681532837,11,11,11,10,10,12,12,11,9,10,9,12,12,12,11,12,13,12,15,15,15,16,16,17,16,14,14,,,,,,,,,,,,,,,,,,,,,,,,,,,,,,,,,,,,,,,,,,,,,,,,,,,,,,,,,,,,,,,,,,,,,,,,,,,,,,,,,,,,,,,,,,,,,,,,,,,,,,,,,,,,,,,,,,,,,,,,,,,,,,,,,,,,,,,,,,,,,,,,,,,,,,,,,,,,,,,,,,,,,,,,,,,,,,,,,,,,,,,,,,,,,,,,,,,,,,,,,,,,,,,,,,,,,,,,,,,,,,,,,,,,,,,,,,,,,,,,,,,,,,,,,,,,,,,,,,,,,,,,,,,,,,,,,,,,,,,,,,,,,,,,,,,,,,,,,,,,,,,,,,,,,,,,,,,,,,,,,,,,,,,,,,,,,,,,,,,,,,,,,,,,,,,,,,,,,,,,,,,,,,,,,,,,,,,,,,
CH,Switzerland,0.469484633,0.469484633,0.469484633,0.469484633,0.469484633,0.469484633,0.469484633,0.469484633,0.469484633,0.469484633,0.501744494,0.620710831,0.633634209,0.637877223,0.614718789,0.652258126,0.646071746,0.648760068,0.666768585,0.687918876,0.691805606,0.654136712,0.646330862,0.6391728,0.631931066,0.621813758,0.621813758,44,44,44,44,44,44,44,44,44,44,50,41,37,34,34,34,34,33,31,24,22,21,21,25,27,32,32,0.851056263,0.851056263,0.85452556,0.857994856,0.865072598,0.872150339,0.86954859,0.866946841,0.848124541,0.842781927,0.839387863,0.839129846,0.849568924,0.841944404,0.839172782,0.841172079,0.839319393,0.856851656,0.853011729,0.872877941,0.863676069,0.862048816,0.857877791,0.85814777,0.84858183,0.841041806,0.839840531,10,10,10,9,8,8,7,8,10,11,11,11,12,12,12,12,13,11,12,7,8,9,9,7,10,12,12,0.612197645,0.613385029,0.618208,0.623328204,0.630570509,0.637927495,0.641020524,0.644153381,0.641091896,0.641975394,0.653973015,0.69656547,0.706259607,0.705064385,0.700380479,0.713636598,0.710425831,0.711296607,0.718564447,0.729805878,0.727504608,0.713079488,0.703719691,0.6993564,0.69881664,0.694214435,0.694441062,11,11,10,7,8,8,8,9,9,9,8,11,11,11,10,12,11,11,11,10,10,10,10,11,11,10,10,0.516052039,0.519614191,0.530613808,0.542505124,0.557154298,0.572147515,0.584028349,0.596028669,0.605666515,0.613659623,0.620786688,0.629855734,0.635575688,0.635371527,0.647249865,0.647479589,0.645886354,0.628278099,0.635913027,0.628620818,0.627032149,0.623052934,0.606950419,0.600748631,0.615937024,0.619787741,0.621668896,20,20,19,18,19,20,18,18,18,17,17,17,18,19,17,20,21,23,22,22,22,24,26,29,23,23,23,,,,,,,,,,,,,,,,,,,,,,,,,,,,,,,,,,,,,,,,,,,,,,,,,,,,,,,,,,,,,,,,,,,,,,,,,,,,,,,,,,,,,,,,,,,,,,,,,,,,,,,,,,,,,,,,,,,,,,,,,,,,,,,,,,,,,,,,,,,,,,,,,,,,,,,,,,,,,,,,,,,,,,,,,,,,,,,,,,,,,,,,,,,,,,,,,,,,,,,,,,,,,,,,,,,,,,,,,,,,,,,,,,,,,,,,,,,,,,,,,,,,,,,,,,,,,,,,,,,,,,,,,,,,,,,,,,,,,,,,,,,,,,,,,,,,,,,,,,,,,,,,,,,,,,,,,,,,,,,,,,,,,,,,,,,,,,,,,,,,,,,,,,,,,,,,,,,,,,,,,,,,,,,,,,,,,,,,,,
SY,Syria,0.354631752,0.354631752,0.354631752,0.354631752,0.354631752,0.354631752,0.354631752,0.354631752,0.354631752,0.354631752,0.344267138,0.311553824,0.320525693,0.300800537,0.346955459,0.332704115,0.323829414,0.323667467,0.328104817,0.302776291,0.28612813,0.325643221,0.275990242,0.269253243,0.261895783,0.262411315,0.262411315,154,154,154,154,154,154,154,154,154,154,146,134,133,141,118,127,129,129,132,145,150,141,166,170,172,173,173,0.356602691,0.356602691,0.358110828,0.359618965,0.354468913,0.349318862,0.381139602,0.412960341,0.382820384,0.364142332,0.35528494,0.323780107,0.322482863,0.334352438,0.345942564,0.332653329,0.26696072,0.185489481,0.168522142,0.144167407,0.134035227,0.105587434,0.106076154,0.103689004,0.098344877,0.092569312,0.102852615,152,152,150,147,150,149,134,122,134,139,141,156,158,155,152,154,172,189,191,190,190,191,191,191,191,191,191,0.312825029,0.312095421,0.312666802,0.311443376,0.310395646,0.31233206,0.321446503,0.332238338,0.323933862,0.31941932,0.313203664,0.294923665,0.29988033,0.299123035,0.320635045,0.313994867,0.290245369,0.266613777,0.264433501,0.253558066,0.246283125,0.248634798,0.232501875,0.229613925,0.226573289,0.224096194,0.227445004,139,139,137,138,142,141,133,123,134,136,144,139,140,144,131,131,147,165,166,176,177,180,184,186,185,185,184,0.227240643,0.225051819,0.225257827,0.220079412,0.222086274,0.233045567,0.228568157,0.229122921,0.234349449,0.239483875,0.240058915,0.249437063,0.256632433,0.262216129,0.269007112,0.276627158,0.279945974,0.290684383,0.296673543,0.313730499,0.318686018,0.314673738,0.315439229,0.315899528,0.319479207,0.317307955,0.317071083,80,82,83,85,84,80,86,91,92,93,97,94,93,96,95,93,93,94,93,89,89,90,93,95,94,103,109,,,,,,,,,,,,,,,,,,,,,,,,,,,,,,,,,,,,,,,,,,,,,,,,,,,,,,,,,,,,,,,,,,,,,,,,,,,,,,,,,,,,,,,,,,,,,,,,,,,,,,,,,,,,,,,,,,,,,,,,,,,,,,,,,,,,,,,,,,,,,,,,,,,,,,,,,,,,,,,,,,,,,,,,,,,,,,,,,,,,,,,,,,,,,,,,,,,,,,,,,,,,,,,,,,,,,,,,,,,,,,,,,,,,,,,,,,,,,,,,,,,,,,,,,,,,,,,,,,,,,,,,,,,,,,,,,,,,,,,,,,,,,,,,,,,,,,,,,,,,,,,,,,,,,,,,,,,,,,,,,,,,,,,,,,,,,,,,,,,,,,,,,,,,,,,,,,,,,,,,,,,,,,,,,,,,,,,,,,
TJ,Tajikistan,0.4227467,0.4227467,0.4227467,0.4227467,0.4227467,0.4227467,0.4227467,0.4227467,0.4227467,0.4227467,0.483897924,0.249074634,0.249528086,0.254451278,0.247519942,0.206838832,0.231649127,0.225397969,0.234628953,0.240329491,0.267568993,0.366000438,0.376300273,0.410017659,0.397557517,0.402036197,0.402036197,88,88,88,88,88,88,88,88,88,88,62,167,165,166,167,172,166,165,162,168,159,122,121,107,111,107,107,0.181659674,0.181659674,0.192366628,0.203073581,0.21810958,0.233145579,0.252815031,0.272484483,0.282570424,0.25647443,0.264786538,0.269771906,0.290259769,0.281253553,0.272641333,0.273510163,0.278402556,0.265787262,0.262485366,0.306237704,0.29590558,0.291308822,0.276271055,0.272585829,0.291541599,0.292444306,0.285144398,187,187,186,185,185,184,181,178,170,175,173,174,170,173,172,172,169,173,175,166,168,171,173,174,169,168,167,0.282932562,0.282001432,0.284530971,0.288447732,0.292970658,0.298201544,0.306099941,0.309391196,0.312313958,0.303926108,0.326657149,0.252822703,0.259890784,0.263835262,0.262582434,0.24948353,0.259174799,0.253404232,0.255787515,0.273575442,0.280560615,0.313565421,0.313443383,0.323445092,0.325601291,0.327381876,0.324935883,168,170,168,164,160,153,151,148,144,149,130,171,171,166,167,173,169,172,173,167,159,141,144,142,140,140,140,0.244391312,0.241597921,0.238479586,0.239522915,0.238055694,0.238712351,0.242738091,0.232942405,0.231624751,0.232557194,0.231286985,0.239621569,0.239884497,0.255800955,0.267586026,0.268101595,0.267472713,0.269027464,0.270248226,0.274159131,0.27820727,0.283387004,0.287758821,0.287731789,0.287704757,0.287665126,0.287627054,64,64,70,72,71,74,75,87,94,102,105,102,111,103,97,99,104,111,112,117,115,117,113,116,118,123,129,,,,,,,,,,,,,,,,,,,,,,,,,,,,,,,,,,,,,,,,,,,,,,,,,,,,,,,,,,,,,,,,,,,,,,,,,,,,,,,,,,,,,,,,,,,,,,,,,,,,,,,,,,,,,,,,,,,,,,,,,,,,,,,,,,,,,,,,,,,,,,,,,,,,,,,,,,,,,,,,,,,,,,,,,,,,,,,,,,,,,,,,,,,,,,,,,,,,,,,,,,,,,,,,,,,,,,,,,,,,,,,,,,,,,,,,,,,,,,,,,,,,,,,,,,,,,,,,,,,,,,,,,,,,,,,,,,,,,,,,,,,,,,,,,,,,,,,,,,,,,,,,,,,,,,,,,,,,,,,,,,,,,,,,,,,,,,,,,,,,,,,,,,,,,,,,,,,,,,,,,,,,,,,,,,,,,,,,,,
TZ,Tanzania,0.395539588,0.395539588,0.395539588,0.395539588,0.395539588,0.395539588,0.395539588,0.395539588,0.395539588,0.395539588,0.357352463,0.290176807,0.291310437,0.285966183,0.277706881,0.240297102,0.250208264,0.256686148,0.261317835,0.278192722,0.269609526,0.29283274,0.287067423,0.279196794,0.276020944,0.271477822,0.271477822,114,114,114,114,114,114,114,114,114,114,137,150,150,152,155,163,157,156,156,153,158,155,160,167,166,168,168,0.403799561,0.403799561,0.407223572,0.410647584,0.399319098,0.387990612,0.390714336,0.393438061,0.377686941,0.397083489,0.40372083,0.431649462,0.424965385,0.424010209,0.433373314,0.424840433,0.418918327,0.413716173,0.409375526,0.395066286,0.405771103,0.411754705,0.399646233,0.393157245,0.40526489,0.399321111,0.40623724,129,129,129,128,130,132,132,131,136,128,126,110,115,117,108,111,121,124,124,131,127,125,130,132,129,129,128,0.327658807,0.327694951,0.328893865,0.329998505,0.326293981,0.322572958,0.323101906,0.32367199,0.318351524,0.324744804,0.314180371,0.301294069,0.299630532,0.299442188,0.301675064,0.287966367,0.291444569,0.293442681,0.293361985,0.295824448,0.29670187,0.307327736,0.301970468,0.297274227,0.30039331,0.30062954,0.304678684,127,128,127,123,127,129,130,130,137,131,143,136,141,143,143,149,146,146,146,145,145,146,153,156,151,153,151,0.183637271,0.183745705,0.183918434,0.183808343,0.184023257,0.184188675,0.183051794,0.182038322,0.181828044,0.181611335,0.181467821,0.182055938,0.182615773,0.188350172,0.193944997,0.198761567,0.205207116,0.209925723,0.209392594,0.214214335,0.21472498,0.217395764,0.219197749,0.219468643,0.219894095,0.231089688,0.23632099,121,123,124,123,127,127,131,136,138,142,144,149,154,152,151,152,152,151,153,151,152,152,154,156,157,156,155,,,,,,,,,,,,,,,,,,,,,,,,,,,,,,,,,,,,,,,,,,,,,,,,,,,,,,,,,,,,,,,,,,,,,,,,,,,,,,,,,,,,,,,,,,,,,,,,,,,,,,,,,,,,,,,,,,,,,,,,,,,,,,,,,,,,,,,,,,,,,,,,,,,,,,,,,,,,,,,,,,,,,,,,,,,,,,,,,,,,,,,,,,,,,,,,,,,,,,,,,,,,,,,,,,,,,,,,,,,,,,,,,,,,,,,,,,,,,,,,,,,,,,,,,,,,,,,,,,,,,,,,,,,,,,,,,,,,,,,,,,,,,,,,,,,,,,,,,,,,,,,,,,,,,,,,,,,,,,,,,,,,,,,,,,,,,,,,,,,,,,,,,,,,,,,,,,,,,,,,,,,,,,,,,,,,,,,,,,
TH,Thailand,0.439168136,0.439168136,0.439168136,0.439168136,0.439168136,0.439168136,0.439168136,0.439168136,0.439168136,0.439168136,0.448463899,0.450795938,0.450472043,0.471622334,0.511493709,0.524060804,0.516740795,0.537793918,0.560628458,0.604742847,0.599657709,0.562636602,0.56053129,0.600305497,0.608667703,0.635765332,0.635765332,72,72,72,72,72,72,72,72,72,72,76,70,73,65,57,54,57,54,50,39,41,47,47,35,33,27,27,0.530822525,0.530822525,0.541523384,0.552224244,0.556588949,0.560953654,0.545653362,0.53035307,0.509902086,0.471113924,0.474997866,0.437775762,0.428828729,0.419863715,0.415071366,0.41099763,0.426310924,0.425336346,0.423993257,0.433410924,0.430969055,0.437598151,0.448231448,0.44195978,0.460337062,0.460819282,0.462732042,83,83,80,78,75,71,77,84,86,91,90,106,111,120,123,126,116,114,113,112,114,114,106,110,100,103,99,0.390176597,0.39110979,0.397073386,0.404994821,0.409778672,0.41239948,0.410850124,0.408968889,0.404424347,0.393000663,0.400462589,0.391421388,0.392374103,0.397557881,0.411575019,0.417325128,0.419888247,0.427025308,0.437577378,0.453671728,0.4522447,0.444296275,0.44772097,0.458411402,0.468863028,0.479716408,0.482939086,70,70,68,62,61,60,63,66,71,74,74,82,86,88,80,80,78,76,76,68,71,73,73,69,66,64,64,0.20053913,0.203338709,0.210528637,0.223592084,0.233578931,0.23707665,0.247728874,0.257385462,0.26420282,0.268719929,0.277926002,0.285692464,0.297821537,0.301187595,0.308159981,0.316916951,0.316613021,0.317945662,0.328110419,0.322861413,0.326107338,0.332654071,0.334400172,0.33296893,0.337584318,0.342564611,0.350319884,98,97,93,81,74,75,70,68,68,71,75,72,75,79,77,73,75,78,76,80,82,81,83,86,85,84,84,,,,,,,,,,,,,,,,,,,,,,,,,,,,,,,,,,,,,,,,,,,,,,,,,,,,,,,,,,,,,,,,,,,,,,,,,,,,,,,,,,,,,,,,,,,,,,,,,,,,,,,,,,,,,,,,,,,,,,,,,,,,,,,,,,,,,,,,,,,,,,,,,,,,,,,,,,,,,,,,,,,,,,,,,,,,,,,,,,,,,,,,,,,,,,,,,,,,,,,,,,,,,,,,,,,,,,,,,,,,,,,,,,,,,,,,,,,,,,,,,,,,,,,,,,,,,,,,,,,,,,,,,,,,,,,,,,,,,,,,,,,,,,,,,,,,,,,,,,,,,,,,,,,,,,,,,,,,,,,,,,,,,,,,,,,,,,,,,,,,,,,,,,,,,,,,,,,,,,,,,,,,,,,,,,,,,,,,,,
TL,East Timor,0.422260859,0.422260859,0.422260859,0.422260859,0.422260859,0.422260859,0.422260859,0.422260859,0.422260859,0.422260859,0.295942124,0.266241027,0.266921204,0.288686894,0.31514905,0.378373196,0.392138699,0.393434276,0.394082064,0.415685807,0.443767434,0.430746887,0.402211809,0.390454449,0.394537878,0.36615142,0.36615142,90,90,90,90,90,90,90,90,90,90,173,159,160,151,140,100,95,96,97,99,90,96,109,114,112,125,125,NA,NA,NA,NA,NA,NA,NA,NA,NA,NA,NA,NA,NA,NA,NA,NA,NA,NA,NA,NA,NA,NA,NA,NA,NA,NA,NA,NA,NA,NA,NA,NA,NA,NA,NA,NA,NA,NA,NA,NA,NA,NA,NA,NA,NA,NA,NA,NA,NA,NA,NA,NA,NA,NA,0.365345069,0.365345069,0.365345069,0.365345069,0.365345069,0.365345069,0.365345069,0.365345069,0.366624197,0.368010045,0.30630629,0.293191894,0.295533213,0.308719503,0.327411526,0.362537409,0.372048179,0.373833666,0.376086941,0.390385094,0.404866845,0.399414796,0.386390556,0.381922661,0.384154439,0.372509117,0.374739883,92,92,93,95,95,96,94,95,96,95,148,141,147,135,127,105,100,103,103,95,94,99,104,105,103,110,110,0.308429279,0.308429279,0.308429279,0.308429279,0.308429279,0.308429279,0.308429279,0.308429279,0.310987535,0.313759232,0.316670456,0.320142761,0.324145222,0.328752111,0.339674002,0.346701621,0.351957659,0.354233056,0.358091817,0.36508438,0.365966257,0.368082705,0.370569303,0.373390872,0.373770999,0.378866815,0.383328346,46,46,47,48,48,51,51,55,56,55,55,57,60,63,63,63,62,65,67,66,69,70,73,72,73,73,74,,,,,,,,,,,,,,,,,,,,,,,,,,,,,,,,,,,,,,,,,,,,,,,,,,,,,,,,,,,,,,,,,,,,,,,,,,,,,,,,,,,,,,,,,,,,,,,,,,,,,,,,,,,,,,,,,,,,,,,,,,,,,,,,,,,,,,,,,,,,,,,,,,,,,,,,,,,,,,,,,,,,,,,,,,,,,,,,,,,,,,,,,,,,,,,,,,,,,,,,,,,,,,,,,,,,,,,,,,,,,,,,,,,,,,,,,,,,,,,,,,,,,,,,,,,,,,,,,,,,,,,,,,,,,,,,,,,,,,,,,,,,,,,,,,,,,,,,,,,,,,,,,,,,,,,,,,,,,,,,,,,,,,,,,,,,,,,,,,,,,,,,,,,,,,,,,,,,,,,,,,,,,,,,,,,,,,,,,,
TG,Togo,0.313529579,0.313529579,0.313529579,0.313529579,0.313529579,0.313529579,0.313529579,0.313529579,0.313529579,0.313529579,0.277642102,0.196668554,0.21474185,0.202887322,0.197057227,0.199615991,0.205348918,0.200490505,0.216555657,0.246030029,0.27048404,0.3100963,0.327262692,0.323667467,0.362533589,0.426040637,0.426040637,184,184,184,184,184,184,184,184,184,184,182,178,173,177,178,175,172,173,170,163,156,148,140,142,125,92,92,0.382277879,0.382277879,0.369725642,0.357173405,0.365328096,0.373482786,0.377434123,0.38138546,0.361310289,0.337403963,0.296013472,0.327023202,0.336148006,0.349694944,0.348245227,0.348958363,0.341803564,0.338700006,0.332547813,0.359242479,0.368978577,0.383139544,0.347642939,0.358165055,0.356762217,0.357991074,0.370456054,141,141,143,148,141,141,135,135,140,156,163,151,152,148,150,149,152,153,157,148,140,136,155,149,147,144,141,0.305419879,0.305436932,0.301449241,0.297451921,0.300451925,0.303481339,0.305106549,0.306777536,0.300497398,0.292967686,0.267643416,0.251808875,0.260271256,0.260375892,0.257997022,0.258495965,0.256715837,0.256096714,0.260991549,0.279851511,0.292165962,0.312060356,0.30634365,0.309766302,0.323864066,0.349143942,0.355017584,147,146,150,156,151,151,152,151,153,160,174,174,169,169,173,169,170,171,168,158,149,143,149,147,142,123,121,0.220452178,0.220503339,0.221092503,0.221652779,0.222498101,0.223431652,0.224355944,0.22541757,0.226652328,0.227969515,0.229274675,0.23173487,0.229923913,0.228545411,0.228688611,0.22691354,0.222995028,0.229099631,0.233871176,0.234282026,0.237035268,0.242945225,0.24412532,0.247466384,0.252296393,0.263400116,0.268556061,85,85,86,83,83,91,95,98,103,106,108,112,116,124,130,138,142,142,140,141,144,142,142,142,143,140,140,,,,,,,,,,,,,,,,,,,,,,,,,,,,,,,,,,,,,,,,,,,,,,,,,,,,,,,,,,,,,,,,,,,,,,,,,,,,,,,,,,,,,,,,,,,,,,,,,,,,,,,,,,,,,,,,,,,,,,,,,,,,,,,,,,,,,,,,,,,,,,,,,,,,,,,,,,,,,,,,,,,,,,,,,,,,,,,,,,,,,,,,,,,,,,,,,,,,,,,,,,,,,,,,,,,,,,,,,,,,,,,,,,,,,,,,,,,,,,,,,,,,,,,,,,,,,,,,,,,,,,,,,,,,,,,,,,,,,,,,,,,,,,,,,,,,,,,,,,,,,,,,,,,,,,,,,,,,,,,,,,,,,,,,,,,,,,,,,,,,,,,,,,,,,,,,,,,,,,,,,,,,,,,,,,,,,,,,,,
TO,Tonga,0.411475183,0.411475183,0.411475183,0.411475183,0.411475183,0.411475183,0.411475183,0.411475183,0.411475183,0.411475183,0.394827021,0.451832399,0.451217,0.468351003,0.471687113,0.487331203,0.484416155,0.481468718,0.485582174,0.515412829,0.504886268,0.48247279,0.472561627,0.463751705,0.455425938,0.447692964,0.447692964,101,101,101,101,101,101,101,101,101,101,101,69,72,67,65,65,64,65,64,55,59,65,69,73,78,81,81,0.548582364,0.548582364,0.55023649,0.551890616,0.55098714,0.550083663,0.549942075,0.549800487,0.500280818,0.517630682,0.455445014,0.439323574,0.442672954,0.441206809,0.440609254,0.490616648,0.494911431,0.490391939,0.495885743,0.493873352,0.484247463,0.513834772,0.525287236,0.542396136,0.539419198,0.536537575,0.534391526,77,77,79,79,77,77,76,77,89,81,99,104,102,105,105,86,84,86,84,84,87,81,75,73,75,75,77,0.356433719,0.356703783,0.357253061,0.358161008,0.358084388,0.360026889,0.359609507,0.361793527,0.347753765,0.356039299,0.333666231,0.34942207,0.355163844,0.36310293,0.367297544,0.392719969,0.397723971,0.398420386,0.40421465,0.412980308,0.408861283,0.412482516,0.417164999,0.4234165,0.422864997,0.422987278,0.426455448,102,102,104,104,104,103,99,100,113,110,122,109,110,106,104,93,94,92,90,88,91,89,88,87,91,94,93,0.109243609,0.110053801,0.11004751,0.111117225,0.111790841,0.118521821,0.117411262,0.124104913,0.131505295,0.139012034,0.150726657,0.157110236,0.171601578,0.179750977,0.189596265,0.200212055,0.213844325,0.223400502,0.231176033,0.229654744,0.237450119,0.241139987,0.253646135,0.264101657,0.273749855,0.284731295,0.297281856,181,179,179,177,181,180,180,179,177,176,170,168,161,158,152,151,148,144,142,145,143,143,138,131,130,126,120,,,,,,,,,,,,,,,,,,,,,,,,,,,,,,,,,,,,,,,,,,,,,,,,,,,,,,,,,,,,,,,,,,,,,,,,,,,,,,,,,,,,,,,,,,,,,,,,,,,,,,,,,,,,,,,,,,,,,,,,,,,,,,,,,,,,,,,,,,,,,,,,,,,,,,,,,,,,,,,,,,,,,,,,,,,,,,,,,,,,,,,,,,,,,,,,,,,,,,,,,,,,,,,,,,,,,,,,,,,,,,,,,,,,,,,,,,,,,,,,,,,,,,,,,,,,,,,,,,,,,,,,,,,,,,,,,,,,,,,,,,,,,,,,,,,,,,,,,,,,,,,,,,,,,,,,,,,,,,,,,,,,,,,,,,,,,,,,,,,,,,,,,,,,,,,,,,,,,,,,,,,,,,,,,,,,,,,,,,
TT,Trinidad and Tobago,0.486780582,0.486780582,0.486780582,0.486780582,0.486780582,0.486780582,0.486780582,0.486780582,0.486780582,0.486780582,0.547931806,0.317124804,0.325351717,0.321335429,0.305982844,0.332542168,0.33131137,0.33299562,0.355538655,0.379895499,0.388478695,0.355797771,0.349676171,0.331440928,0.319615584,0.310593781,0.310593781,33,33,33,33,33,33,33,33,33,33,27,132,129,135,145,128,126,125,118,113,108,127,131,137,143,146,146,0.621816356,0.621816356,0.622088873,0.622361391,0.603067903,0.583774415,0.570480561,0.557186708,0.539940714,0.531100061,0.527210942,0.506816006,0.516368252,0.514427815,0.511080139,0.505001756,0.517483564,0.500128449,0.492067332,0.48812822,0.492007098,0.488451992,0.48848884,0.478658858,0.476837191,0.483863315,0.481948745,54,54,53,52,61,69,72,76,79,80,81,81,79,79,79,82,76,83,86,87,83,86,87,92,92,90,88,0.40679725,0.400997268,0.404786094,0.404423339,0.39792889,0.392295827,0.38988521,0.387871809,0.384149085,0.38703694,0.407620483,0.3246934,0.331715171,0.331725117,0.32950592,0.33849237,0.34442505,0.340734213,0.346912357,0.355790507,0.361022127,0.34892101,0.349802645,0.342619011,0.338198921,0.338398939,0.337774371,59,62,61,63,70,74,75,82,84,79,71,122,121,124,124,123,121,123,120,116,112,120,121,126,131,132,134,0.111794812,0.094394865,0.105488826,0.104128043,0.103938186,0.106332485,0.112394485,0.119648137,0.125725959,0.143230175,0.1477187,0.150139389,0.153425545,0.159412109,0.171454778,0.177933187,0.184480215,0.189078571,0.193131083,0.199347801,0.202580588,0.202513267,0.211242926,0.217757247,0.218143987,0.22073972,0.220780588,177,188,184,184,185,185,183,180,181,174,173,173,174,172,167,164,163,161,160,157,157,159,159,158,158,160,163,,,,,,,,,,,,,,,,,,,,,,,,,,,,,,,,,,,,,,,,,,,,,,,,,,,,,,,,,,,,,,,,,,,,,,,,,,,,,,,,,,,,,,,,,,,,,,,,,,,,,,,,,,,,,,,,,,,,,,,,,,,,,,,,,,,,,,,,,,,,,,,,,,,,,,,,,,,,,,,,,,,,,,,,,,,,,,,,,,,,,,,,,,,,,,,,,,,,,,,,,,,,,,,,,,,,,,,,,,,,,,,,,,,,,,,,,,,,,,,,,,,,,,,,,,,,,,,,,,,,,,,,,,,,,,,,,,,,,,,,,,,,,,,,,,,,,,,,,,,,,,,,,,,,,,,,,,,,,,,,,,,,,,,,,,,,,,,,,,,,,,,,,,,,,,,,,,,,,,,,,,,,,,,,,,,,,,,,,,
TN,Tunisia,0.438585127,0.438585127,0.438585127,0.438585127,0.438585127,0.438585127,0.438585127,0.438585127,0.438585127,0.438585127,0.447200712,0.481112434,0.483865535,0.491671385,0.497048028,0.500578475,0.531056919,0.519882569,0.533032673,0.565648818,0.55330845,0.526360453,0.521599208,0.509841849,0.526021545,0.533980064,0.533980064,73,73,73,73,73,73,73,73,73,73,77,61,62,59,59,59,54,58,54,45,47,53,56,58,54,54,54,0.47490521,0.47490521,0.47724549,0.479585771,0.481234206,0.482882641,0.497686781,0.512490921,0.513187168,0.509098753,0.494788848,0.525447403,0.509961578,0.505209354,0.505771324,0.490175854,0.463004317,0.449156403,0.438068,0.444285925,0.438367876,0.425165312,0.438824101,0.439456912,0.445695321,0.466740022,0.444509613,97,97,99,100,98,99,92,89,85,82,83,78,80,81,81,87,95,101,106,104,111,119,114,111,107,99,110,0.364131542,0.365638655,0.367089603,0.369005278,0.372401278,0.374193324,0.380806527,0.388581839,0.392839517,0.395966294,0.398140111,0.42244934,0.419664541,0.424162503,0.430076843,0.427804771,0.430180925,0.422861001,0.422029716,0.436701263,0.431823683,0.419740347,0.421960721,0.420788886,0.42944697,0.441311292,0.435709159,93,91,89,90,85,86,84,81,75,73,77,70,74,72,71,74,72,80,84,75,79,86,84,88,86,81,86,0.178904289,0.18342563,0.185438192,0.188844938,0.197384501,0.201112204,0.206147674,0.21466947,0.226746257,0.240215001,0.252430772,0.260788183,0.26516651,0.275606771,0.287411175,0.292659982,0.296481539,0.299544031,0.294988476,0.300169046,0.303794723,0.307695278,0.305458854,0.313067899,0.316624044,0.323213792,0.3286378,126,124,120,117,111,113,113,106,102,92,88,88,89,89,87,89,88,91,94,97,96,95,98,97,95,95,94,,,,,,,,,,,,,,,,,,,,,,,,,,,,,,,,,,,,,,,,,,,,,,,,,,,,,,,,,,,,,,,,,,,,,,,,,,,,,,,,,,,,,,,,,,,,,,,,,,,,,,,,,,,,,,,,,,,,,,,,,,,,,,,,,,,,,,,,,,,,,,,,,,,,,,,,,,,,,,,,,,,,,,,,,,,,,,,,,,,,,,,,,,,,,,,,,,,,,,,,,,,,,,,,,,,,,,,,,,,,,,,,,,,,,,,,,,,,,,,,,,,,,,,,,,,,,,,,,,,,,,,,,,,,,,,,,,,,,,,,,,,,,,,,,,,,,,,,,,,,,,,,,,,,,,,,,,,,,,,,,,,,,,,,,,,,,,,,,,,,,,,,,,,,,,,,,,,,,,,,,,,,,,,,,,,,,,,,,,
TR,Turkey,0.375717264,0.375717264,0.375717264,0.375717264,0.375717264,0.375717264,0.375717264,0.375717264,0.375717264,0.375717264,0.402470924,0.39207392,0.396705607,0.415977312,0.412122971,0.406519601,0.397482953,0.399588266,0.431232728,0.476059685,0.484513323,0.4322368,0.432625473,0.435767247,0.469667498,0.487227793,0.487227793,136,136,136,136,136,136,136,136,136,136,99,92,93,86,88,87,89,92,86,73,67,95,91,92,73,67,67,0.437840966,0.437840966,0.439919162,0.441997358,0.451806355,0.461615353,0.447592863,0.433570372,0.46302597,0.460964101,0.493369902,0.492049515,0.487955746,0.487833076,0.479585239,0.482227855,0.483310739,0.479496309,0.47640871,0.465459415,0.433981905,0.399765603,0.402807317,0.409746246,0.409335912,0.41324951,0.408251329,111,111,112,117,110,106,109,111,103,96,84,85,84,86,87,90,87,91,91,99,113,130,129,125,126,127,123,0.337612593,0.338993042,0.341149817,0.341945561,0.347118717,0.352359305,0.349307558,0.347321193,0.358551601,0.360287796,0.383347044,0.385250716,0.394708661,0.405517659,0.407795925,0.416289312,0.419812583,0.42685815,0.441734761,0.45926958,0.459228439,0.43998961,0.455176673,0.457332095,0.473461042,0.483549243,0.483143204,122,120,117,116,116,107,111,113,102,101,87,86,85,83,82,82,79,77,74,65,68,76,69,70,64,62,62,0.19927955,0.203420897,0.207813026,0.208122063,0.213832532,0.219745297,0.224612549,0.232675942,0.236911569,0.244182024,0.254200306,0.271628712,0.299464629,0.312742587,0.331679564,0.360120478,0.378644056,0.401489875,0.417562845,0.436289641,0.459190089,0.487966426,0.530097228,0.526482791,0.541379716,0.550170426,0.553950492,99,96,96,98,97,96,94,88,90,88,86,80,73,69,64,60,59,55,55,52,47,41,37,38,34,35,34,,,,,,,,,,,,,,,,,,,,,,,,,,,,,,,,,,,,,,,,,,,,,,,,,,,,,,,,,,,,,,,,,,,,,,,,,,,,,,,,,,,,,,,,,,,,,,,,,,,,,,,,,,,,,,,,,,,,,,,,,,,,,,,,,,,,,,,,,,,,,,,,,,,,,,,,,,,,,,,,,,,,,,,,,,,,,,,,,,,,,,,,,,,,,,,,,,,,,,,,,,,,,,,,,,,,,,,,,,,,,,,,,,,,,,,,,,,,,,,,,,,,,,,,,,,,,,,,,,,,,,,,,,,,,,,,,,,,,,,,,,,,,,,,,,,,,,,,,,,,,,,,,,,,,,,,,,,,,,,,,,,,,,,,,,,,,,,,,,,,,,,,,,,,,,,,,,,,,,,,,,,,,,,,,,,,,,,,,,
TM,Turkmenistan,NA,NA,NA,NA,NA,NA,NA,NA,NA,NA,NA,NA,NA,NA,NA,NA,NA,NA,NA,NA,NA,NA,NA,NA,NA,NA,NA,NA,NA,NA,NA,NA,NA,NA,NA,NA,NA,NA,NA,NA,NA,NA,NA,NA,NA,NA,NA,NA,NA,NA,NA,NA,NA,NA,0.321553308,0.321553308,0.30747336,0.293393412,0.289580232,0.285767052,0.288934089,0.292101127,0.294945756,0.253029861,0.260080995,0.227236278,0.256860084,0.276187215,0.271892763,0.259556314,0.257155157,0.272498627,0.266526888,0.267778384,0.257508099,0.238086273,0.249193948,0.253833793,0.246801156,0.243505486,0.236053611,163,163,163,167,168,171,170,165,168,176,175,183,180,175,173,174,175,171,172,176,179,179,179,179,179,180,180,0.257791635,0.257842022,0.248842368,0.240223055,0.238627722,0.236759608,0.238421678,0.239978151,0.241432366,0.22072092,0.224495293,0.20855523,0.223941306,0.235823342,0.23644148,0.23331729,0.232799892,0.241214707,0.239031851,0.240506952,0.237325548,0.22961292,0.237248451,0.240759755,0.2383172,0.237843525,0.234140079,183,183,184,187,188,187,186,186,185,189,185,185,182,180,179,180,180,179,179,181,181,186,183,182,183,182,183,0.194029963,0.194130735,0.190211375,0.187052697,0.187675211,0.187752165,0.187909266,0.187855176,0.187918976,0.18841198,0.188909592,0.189874182,0.191022527,0.195459469,0.200990197,0.207078265,0.208444628,0.209930787,0.211536814,0.213235519,0.217142996,0.221139567,0.225302954,0.227685717,0.229833244,0.232181564,0.232226546,110,109,117,119,124,123,127,132,136,139,141,142,148,150,150,149,149,150,151,152,151,151,151,152,154,155,157,,,,,,,,,,,,,,,,,,,,,,,,,,,,,,,,,,,,,,,,,,,,,,,,,,,,,,,,,,,,,,,,,,,,,,,,,,,,,,,,,,,,,,,,,,,,,,,,,,,,,,,,,,,,,,,,,,,,,,,,,,,,,,,,,,,,,,,,,,,,,,,,,,,,,,,,,,,,,,,,,,,,,,,,,,,,,,,,,,,,,,,,,,,,,,,,,,,,,,,,,,,,,,,,,,,,,,,,,,,,,,,,,,,,,,,,,,,,,,,,,,,,,,,,,,,,,,,,,,,,,,,,,,,,,,,,,,,,,,,,,,,,,,,,,,,,,,,,,,,,,,,,,,,,,,,,,,,,,,,,,,,,,,,,,,,,,,,,,,,,,,,,,,,,,,,,,,,,,,,,,,,,,,,,,,,,,,,,,,
TV,Tuvalu,NA,NA,NA,NA,NA,NA,NA,NA,NA,NA,NA,NA,NA,NA,NA,NA,NA,NA,NA,NA,NA,NA,NA,NA,NA,NA,NA,NA,NA,NA,NA,NA,NA,NA,NA,NA,NA,NA,NA,NA,NA,NA,NA,NA,NA,NA,NA,NA,NA,NA,NA,NA,NA,NA,0.633689317,0.633689317,0.635343443,0.636997569,0.636094092,0.635190615,0.635049027,0.634907439,0.634874946,0.635732538,0.596423972,0.571215477,0.554167657,0.541108016,0.549709477,0.540104448,0.533345433,0.504313743,0.499117359,0.541171942,0.551611116,0.56624064,0.554099439,0.571428601,0.580713328,0.595172954,0.61292705,49,49,48,49,49,49,48,49,49,47,64,70,71,72,68,70,70,81,82,69,68,67,69,67,67,61,59,0.633689317,0.633689317,0.635343443,0.636997569,0.636094092,0.635190615,0.635049027,0.634907439,0.634874946,0.635732538,0.596423972,0.571215477,0.554167657,0.541108016,0.549709477,0.540104448,0.533345433,0.504313743,0.499117359,0.541171942,0.551611116,0.56624064,0.554099439,0.571428601,0.580713328,0.595172954,0.61292705,6,6,6,5,7,9,9,12,10,11,21,28,32,35,32,33,38,46,48,37,35,31,35,31,30,27,24,NA,NA,NA,NA,NA,NA,NA,NA,NA,NA,NA,NA,NA,NA,NA,NA,NA,NA,NA,NA,NA,NA,NA,NA,NA,NA,NA,NA,NA,NA,NA,NA,NA,NA,NA,NA,NA,NA,NA,NA,NA,NA,NA,NA,NA,NA,NA,NA,NA,NA,NA,NA,NA,NA,,,,,,,,,,,,,,,,,,,,,,,,,,,,,,,,,,,,,,,,,,,,,,,,,,,,,,,,,,,,,,,,,,,,,,,,,,,,,,,,,,,,,,,,,,,,,,,,,,,,,,,,,,,,,,,,,,,,,,,,,,,,,,,,,,,,,,,,,,,,,,,,,,,,,,,,,,,,,,,,,,,,,,,,,,,,,,,,,,,,,,,,,,,,,,,,,,,,,,,,,,,,,,,,,,,,,,,,,,,,,,,,,,,,,,,,,,,,,,,,,,,,,,,,,,,,,,,,,,,,,,,,,,,,,,,,,,,,,,,,,,,,,,,,,,,,,,,,,,,,,,,,,,,,,,,,,,,,,,,,,,,,,,,,,,,,,,,,,,,,,,,,,,,,,,,,,,,,,,,,,,,,,,,,,,,,,,,,,,
UG,Uganda,0.365806101,0.365806101,0.365806101,0.365806101,0.365806101,0.365806101,0.365806101,0.365806101,0.365806101,0.365806101,0.340639523,0.273658204,0.277544934,0.279391131,0.273982098,0.243438875,0.254451278,0.22533319,0.218531412,0.240653385,0.244896399,0.311553824,0.320914366,0.313011348,0.304858493,0.296996636,0.296996636,145,145,145,145,145,145,145,145,145,145,149,157,156,154,156,158,154,166,168,167,165,147,144,147,150,154,154,0.364964765,0.364964765,0.368542424,0.372120083,0.3551609,0.338201716,0.339377823,0.34055393,0.345544159,0.359679611,0.353380544,0.379379256,0.385308434,0.386597338,0.377452568,0.376592772,0.37994924,0.376733528,0.374695097,0.366523335,0.37177775,0.384310623,0.38998504,0.384080958,0.370873455,0.368316448,0.366889795,149,149,144,141,148,152,152,154,149,142,142,137,138,136,137,137,136,134,137,143,138,135,133,136,142,139,142,0.305522852,0.305632077,0.303946946,0.302280298,0.29376353,0.288097465,0.288267571,0.288688879,0.291467884,0.297220624,0.287661523,0.274001049,0.27775759,0.279780721,0.274947857,0.265344348,0.271523345,0.260157965,0.257780251,0.263241264,0.266567868,0.293448111,0.298590763,0.293654455,0.286608021,0.283222555,0.2836356,146,145,147,150,156,166,165,166,161,154,156,157,155,157,165,165,164,168,171,169,168,158,158,158,160,165,163,0.185797689,0.186125363,0.177492312,0.168914711,0.16032359,0.160284576,0.15961879,0.159706607,0.163053392,0.166176161,0.168964503,0.168965688,0.170419401,0.173353695,0.173408905,0.176001396,0.180169517,0.178407178,0.180114243,0.182547071,0.183029455,0.184479885,0.184872884,0.183871058,0.184092115,0.184354582,0.187020369,117,118,132,134,144,143,147,150,152,157,161,162,162,162,164,168,168,169,171,171,173,175,176,178,178,182,182,,,,,,,,,,,,,,,,,,,,,,,,,,,,,,,,,,,,,,,,,,,,,,,,,,,,,,,,,,,,,,,,,,,,,,,,,,,,,,,,,,,,,,,,,,,,,,,,,,,,,,,,,,,,,,,,,,,,,,,,,,,,,,,,,,,,,,,,,,,,,,,,,,,,,,,,,,,,,,,,,,,,,,,,,,,,,,,,,,,,,,,,,,,,,,,,,,,,,,,,,,,,,,,,,,,,,,,,,,,,,,,,,,,,,,,,,,,,,,,,,,,,,,,,,,,,,,,,,,,,,,,,,,,,,,,,,,,,,,,,,,,,,,,,,,,,,,,,,,,,,,,,,,,,,,,,,,,,,,,,,,,,,,,,,,,,,,,,,,,,,,,,,,,,,,,,,,,,,,,,,,,,,,,,,,,,,,,,,,
UA,Ukraine,0.336169783,0.336169783,0.336169783,0.336169783,0.336169783,0.336169783,0.336169783,0.336169783,0.336169783,0.336169783,0.297982657,0.135808835,0.146626901,0.143290791,0.13885344,0.09256896,0.102771627,0.10432632,0.167129404,0.285771846,0.320881977,0.401725967,0.39881092,0.426406705,0.419274285,0.421433073,0.421433073,166,166,166,166,166,166,166,166,166,166,171,188,188,187,190,189,188,189,182,151,137,109,112,98,99,97,97,0.370621334,0.370621334,0.355997741,0.341374149,0.34414893,0.346923712,0.350685158,0.354446604,0.363048835,0.370302664,0.382513626,0.39172613,0.405513301,0.394334103,0.361235213,0.379452342,0.366956524,0.366351759,0.330642803,0.286585119,0.28760798,0.314399888,0.325582084,0.321320662,0.350438941,0.36019058,0.364660743,147,147,152,154,152,150,148,147,139,136,135,132,128,132,144,136,143,140,159,171,170,166,161,163,151,142,144,0.351416397,0.348720123,0.356637724,0.361448936,0.368116436,0.372358582,0.389094858,0.348397108,0.356794365,0.38216586,0.3745845,0.326082969,0.337496659,0.335487716,0.322426684,0.318214689,0.3206906,0.321071334,0.333822595,0.357827491,0.369293688,0.405736508,0.410021256,0.416985193,0.426557614,0.425746179,0.427721914,111,113,105,102,90,90,76,111,105,82,93,121,116,121,130,130,130,131,127,115,106,94,92,89,88,89,91,0.347458074,0.339369253,0.377745647,0.406802877,0.424030595,0.433982252,0.480429633,0.354574937,0.371164479,0.440025135,0.443257216,0.45071394,0.460349775,0.468838255,0.467191399,0.482622763,0.49234365,0.492535923,0.503695577,0.501125508,0.499391108,0.501083669,0.505670764,0.503228211,0.509959616,0.495614882,0.497071925,36,38,33,32,31,33,30,47,45,34,36,35,35,38,39,38,37,41,41,40,40,40,41,41,39,43,43,,,,,,,,,,,,,,,,,,,,,,,,,,,,,,,,,,,,,,,,,,,,,,,,,,,,,,,,,,,,,,,,,,,,,,,,,,,,,,,,,,,,,,,,,,,,,,,,,,,,,,,,,,,,,,,,,,,,,,,,,,,,,,,,,,,,,,,,,,,,,,,,,,,,,,,,,,,,,,,,,,,,,,,,,,,,,,,,,,,,,,,,,,,,,,,,,,,,,,,,,,,,,,,,,,,,,,,,,,,,,,,,,,,,,,,,,,,,,,,,,,,,,,,,,,,,,,,,,,,,,,,,,,,,,,,,,,,,,,,,,,,,,,,,,,,,,,,,,,,,,,,,,,,,,,,,,,,,,,,,,,,,,,,,,,,,,,,,,,,,,,,,,,,,,,,,,,,,,,,,,,,,,,,,,,,,,,,,,,
AE,United Arab Emirates,0.395733925,0.395733925,0.395733925,0.395733925,0.395733925,0.395733925,0.395733925,0.395733925,0.395733925,0.395733925,0.427086883,0.540514629,0.547964195,0.552984555,0.545275874,0.636808373,0.635642353,0.639820589,0.696340125,0.762544098,0.761766752,0.711336426,0.707384917,0.704502259,0.712128449,0.71083962,0.71083962,113,113,113,113,113,113,113,113,113,113,84,52,49,47,48,36,36,34,26,16,14,15,15,15,14,13,13,0.611507075,0.611507075,0.608559023,0.605610972,0.61100288,0.616394788,0.655349841,0.694304894,0.650835214,0.655523166,0.648186796,0.639045594,0.645618086,0.642300433,0.635364234,0.619233569,0.649477546,0.665215322,0.682386731,0.685065236,0.68236548,0.682870153,0.682696787,0.683737125,0.684458646,0.691173705,0.688812863,57,57,59,61,59,55,43,34,42,42,44,47,47,49,51,55,48,45,36,34,37,34,33,33,32,31,33,0.40148104,0.401993126,0.402541679,0.403402707,0.408706746,0.414988862,0.430159921,0.444347384,0.430287148,0.43230236,0.443657043,0.482294512,0.489714747,0.49141251,0.486659575,0.512853901,0.526734453,0.535315117,0.561145062,0.585432348,0.585534911,0.570455989,0.577866239,0.579087845,0.581919786,0.584706803,0.585129596,62,61,63,65,63,58,56,53,57,56,57,51,51,47,48,43,41,35,33,28,29,30,30,29,28,29,30,0.197202121,0.198738378,0.203332089,0.208863224,0.219383433,0.232837872,0.239395998,0.243003335,0.244292304,0.245649989,0.25569745,0.267323312,0.27556196,0.278952542,0.279338616,0.282519763,0.295083458,0.300909439,0.304708329,0.30868771,0.312472502,0.317161386,0.343517014,0.349024151,0.349172263,0.352107084,0.355736306,104,105,99,96,89,81,77,78,82,86,83,85,84,85,91,91,89,89,88,92,91,88,79,82,81,81,83,,,,,,,,,,,,,,,,,,,,,,,,,,,,,,,,,,,,,,,,,,,,,,,,,,,,,,,,,,,,,,,,,,,,,,,,,,,,,,,,,,,,,,,,,,,,,,,,,,,,,,,,,,,,,,,,,,,,,,,,,,,,,,,,,,,,,,,,,,,,,,,,,,,,,,,,,,,,,,,,,,,,,,,,,,,,,,,,,,,,,,,,,,,,,,,,,,,,,,,,,,,,,,,,,,,,,,,,,,,,,,,,,,,,,,,,,,,,,,,,,,,,,,,,,,,,,,,,,,,,,,,,,,,,,,,,,,,,,,,,,,,,,,,,,,,,,,,,,,,,,,,,,,,,,,,,,,,,,,,,,,,,,,,,,,,,,,,,,,,,,,,,,,,,,,,,,,,,,,,,,,,,,,,,,,,,,,,,,,
GB,United Kingdom,0.488335275,0.488335275,0.488335275,0.488335275,0.488335275,0.488335275,0.488335275,0.488335275,0.488335275,0.488335275,0.483930314,0.585989374,0.592402479,0.593892392,0.586410436,0.637780055,0.6391728,0.638363065,0.649634583,0.714899262,0.725587771,0.68992702,0.686493742,0.679821521,0.68860732,0.67571903,0.67571903,31,31,31,31,31,31,31,31,31,31,61,46,42,40,38,35,35,35,32,19,17,16,16,17,16,18,18,0.838290767,0.838290767,0.84069029,0.843089813,0.840069448,0.837049083,0.824498345,0.811947608,0.791329593,0.782532997,0.772666956,0.811525171,0.803502821,0.791051714,0.764140165,0.785051444,0.773281657,0.781264148,0.792086375,0.802631298,0.811444086,0.795362563,0.792373511,0.779583563,0.786827973,0.767133521,0.76417299,14,14,11,11,12,14,16,18,19,19,20,20,20,20,21,21,21,21,21,21,19,19,20,21,20,23,23,0.612594423,0.614381153,0.617939857,0.622268074,0.627390566,0.628736663,0.627014309,0.630656658,0.626798926,0.62481482,0.621071815,0.667797812,0.66788235,0.665053905,0.65563217,0.681343358,0.678697066,0.682104558,0.68927011,0.714853136,0.72173342,0.705772457,0.699661182,0.69108613,0.69437361,0.685514733,0.685026534,10,10,11,8,10,14,14,13,13,14,17,17,18,19,19,16,18,18,17,13,11,12,11,15,12,16,15,0.511157228,0.516517417,0.524794006,0.535379134,0.553766976,0.560825633,0.568209307,0.591687093,0.600731911,0.603576189,0.606618176,0.605878891,0.607741752,0.61021761,0.616345907,0.621198574,0.623636741,0.626686463,0.626089373,0.627028849,0.628168403,0.632027788,0.620116293,0.613853306,0.607685537,0.613691647,0.615187581,21,21,21,20,20,22,22,20,19,20,21,22,23,24,21,24,25,24,24,23,21,21,24,23,26,25,25,,,,,,,,,,,,,,,,,,,,,,,,,,,,,,,,,,,,,,,,,,,,,,,,,,,,,,,,,,,,,,,,,,,,,,,,,,,,,,,,,,,,,,,,,,,,,,,,,,,,,,,,,,,,,,,,,,,,,,,,,,,,,,,,,,,,,,,,,,,,,,,,,,,,,,,,,,,,,,,,,,,,,,,,,,,,,,,,,,,,,,,,,,,,,,,,,,,,,,,,,,,,,,,,,,,,,,,,,,,,,,,,,,,,,,,,,,,,,,,,,,,,,,,,,,,,,,,,,,,,,,,,,,,,,,,,,,,,,,,,,,,,,,,,,,,,,,,,,,,,,,,,,,,,,,,,,,,,,,,,,,,,,,,,,,,,,,,,,,,,,,,,,,,,,,,,,,,,,,,,,,,,,,,,,,,,,,,,,,
US,United States,0.513793358,0.513793358,0.513793358,0.513793358,0.513793358,0.513793358,0.513793358,0.513793358,0.513793358,0.513793358,0.574944582,0.782107307,0.78975121,0.795257412,0.797135998,0.86619024,0.865995903,0.870789537,0.880635921,0.679368069,0.673602753,0.630071373,0.625536855,0.618119678,0.609602104,0.613565253,0.613565253,11,11,11,11,11,11,11,11,11,11,9,8,8,8,8,8,8,8,8,26,26,24,28,29,31,33,33,0.785276797,0.785276797,0.785521674,0.785766551,0.793768513,0.801770476,0.787638491,0.773506507,0.757641265,0.743149544,0.742538949,0.760082365,0.750542504,0.7657605,0.742770969,0.745371526,0.750355633,0.75369686,0.743415962,0.748201668,0.751557837,0.751121846,0.754882952,0.750582362,0.715595485,0.693500975,0.704038915,21,21,21,21,21,20,21,22,23,24,24,21,23,22,24,25,24,24,24,25,23,23,24,25,27,30,30,0.617780006,0.619611399,0.619429227,0.620362024,0.626219156,0.632833919,0.630781658,0.629407836,0.626145536,0.623488681,0.645412873,0.720667411,0.721655283,0.729748035,0.722685065,0.747739709,0.749552669,0.754018671,0.753810577,0.68849906,0.688386425,0.676118028,0.675822272,0.672202823,0.65780242,0.65230743,0.656347297,9,9,9,10,12,12,12,14,14,15,10,7,9,7,8,7,8,6,7,18,18,18,18,18,19,18,18,0.554269864,0.559764041,0.558972649,0.561526163,0.571095597,0.582937923,0.590913124,0.600923644,0.607001986,0.61352314,0.61875509,0.61981256,0.624672134,0.628226193,0.628148229,0.63165736,0.632306471,0.637569616,0.637379847,0.637927442,0.639998684,0.647160865,0.647047009,0.647906431,0.648209669,0.649856061,0.651437722,12,12,16,16,17,17,17,17,17,18,18,19,21,22,20,23,24,21,21,21,20,19,20,20,19,19,19,,,,,,,,,,,,,,,,,,,,,,,,,,,,,,,,,,,,,,,,,,,,,,,,,,,,,,,,,,,,,,,,,,,,,,,,,,,,,,,,,,,,,,,,,,,,,,,,,,,,,,,,,,,,,,,,,,,,,,,,,,,,,,,,,,,,,,,,,,,,,,,,,,,,,,,,,,,,,,,,,,,,,,,,,,,,,,,,,,,,,,,,,,,,,,,,,,,,,,,,,,,,,,,,,,,,,,,,,,,,,,,,,,,,,,,,,,,,,,,,,,,,,,,,,,,,,,,,,,,,,,,,,,,,,,,,,,,,,,,,,,,,,,,,,,,,,,,,,,,,,,,,,,,,,,,,,,,,,,,,,,,,,,,,,,,,,,,,,,,,,,,,,,,,,,,,,,,,,,,,,,,,,,,,,,,,,,,,,,
UY,Uruguay,0.371830533,0.371830533,0.371830533,0.371830533,0.371830533,0.371830533,0.371830533,0.371830533,0.371830533,0.371830533,0.3385666,0.293966369,0.313076127,0.298824782,0.329659509,0.345335988,0.337400581,0.393045603,0.415847754,0.447913279,0.449144077,0.432398747,0.435346185,0.444674337,0.44128104,0.433064755,0.433064755,141,141,141,141,141,141,141,141,141,141,150,148,136,145,130,118,124,97,92,88,88,94,90,83,86,87,87,0.662863222,0.662863222,0.667508045,0.672152869,0.666808028,0.661463186,0.657364304,0.653265421,0.643760291,0.616256321,0.641035355,0.652739572,0.66008521,0.665689642,0.670151359,0.680576777,0.683593775,0.671756393,0.680885949,0.697907915,0.689345553,0.68733902,0.682436304,0.678461273,0.679096996,0.695565842,0.7117669,42,42,40,39,40,41,40,42,45,55,48,45,43,44,42,38,37,39,37,31,33,32,34,35,35,29,27,0.415226307,0.413947709,0.418417999,0.420002402,0.418354034,0.419894276,0.420417022,0.417582986,0.420793763,0.409559587,0.409206472,0.404917992,0.417618683,0.417754562,0.430473814,0.441315996,0.44347079,0.462985489,0.478421317,0.498007797,0.495009736,0.490724769,0.491389266,0.495917257,0.496745783,0.502248645,0.50896669,57,57,57,57,57,56,59,61,63,63,70,77,75,75,70,68,67,62,57,52,53,54,54,55,58,57,53,0.210985164,0.207149372,0.215915418,0.216023805,0.21642354,0.226389107,0.23205623,0.227653003,0.246790465,0.240591907,0.248017462,0.268048036,0.279694713,0.288749261,0.291610573,0.298035224,0.309418014,0.324154471,0.338530249,0.348202196,0.346539578,0.352436539,0.35638531,0.364616161,0.369859314,0.378115337,0.382068414,91,92,92,90,95,85,85,94,80,91,90,83,83,83,85,83,80,73,72,71,73,74,76,75,74,74,75,,,,,,,,,,,,,,,,,,,,,,,,,,,,,,,,,,,,,,,,,,,,,,,,,,,,,,,,,,,,,,,,,,,,,,,,,,,,,,,,,,,,,,,,,,,,,,,,,,,,,,,,,,,,,,,,,,,,,,,,,,,,,,,,,,,,,,,,,,,,,,,,,,,,,,,,,,,,,,,,,,,,,,,,,,,,,,,,,,,,,,,,,,,,,,,,,,,,,,,,,,,,,,,,,,,,,,,,,,,,,,,,,,,,,,,,,,,,,,,,,,,,,,,,,,,,,,,,,,,,,,,,,,,,,,,,,,,,,,,,,,,,,,,,,,,,,,,,,,,,,,,,,,,,,,,,,,,,,,,,,,,,,,,,,,,,,,,,,,,,,,,,,,,,,,,,,,,,,,,,,,,,,,,,,,,,,,,,,,
UZ,Uzbekistan,0.42945131,0.42945131,0.42945131,0.42945131,0.42945131,0.42945131,0.42945131,0.42945131,0.42945131,0.42945131,0.390648786,0.254451278,0.258014114,0.267504214,0.26718032,0.220701503,0.220960618,0.234402227,0.270451651,0.324315255,0.343392623,0.435281406,0.439459641,0.520854251,0.526794842,0.52669818,0.52669818,81,81,81,81,81,81,81,81,81,81,105,164,162,160,160,166,168,163,154,137,129,92,86,54,53,56,56,0.265045012,0.265045012,0.255377522,0.245710033,0.22986361,0.214017188,0.234873848,0.255730508,0.261965489,0.234173525,0.199690114,0.214958655,0.249434128,0.26397712,0.25004481,0.250331907,0.248137632,0.262460346,0.265835046,0.280391686,0.275057997,0.286857898,0.306371874,0.320421272,0.327855229,0.322008974,0.373108583,176,176,178,178,183,185,183,181,178,180,186,185,181,179,181,178,179,174,173,172,174,172,168,164,159,161,139,0.297040129,0.294579098,0.289428581,0.284454322,0.28634193,0.287369564,0.301693477,0.314020765,0.315233183,0.29619085,0.269521372,0.231424461,0.245304349,0.254992755,0.251601127,0.238612002,0.236951403,0.246519084,0.260934036,0.286822948,0.293346254,0.330806566,0.340031992,0.375737437,0.383506053,0.384932973,0.408217635,154,156,163,168,167,167,154,144,139,156,171,182,177,173,176,178,179,176,169,153,147,129,125,109,104,104,97,0.196624064,0.189240973,0.18345691,0.178201622,0.19971087,0.218640195,0.240755273,0.256880476,0.254282748,0.224947714,0.218225216,0.22486345,0.228464804,0.233496931,0.237578251,0.244802596,0.241755959,0.242694678,0.24651541,0.255761902,0.261588142,0.270280395,0.274264462,0.285936786,0.295868087,0.306091764,0.324846141,105,115,126,130,108,98,76,69,73,108,115,115,117,119,120,122,130,129,131,130,128,127,122,117,113,113,99,,,,,,,,,,,,,,,,,,,,,,,,,,,,,,,,,,,,,,,,,,,,,,,,,,,,,,,,,,,,,,,,,,,,,,,,,,,,,,,,,,,,,,,,,,,,,,,,,,,,,,,,,,,,,,,,,,,,,,,,,,,,,,,,,,,,,,,,,,,,,,,,,,,,,,,,,,,,,,,,,,,,,,,,,,,,,,,,,,,,,,,,,,,,,,,,,,,,,,,,,,,,,,,,,,,,,,,,,,,,,,,,,,,,,,,,,,,,,,,,,,,,,,,,,,,,,,,,,,,,,,,,,,,,,,,,,,,,,,,,,,,,,,,,,,,,,,,,,,,,,,,,,,,,,,,,,,,,,,,,,,,,,,,,,,,,,,,,,,,,,,,,,,,,,,,,,,,,,,,,,,,,,,,,,,,,,,,,,,
VU,Vanuatu,0.387668959,0.387668959,0.387668959,0.387668959,0.387668959,0.387668959,0.387668959,0.387668959,0.387668959,0.387668959,0.366939731,0.404090395,0.401725967,0.400527559,0.407329337,0.382745768,0.380737624,0.366842563,0.371215134,0.389417988,0.379701162,0.388899757,0.400300833,0.393142771,0.384572565,0.371813158,0.371813158,127,127,127,127,127,127,127,127,127,127,129,88,92,92,90,97,102,106,111,107,110,115,111,112,116,121,121,0.578175634,0.578175634,0.58076232,0.583349006,0.599230628,0.615112249,0.613823581,0.612534912,0.598059463,0.54682508,0.616334489,0.599227833,0.577796408,0.564186611,0.560943438,0.548549718,0.548345407,0.553240789,0.560296425,0.552131413,0.505171336,0.524772707,0.544390913,0.531395648,0.519748063,0.528754716,0.551625638,70,70,70,69,65,56,54,58,68,75,57,60,64,66,67,68,67,65,66,66,78,73,73,76,79,76,75,0.357813709,0.357859925,0.358789207,0.35973915,0.365174842,0.37118083,0.370981682,0.372340422,0.367803185,0.351365889,0.367947862,0.375164789,0.368624302,0.364784303,0.373282482,0.362089474,0.360646394,0.35854825,0.361094182,0.370438314,0.35325887,0.363513989,0.376911634,0.374020838,0.372165339,0.370789708,0.383926497,100,101,102,103,96,92,92,90,94,113,100,92,100,103,98,106,108,111,113,108,115,111,108,110,109,111,105,0.107596534,0.10773518,0.107936341,0.108199486,0.108624939,0.11076128,0.111452507,0.116817395,0.117681133,0.119603628,0.120569366,0.122176139,0.12635053,0.12963874,0.151574673,0.154972935,0.152856151,0.155561399,0.151770988,0.169765541,0.174904113,0.176869504,0.186043154,0.197524095,0.212175389,0.211801249,0.228340696,183,180,181,181,182,182,184,181,184,187,187,187,187,187,183,182,183,183,184,181,180,177,175,170,164,165,159,,,,,,,,,,,,,,,,,,,,,,,,,,,,,,,,,,,,,,,,,,,,,,,,,,,,,,,,,,,,,,,,,,,,,,,,,,,,,,,,,,,,,,,,,,,,,,,,,,,,,,,,,,,,,,,,,,,,,,,,,,,,,,,,,,,,,,,,,,,,,,,,,,,,,,,,,,,,,,,,,,,,,,,,,,,,,,,,,,,,,,,,,,,,,,,,,,,,,,,,,,,,,,,,,,,,,,,,,,,,,,,,,,,,,,,,,,,,,,,,,,,,,,,,,,,,,,,,,,,,,,,,,,,,,,,,,,,,,,,,,,,,,,,,,,,,,,,,,,,,,,,,,,,,,,,,,,,,,,,,,,,,,,,,,,,,,,,,,,,,,,,,,,,,,,,,,,,,,,,,,,,,,,,,,,,,,,,,,,
VE,Venezuela,0.324995433,0.324995433,0.324995433,0.324995433,0.324995433,0.324995433,0.324995433,0.324995433,0.324995433,0.324995433,0.31735153,0.205219361,0.199324486,0.201041125,0.176101273,0.130464581,0.120197135,0.115306333,0.115597837,0.095419229,0.096876753,0.1438738,0.126545461,0.11990563,0.130222166,0.11124416,0.11124416,170,170,170,170,170,170,170,170,170,170,162,177,178,179,182,183,185,187,189,190,189,190,190,190,190,190,190,0.375318333,0.375318333,0.375252104,0.375185874,0.374737694,0.374289514,0.334427849,0.294566184,0.27019637,0.271613852,0.273140999,0.258907593,0.23838922,0.231651683,0.222758886,0.219316457,0.236424016,0.229896368,0.217279987,0.205433483,0.188641665,0.17090697,0.1609087,0.129898391,0.121483882,0.120205191,0.122733297,144,144,140,139,138,140,154,162,173,171,170,177,183,183,184,186,184,184,184,183,187,187,187,188,188,188,189,0.294863081,0.294204589,0.293876533,0.292634867,0.293210906,0.29353663,0.284421117,0.269749385,0.263530978,0.265955182,0.269017888,0.242657837,0.240360247,0.245457878,0.236059844,0.221143788,0.224083329,0.222470251,0.219894243,0.209535825,0.204662326,0.214621268,0.206033948,0.193464367,0.194120855,0.187233867,0.187419084,157,159,159,161,158,158,170,176,180,180,172,176,179,176,180,182,181,183,183,186,187,187,189,190,190,191,191,0.184275476,0.182300001,0.181382061,0.177723293,0.179899591,0.181324941,0.193840069,0.189686538,0.195401132,0.20125626,0.216561134,0.263846557,0.283367035,0.303680826,0.309319375,0.313650325,0.315628836,0.322208054,0.326804905,0.327754761,0.328468559,0.329083034,0.330647681,0.330589079,0.330656518,0.33025225,0.328279796,120,126,129,131,129,129,121,129,126,126,117,87,81,77,75,76,76,75,77,76,81,84,86,87,88,90,96,,,,,,,,,,,,,,,,,,,,,,,,,,,,,,,,,,,,,,,,,,,,,,,,,,,,,,,,,,,,,,,,,,,,,,,,,,,,,,,,,,,,,,,,,,,,,,,,,,,,,,,,,,,,,,,,,,,,,,,,,,,,,,,,,,,,,,,,,,,,,,,,,,,,,,,,,,,,,,,,,,,,,,,,,,,,,,,,,,,,,,,,,,,,,,,,,,,,,,,,,,,,,,,,,,,,,,,,,,,,,,,,,,,,,,,,,,,,,,,,,,,,,,,,,,,,,,,,,,,,,,,,,,,,,,,,,,,,,,,,,,,,,,,,,,,,,,,,,,,,,,,,,,,,,,,,,,,,,,,,,,,,,,,,,,,,,,,,,,,,,,,,,,,,,,,,,,,,,,,,,,,,,,,,,,,,,,,,,,
VN,Vietnam,0.392333036,0.392333036,0.392333036,0.392333036,0.392333036,0.392333036,0.392333036,0.392333036,0.392333036,0.392333036,0.408009515,0.434406891,0.429937152,0.425175907,0.417434836,0.373352836,0.380446119,0.369563274,0.390745954,0.404867741,0.408527745,0.439751146,0.447556996,0.454747447,0.480590323,0.490739852,0.490739852,118,118,118,118,118,118,118,118,118,118,94,76,80,82,85,104,103,104,100,103,102,91,80,76,65,65,65,0.443078609,0.443078609,0.440360099,0.43764159,0.437510036,0.437378483,0.425591374,0.413804265,0.416535268,0.407887603,0.435678909,0.420134012,0.424348109,0.414333765,0.425057502,0.412924959,0.418147372,0.422320913,0.42757163,0.428505107,0.439415075,0.466127597,0.460111967,0.458052599,0.453714414,0.459451001,0.453909276,107,107,111,118,117,115,117,119,118,120,104,118,118,127,118,123,122,117,112,117,109,95,100,99,101,104,105,0.345508546,0.346338426,0.34698012,0.347666704,0.347509208,0.346170022,0.341916303,0.337748331,0.338539683,0.338320879,0.356349979,0.362359235,0.368180576,0.366169498,0.366560921,0.347270679,0.354496513,0.354903863,0.364084702,0.373134017,0.3789485,0.399803303,0.402204532,0.407136355,0.414875818,0.424138947,0.425831103,115,115,115,113,115,116,118,120,120,121,103,101,101,102,105,117,115,113,110,106,103,98,98,95,93,91,94,0.201113994,0.203603633,0.208247226,0.213025486,0.212684552,0.208798546,0.207824498,0.207107693,0.206750745,0.214741997,0.225361513,0.232536803,0.250256468,0.258998823,0.257190426,0.25553424,0.264896049,0.272827402,0.273936521,0.286029202,0.288902681,0.293531167,0.298944634,0.308609019,0.310322716,0.322225988,0.332844181,96,95,95,93,98,103,109,116,119,113,110,111,100,99,107,112,108,106,107,103,104,104,106,100,104,96,92,,,,,,,,,,,,,,,,,,,,,,,,,,,,,,,,,,,,,,,,,,,,,,,,,,,,,,,,,,,,,,,,,,,,,,,,,,,,,,,,,,,,,,,,,,,,,,,,,,,,,,,,,,,,,,,,,,,,,,,,,,,,,,,,,,,,,,,,,,,,,,,,,,,,,,,,,,,,,,,,,,,,,,,,,,,,,,,,,,,,,,,,,,,,,,,,,,,,,,,,,,,,,,,,,,,,,,,,,,,,,,,,,,,,,,,,,,,,,,,,,,,,,,,,,,,,,,,,,,,,,,,,,,,,,,,,,,,,,,,,,,,,,,,,,,,,,,,,,,,,,,,,,,,,,,,,,,,,,,,,,,,,,,,,,,,,,,,,,,,,,,,,,,,,,,,,,,,,,,,,,,,,,,,,,,,,,,,,,,
EH,Western Sahara,NA,NA,NA,NA,NA,NA,NA,NA,NA,NA,NA,NA,NA,NA,NA,NA,NA,NA,NA,NA,NA,NA,NA,NA,NA,NA,NA,NA,NA,NA,NA,NA,NA,NA,NA,NA,NA,NA,NA,NA,NA,NA,NA,NA,NA,NA,NA,NA,NA,NA,NA,NA,NA,NA,NA,NA,NA,NA,NA,NA,NA,NA,NA,NA,NA,NA,NA,NA,NA,NA,NA,NA,NA,NA,NA,NA,NA,NA,NA,NA,NA,NA,NA,NA,NA,NA,NA,NA,NA,NA,NA,NA,NA,NA,NA,NA,NA,NA,NA,NA,NA,NA,NA,NA,NA,NA,NA,NA,NA,NA,NA,NA,NA,NA,NA,NA,NA,NA,NA,NA,NA,NA,NA,NA,NA,NA,NA,NA,NA,NA,NA,NA,NA,NA,NA,NA,NA,NA,NA,NA,NA,NA,NA,NA,NA,NA,NA,NA,NA,NA,NA,NA,NA,NA,NA,NA,NA,NA,NA,NA,NA,NA,NA,NA,NA,NA,NA,NA,NA,NA,NA,NA,NA,NA,NA,NA,NA,NA,NA,NA,NA,NA,NA,NA,NA,NA,NA,NA,NA,NA,NA,NA,NA,NA,NA,NA,NA,NA,NA,NA,NA,NA,NA,NA,NA,NA,NA,NA,NA,NA,NA,NA,NA,NA,NA,NA,NA,NA,NA,NA,NA,NA,NA,NA,NA,NA,NA,NA,NA,NA,NA,NA,NA,NA,NA,NA,NA,NA,NA,NA,NA,NA,NA,NA,NA,NA,NA,NA,NA,NA,NA,NA,NA,NA,NA,NA,NA,NA,NA,NA,NA,NA,NA,NA,NA,NA,NA,NA,NA,NA,NA,NA,NA,NA,NA,NA,NA,NA,NA,NA,NA,NA,NA,NA,NA,NA,NA,NA,NA,NA,NA,NA,NA,NA,NA,NA,NA,NA,NA,NA,NA,NA,NA,NA,NA,NA,NA,NA,NA,NA,NA,NA,NA,NA,NA,NA,NA,NA,NA,NA,NA,NA,NA,NA,NA,NA,NA,NA,NA,NA,NA,NA,NA,NA,NA,NA,NA,NA,NA,NA,NA,NA,NA,NA,NA,NA,NA,NA,NA,NA,NA,NA,NA,NA,NA,NA,NA,NA,NA,NA,NA,NA,NA,NA,NA,NA,NA,NA,NA,NA,NA,NA,NA,NA,NA,NA,NA,NA,NA,NA,NA,NA,NA,NA,NA,NA,NA,NA,NA,NA,NA,NA,NA,NA,NA,NA,NA,NA,NA,NA,NA,NA,NA,NA,NA,NA,NA,NA,NA,NA,NA,NA,NA,NA,NA,NA,NA,NA,NA,NA,NA,NA,NA,NA,NA,NA,NA,NA,NA,NA,NA,NA,NA,NA,NA,NA,NA,NA,NA,NA,NA,NA,NA,NA,NA,NA,NA,NA,NA,NA,NA,NA,NA,NA,NA,NA,NA,NA,NA,NA,NA,NA,NA,NA,NA,NA,NA,NA,NA,NA,NA,NA,NA,NA,NA,NA,NA,NA,NA,NA,NA,NA,NA,NA,NA,NA,NA,NA,NA,NA,NA,NA,NA,NA,NA,NA,NA,NA,NA,NA,NA,NA,NA,NA,NA,NA,NA,NA,NA,NA,NA,NA,NA,NA,NA,NA,NA,NA,NA,NA,NA,NA,NA,NA,NA,NA,NA,NA,NA,NA,NA,NA,NA,NA,NA,NA,NA,NA,NA,NA,NA,NA,NA,NA,NA,NA,NA,NA,NA,NA,NA,NA,NA,NA,NA,NA,NA,NA,NA,NA,NA,NA,NA,NA,NA,NA,NA,NA,NA,NA,NA,NA,NA,NA,NA,NA,NA,NA,NA,NA,NA,NA,NA,NA,NA,NA,NA,NA,NA,NA,NA,NA,NA,NA
YE,Yemen,0.347829974,0.347829974,0.347829974,0.347829974,0.347829974,0.347829974,0.347829974,0.347829974,0.347829974,0.347829974,0.353724848,0.328331543,0.339732619,0.338469432,0.408884029,0.419151475,0.413094654,0.431556623,0.367296015,0.395831093,0.378956206,0.399491097,0.390486839,0.385693205,0.379328178,0.379585944,0.379585944,160,160,160,160,160,160,160,160,160,160,139,127,117,122,89,84,85,81,114,105,111,113,116,117,120,119,119,0.313507725,0.313507725,0.304430849,0.295353974,0.292850126,0.290346278,0.282223477,0.274100675,0.280310932,0.268441846,0.2852167,0.309590607,0.30692638,0.285477483,0.254737631,0.245292157,0.221205563,0.227929594,0.23297434,0.193770676,0.182442651,0.129710826,0.124354858,0.110019474,0.114837002,0.1126476,0.108131006,164,164,164,166,166,168,171,176,171,172,166,163,165,168,179,180,187,186,182,185,189,189,190,190,189,189,190,0.284932275,0.284940572,0.28192577,0.280594184,0.281859399,0.281400958,0.279149333,0.277192618,0.279630024,0.276058386,0.284513735,0.284161078,0.289025739,0.282739881,0.297625674,0.299127383,0.289187709,0.299290883,0.280938515,0.27778912,0.267710433,0.257399005,0.252663404,0.246432045,0.246044044,0.24525205,0.243635289,167,166,170,173,173,172,173,173,170,175,159,150,150,155,148,142,148,142,157,162,166,178,178,179,181,181,182,0.193459125,0.193484017,0.193516488,0.198598604,0.204898097,0.206026622,0.207394549,0.209647206,0.210749166,0.211903337,0.214599658,0.214561085,0.220418217,0.224272729,0.229255362,0.232938517,0.233262911,0.238386431,0.24254519,0.243765589,0.241732442,0.242995092,0.243148516,0.243583455,0.243966953,0.243522605,0.243188918,112,111,111,105,103,106,111,113,115,119,119,127,125,129,129,132,137,136,135,135,141,141,143,145,147,148,150,,,,,,,,,,,,,,,,,,,,,,,,,,,,,,,,,,,,,,,,,,,,,,,,,,,,,,,,,,,,,,,,,,,,,,,,,,,,,,,,,,,,,,,,,,,,,,,,,,,,,,,,,,,,,,,,,,,,,,,,,,,,,,,,,,,,,,,,,,,,,,,,,,,,,,,,,,,,,,,,,,,,,,,,,,,,,,,,,,,,,,,,,,,,,,,,,,,,,,,,,,,,,,,,,,,,,,,,,,,,,,,,,,,,,,,,,,,,,,,,,,,,,,,,,,,,,,,,,,,,,,,,,,,,,,,,,,,,,,,,,,,,,,,,,,,,,,,,,,,,,,,,,,,,,,,,,,,,,,,,,,,,,,,,,,,,,,,,,,,,,,,,,,,,,,,,,,,,,,,,,,,,,,,,,,,,,,,,,,
ZM,Zambia,0.402244198,0.402244198,0.402244198,0.402244198,0.402244198,0.402244198,0.402244198,0.402244198,0.402244198,0.402244198,0.379053374,0.35029157,0.349740949,0.353239007,0.352817944,0.334194028,0.340121292,0.338372263,0.347279354,0.395636757,0.359133881,0.413256601,0.416139259,0.426924936,0.419886479,0.413828982,0.413828982,110,110,110,110,110,110,110,110,110,110,117,113,113,114,114,124,120,124,125,106,120,105,102,97,97,101,101,0.396950811,0.396950811,0.410969767,0.424988722,0.416664675,0.408340628,0.400138314,0.391935999,0.424173161,0.420891612,0.410586373,0.426639187,0.440835487,0.455027479,0.449256365,0.444169697,0.454921344,0.474162828,0.465414765,0.451434231,0.454385206,0.444284309,0.436596447,0.426107858,0.40698242,0.390695933,0.404942415,134,134,127,122,124,126,129,132,114,116,118,114,105,95,102,104,98,93,97,102,98,106,116,119,128,131,130,0.309571288,0.309655113,0.311819175,0.313990436,0.31470622,0.315588654,0.316464754,0.317245259,0.331745409,0.31470392,0.304184167,0.300596307,0.30645887,0.31328695,0.311378046,0.304164519,0.311511813,0.317793454,0.31815778,0.32999583,0.319427876,0.33428614,0.333005774,0.333576743,0.325200227,0.318268601,0.323668187,141,141,138,136,136,136,138,139,125,141,150,137,133,131,136,140,132,133,132,126,132,126,132,133,141,145,141,0.129518855,0.129770331,0.12224356,0.114738386,0.125209788,0.136181135,0.14701175,0.157555578,0.168818867,0.120975951,0.122912754,0.124858163,0.128800174,0.131594366,0.132059827,0.134129832,0.139492802,0.14084527,0.141779221,0.142916502,0.144764542,0.14531751,0.146281617,0.147697437,0.148731784,0.150280887,0.152233165,163,166,173,176,174,167,159,154,147,184,184,186,186,186,187,187,187,189,189,189,190,190,190,190,190,191,191,,,,,,,,,,,,,,,,,,,,,,,,,,,,,,,,,,,,,,,,,,,,,,,,,,,,,,,,,,,,,,,,,,,,,,,,,,,,,,,,,,,,,,,,,,,,,,,,,,,,,,,,,,,,,,,,,,,,,,,,,,,,,,,,,,,,,,,,,,,,,,,,,,,,,,,,,,,,,,,,,,,,,,,,,,,,,,,,,,,,,,,,,,,,,,,,,,,,,,,,,,,,,,,,,,,,,,,,,,,,,,,,,,,,,,,,,,,,,,,,,,,,,,,,,,,,,,,,,,,,,,,,,,,,,,,,,,,,,,,,,,,,,,,,,,,,,,,,,,,,,,,,,,,,,,,,,,,,,,,,,,,,,,,,,,,,,,,,,,,,,,,,,,,,,,,,,,,,,,,,,,,,,,,,,,,,,,,,,,
ZW,Zimbabwe,0.358712819,0.358712819,0.358712819,0.358712819,0.358712819,0.358712819,0.358712819,0.358712819,0.358712819,0.358712819,0.346825902,0.305723729,0.306371517,0.264653945,0.235859751,0.189672439,0.175550653,0.183971902,0.188441641,0.199227318,0.197089616,0.249430918,0.251374283,0.2537711,0.250663234,0.26026501,0.26026501,151,151,151,151,151,151,151,151,151,151,145,140,140,162,170,176,178,176,176,176,181,175,176,178,176,175,175,0.388184166,0.388184166,0.374875428,0.36156669,0.302729417,0.243892144,0.223445496,0.202998848,0.216255794,0.197548272,0.172937865,0.201336504,0.182065298,0.1822483,0.17901851,0.186360179,0.197752938,0.21648559,0.222105742,0.226226658,0.253990249,0.251146906,0.252551813,0.262949901,0.251513348,0.247567592,0.255816233,139,139,141,146,164,181,185,187,184,187,189,188,188,187,189,189,188,187,183,182,180,178,178,176,178,179,175,0.277389449,0.276114874,0.271681657,0.267248978,0.247771943,0.228280896,0.221576352,0.21486431,0.219475962,0.213359815,0.201466544,0.197386002,0.191689898,0.178361806,0.170212637,0.16139147,0.160962723,0.171134797,0.175576231,0.182036556,0.193455405,0.208638618,0.21062211,0.215088991,0.210665921,0.213271356,0.217533679,171,172,178,179,183,190,190,190,190,191,192,187,188,189,190,189,190,189,189,189,189,189,188,188,188,188,188,0.085271363,0.081447637,0.081456724,0.081467426,0.081873592,0.082237725,0.082570742,0.082881264,0.083459274,0.083818354,0.084635867,0.085097775,0.086632878,0.088183173,0.095759651,0.108141793,0.109584578,0.1129469,0.116181309,0.120655693,0.129286351,0.12533803,0.127940233,0.128545973,0.129821181,0.131981465,0.136519794,190,191,192,192,192,192,192,192,192,192,192,192,192,192,192,192,192,191,191,191,191,191,191,191,192,192,192,,,,,,,,,,,,,,,,,,,,,,,,,,,,,,,,,,,,,,,,,,,,,,,,,,,,,,,,,,,,,,,,,,,,,,,,,,,,,,,,,,,,,,,,,,,,,,,,,,,,,,,,,,,,,,,,,,,,,,,,,,,,,,,,,,,,,,,,,,,,,,,,,,,,,,,,,,,,,,,,,,,,,,,,,,,,,,,,,,,,,,,,,,,,,,,,,,,,,,,,,,,,,,,,,,,,,,,,,,,,,,,,,,,,,,,,,,,,,,,,,,,,,,,,,,,,,,,,,,,,,,,,,,,,,,,,,,,,,,,,,,,,,,,,,,,,,,,,,,,,,,,,,,,,,,,,,,,,,,,,,,,,,,,,,,,,,,,,,,,,,,,,,,,,,,,,,,,,,,,,,,,,,,,,,,,,,,,,,,
